0.000000000,0.241711,0,0,0,0.0626106,1,0.115137,0.0514347,0.303099,0.573756,0.540062,0.399214,0.310249,0.0123587,0.927485,0,0.604672,0.39318,0.192434,0.183036,0.700463,0.164062,0.900155,0.76267
0.042666666,0.000802874,0,0,0.0623053,0.135066,0.972633,0.115454,0,0.148924,0.561193,0.605165,0.391493,0.300808,0.318653,0.714955,0.0843306,0.585583,0.355587,0.109321,0.0044976,0.620874,0.174806,0.868551,1
0.085333333,0.000477993,0,0,0.11968,0.051756,0.732906,0.136168,0,0.0968338,0.410906,0.400797,0.523652,0.127778,0.567759,0.416858,0.161987,0.298741,0.287838,0.0857491,0.00856789,0.289314,0.207599,0.612408,1
0.128000000,0.000788127,0,0.112402,0.160089,0.153573,0.360187,0.316731,0.06626,0.300811,0.460495,0.490813,0.824827,0.15385,0.984919,0.553825,0.542939,0.407573,0.204001,0.180482,0.254512,0.299555,0.409282,0.802187,1
0.170666666,0,0,0.17877,0.130316,0.369467,0.106251,0.359443,0.225877,0.478074,0.0504482,0.429139,0.296453,0.0520536,0.737123,0.395247,0.639507,0.613494,0.267681,0.239894,0.285693,0.146598,0.810929,1,0.218611
0.213333333,0.173914,0.157201,0,0.371636,0.324118,0.0171953,0.0343219,0.427371,0.496609,0,0.239603,0.027952,0.165517,0.445773,0.307217,0.705658,0.688995,0.00359871,0.305372,0.156561,0.189168,0.824238,1,0.0425749
0.256000000,0.0438889,0.343822,0,0.812818,0.154847,0.00957915,0.0185568,0.614396,0.423706,0,0.313753,0.0483234,0.0571178,0.529237,0.511297,0.960325,0.491207,0.00200477,0.518155,0.353937,0.285387,0.709758,1,0.0402815
0.298666666,0,0.14322,0.201162,0.763238,0.0976204,0.00866299,0.482207,0.529888,0.442008,0.119706,0.898036,0,0.0337769,0.559409,0.301509,1,0.611733,0.00946827,0.593947,0.501523,0.565359,0.395927,0.96564,0.103574
0.341333333,0,0,0.464893,0.439626,0.0749855,0.0366918,0.651149,0.133501,0.303135,0.00635014,1,0.00123389,0.0480144,0.289465,0.598096,0.663688,0.120782,0.0125471,0.300359,0.524336,0.269596,0.528283,0.768559,0.167354
0.384000000,0,0,0.485762,0.256144,0.0136971,0.0487888,0.419138,0.122495,0.227761,0.00591868,1,0,0,0.149915,0.765795,0.358596,0.00281199,0.197971,0.177437,0.791844,0.0884435,0.425838,0.75925,0.00015265
0.426666666,0.00035275,0,0.635941,0.0731148,0.0611971,0.0128033,0.258981,0.159645,0.260339,0.00485085,0.891905,0.000154843,0.592454,0.0190372,0.666384,0.340836,0.184569,0.0496236,0.121626,0.562222,0.120969,0.00185268,1,0.00618075
0.469333333,0.00221317,0.0034634,0.233178,0,0.0184717,0.093389,0.149573,0.115106,0.0926963,0.00173993,0.302281,0.0767638,1,0.00327119,0.0704187,0,0.0709778,0.0560543,0.0496239,0.29388,0.088622,0.00116369,0.227236,0.0776423
0.512000000,0.00241639,0,0.0807679,0,0.0140692,0.184637,0.0840364,0.0941871,0.0882014,0,0.277488,0.180663,1,0,0.0243916,0,0.0609034,0.263201,0.0317268,0.318588,0.056965,0.000219265,0.210932,0.101673
0.554666666,0.00234306,0,0,0,0.00997209,0.217081,0.0319935,0.0834773,0.111289,0.00526898,0.241649,0.167568,1,0,0,0,0.0774212,0.324614,0.0122707,0.316822,0.0430574,0.00124494,0.185264,0.0959772
0.597333333,0.00238743,0,0,0.00977056,0.0326304,0.171848,0.0228968,0.070789,0.110982,0,0.190411,0.101163,1,0.00268618,0,0.00818115,0.107237,0.347289,0.00932185,0.305721,0.0252102,0,0.146741,0.0711145
0.640000000,0.00245933,0,0,0.00131598,0.0841435,0.0984543,0.0129391,0.0752284,0.11483,0,0.177003,0.104166,1,0.00512341,0,0.00178119,0.14536,0.34992,0.0049096,0.297139,0.0260844,0,0.126905,0.0619058
0.682666666,0.00241815,0.000624547,0.0089258,0,0,0.0851712,0.0160782,0.0769907,0.0908866,0.0043817,0.153821,0.162673,1,0.00438073,0.00257975,0,0.1369,0.35941,0.00344388,0.307882,0.0206455,0.00103156,0.0954747,0.0992668
0.725333333,0.00242473,0,0.136616,0,0.035416,0.0739641,0.0509713,0.0579415,0.0934581,0.00122245,0.128952,0.143572,1,0,0.0411142,0,0.196967,0.357102,0.0109179,0.316797,0.0212296,0.000287795,0.0801253,0.0750591
0.768000000,0.00274689,0.00191855,0.122632,0,0.00589885,0.0201804,0.14182,0.0644292,0.071321,0.0977066,0.146162,0.117297,1,0.000380612,0.0370058,0,0.132185,0.313486,0.0577384,0.292815,0.016201,0.0230026,0.0859485,0.0352705
0.810666666,0.00301883,0.00266409,0.0669048,0.0358469,0.00375264,0,0.144327,0.0607807,0.00477653,0.119118,0.152601,0.0809424,1,0.000528514,0.020205,0.0158031,0.127855,0.317411,0.0587588,0.287068,0.00108502,0.0280434,0.0581818,0.0511217
0.853333333,0.0524824,0,0,0.0324328,0,0,0.049022,0.239453,0.0938692,0.119821,0.128566,0.058308,1,0,0,0.043898,0.131653,0.352425,0.019958,0.374226,0.021323,0.0282089,0.0624447,0.0409889
0.896000000,0.121742,0,0,0.0609472,0,0,0,0.325491,0.11303,0.111133,0.0879469,0.0568012,1,0,0,0.073786,0.129803,0.360151,0,0.391381,0.0256754,0.0261636,0.0479676,0.0399297
0.938666666,0.181609,0,0,0.0670881,0,0.00340055,0,0.333151,0.101407,0.114921,0.0833695,0.0391351,1,0,0,0.0812889,0.127763,0.338861,0,0.375425,0.0230352,0.0270554,0.0463063,0.0275109
0.981333333,0.205766,0.000827097,0.000245144,0.0541733,0,0.00665173,0.00515665,0.294513,0.0542616,0.122519,0.0755721,0.0266197,1,0.000164083,4.9003e-05,0.0733239,0.127408,0.312351,0.00110453,0.355456,0.0123259,0.0288441,0.0420592,0.0187129
1.024000000,0.201753,0.00217391,0.0310378,0.0686703,0,0.0090483,0.00127033,0.221561,0.0261736,0.12301,0.0714033,0.0335439,1,0.00043127,0.0093733,0.0929457,0.126875,0.292682,0.0002721,0.324872,0.00594549,0.0289597,0.0401536,0.0235804
1.066666666,0.188494,0,0.0378189,0.0763739,0,0,0.102941,0.0483744,0.0861489,0.112615,0.176602,0,1,0,0.0114211,0.103372,0.131425,0.259422,0.0419096,0.298269,0.0195693,0.0265125,0.0962004,0
1.109333333,0.22641,0,0.0898167,0.0691368,0,0.0114205,0.199667,0,0.123305,0.10618,0.189739,0,1,0,0.0271243,0.0935771,0.138444,0.255284,0.0812891,0.292671,0.0280095,0.0249974,0.107427,0
1.152000000,0.257921,0,0.0527723,0.120494,0,0.0373707,0.174652,0.000262137,0.1408,0.135278,0.0418943,0,1,0,0.015937,0.0854732,0.146124,0.299834,0.0711052,0.288577,0.0319837,0.0336583,0.0246812,0
1.194666666,0.282414,0,0,0.310523,0,0.0307115,0.173258,0.0059768,0.125319,0.107678,0.002745,0,1,0,0,0.100116,0.137988,0.301575,0.0705375,0.264019,0.028467,0.0253502,0.00118688,0
1.237333333,0.242017,0,0,0.254629,0.0105465,0.057266,0.164728,0.00460266,0.112314,0.084364,0.123682,0,1,0,0,0.0820953,0.135738,0.298602,0.0627538,0.291335,0.0255129,0.0198614,0.0562876,0
1.280000000,0.302462,0,0,0.181124,0,0.0653388,0.162638,0.00108952,0.0910927,0.0796752,0.138039,0,1,0,0,0.0583963,0.127086,0.298881,0.0587532,0.271431,0.0206923,0.0187575,0.0647945,0
1.322666666,0.34784,0,0.00300212,0.0802756,0,0.00763916,0.173065,0.0268556,0.180483,0.0183512,0.0323008,0,1,0,0.000600108,0.0243701,0.137922,0.307292,0.068117,0.29605,0.0409979,0.00432035,0.0203644,0
1.365333333,0.329827,0,0.00190602,0.142553,0,0.0197176,0.00268081,0.10141,0.210963,0.00644366,0,0,1,0,0.000381002,0.0444751,0.134895,0.317636,0.00455933,0.322613,0.0479216,0.00245873,0.000360794,0
1.408000000,0.206512,0,1.96016e-05,0.130567,0.0408942,0.0136636,0.00103092,0.101454,0.21468,0.0366969,0,0,1,0,3.91826e-06,0.0411481,0.165607,0.331616,0.00998238,0.390181,0.0487659,0.0100758,0.00028132,4.93018e-05
1.450666666,0.0103108,0,0,0.0738237,0.0730443,0,0,0.16092,0.1673,0.0843322,0.0939125,0.152042,1,0,0,0.0227055,0.159029,0.273667,0.00245004,0.519701,0.0380032,0.0199351,0.0546533,0.107203
1.493333333,0.0037384,0,0,0.0383333,0.087624,0.0845248,0,0.126783,0.166513,0.0872007,0.121996,0.208176,1,0,0.013768,0.0276075,0.0303392,0.423125,0.0112282,0.453519,0.0378245,0.032669,0.0658054,0.146733
1.536000000,0.00450831,0,0,0.0421474,0.114649,0.116362,0,0.0601782,0.199898,0.0659994,0.209132,0.244058,1,0,0.0110611,0.0627506,0.0396964,0.887058,0.00839361,0.177313,0.045408,0.0155379,0.169907,0.171938
1.578666666,0.00520757,0,0.00307029,0,0.101726,0.0965895,0,0.0573434,0.225137,0.0312716,0.216693,0.294751,1,0,0.189877,0.0626355,0.0352219,0.872482,0.00408055,0.177537,0.0511412,0.00737114,0.319485,0.267794
1.621333333,0.00515268,0,0.00929828,0,0.047166,0.0538364,0.0319138,0.10882,0.220813,0.0365476,0.150362,0.3243,1,0,0.352127,0.0501016,0.0163309,0.787408,0.0724018,0.28278,0.050159,0.0505501,0.282394,0.401807
1.664000000,0.00437269,0,0,0,0.026805,0.013659,0.177693,0.0896534,0.169659,0.0393854,0.0939246,0.254702,1,0,0.29944,0.000433503,0.075999,0.658388,0.177148,0.286897,0.038539,0.0116976,0.130302,0.317718
1.706666666,0.00325539,0,0,0.12729,0.0401324,0.00782951,0.125857,0.0495769,0.129917,0.0364751,0.119264,0.182234,1,0,0.155859,0.0410396,0.0982146,0.437331,0.110464,0.298327,0.0295114,0.0094668,0.0737167,0.197839
1.749333333,0.00304464,0,0,0.15798,0.0415636,0.036781,0.0219727,0.0215183,0.142221,0.0546172,0.166054,0.136466,1,0.0033821,0.0791147,0.0509345,0.0813659,0.368751,0.00894561,0.378374,0.0323063,0.0137735,0.110229,0.128507
1.792000000,0.00302724,0,0.00251418,0.0472498,0.00591578,0.144632,0,0.0254485,0.144037,0.03721,0.223719,0.0854308,1,0.00703016,0.0517366,0.0152339,0.0407175,0.428996,0,0.473522,0.0327189,0.0096246,0.148297,0.0704999
1.834666666,0.00274668,0,0,0,0.0786543,0.169777,0,0.0667897,0.143078,0.00130494,0.227502,0.0714684,1,0.0217227,0.0458239,0,0.0632636,0.441107,0,0.544056,0.032501,0.000850616,0.140624,0.0529244
1.877333333,0.00253537,0,0,0,0.193097,0.186272,0,0.0818529,0.134109,0,0.201821,0.0783149,1,0.00173387,0.0639132,0,0.0992655,0.38037,0,0.510711,0.0304636,5.55494e-05,0.124798,0.0566572
1.920000000,0.0407466,0,0.000847886,0.000845862,0.221292,0.0597965,5.63775e-06,0.0757544,0.137709,0.000487604,0.180049,0.0352177,1,0,0.0536242,0.00114488,0.104849,0.327518,1.57469e-05,0.430884,0.0312814,0.00437797,0.11138,0.0247694
1.962666666,0.154094,0,0,0.0253353,0.216586,0.0477735,0,0.0877333,0.155505,0.00156125,0.113866,0.0179402,1,0,0.0568753,0.0270212,0.102533,0.372286,0,0.388653,0.0353239,0.0140177,0.0705214,0.0154887
2.005333333,0.198314,0,0,0.0464877,0.047825,0.238677,0.0191505,0.075418,0.135514,0.066129,0.105942,0.00349194,1,0,0.0590167,0.0527553,0.0444831,0.416461,0.00410197,0.422707,0.0307828,0.015634,0.065663,0.00245473
2.048000000,0.232155,0,0,0.0467438,0,0.225829,0.0480287,0.0528954,0.0774934,0.105942,0.191007,0,1,0,0.0307058,0.063268,0.0334192,0.354329,0.0176949,0.435764,0.0176031,0.0255634,0.118279,0
2.090666666,0.302379,0,0,0,0.0659236,0.225885,0.048133,0.0769372,0.120053,0.0905307,0.163756,0,1,0,0,0,0.191651,0.347066,0.119478,0.364892,0.0272707,0.0224907,0.101468,0
2.133333333,0.304514,0.000810183,0.00230828,0,0,0.266801,0.0703995,0.112434,0.151098,0.0770707,0.303652,0,1,0.000160728,0.000461413,0.01891,0.22237,0.428938,0.185038,0.306872,0.0343229,0.0531618,0.281057,0.0444486
2.176000000,0.253689,0,0.168259,0,0,0.22374,0.296325,0.179199,0.2325,0.0566106,0.517496,0,1,0,0.0508134,0.0350693,0.2399,0.417702,0.203588,0.285087,0.0528138,0.0889516,0.60122,0.146592
2.218666666,0.231862,0,0.24154,0,0.0205885,0.441767,0.378902,0.200878,0.290844,0.0243747,0.528898,0.0596384,1,0,0.0729441,0.0468042,0.284714,0.29125,0.168593,0.418013,0.0660669,0.102431,0.68864,0.306271
2.261333333,0.168175,0,0.00160706,0,0.222949,0.503069,0.14747,0.181563,0.223392,0.0768908,0.185654,0.135063,1,0,0.000321242,0.0409215,0.368388,0.205543,0.162173,0.413988,0.0508232,0.0995911,0.376909,0.148999
2.304000000,0.0410157,0,0.00260838,0,0.143223,0.567454,0.0397159,0.189516,0.233376,0.152127,0,0.387781,1,0.00153221,0.00242356,0.0357895,0.374877,0.221648,0.111219,0.755389,0.0539739,0.0905756,0.227255,0.272599
2.346666666,0.00383084,0,0.00267853,0.218962,0,0.356624,0,0.150264,0.224387,0.184433,0,0.338519,0.740998,0.00151116,0.136981,0.0919415,0.183905,0.140024,0,1,0.0563655,0.0790087,0.0684832,0.23797
2.389333333,0.00343135,0,0,0.190851,0,0.331657,0,0.119978,0.245001,0.153935,0,0.332316,0.587708,0.00331596,0.149288,0.150659,0.240453,0.124101,0,1,0.0561399,0.101539,0.191505,0.276951
2.432000000,0.00347981,0,0.000757846,0.0629335,0.0435631,0.384772,0.000795961,0.156432,0.276345,0.00318966,0.00266983,0.338578,0.532022,0.089734,0.251278,0.113144,0.257605,0.143976,0.000170492,1,0.0774984,0.0417839,0.284184,0.211253
2.474666666,0.00223135,0,0,0.0453752,0.00258833,0.541744,0.0205889,0.155905,0.24435,0,0.0459873,0.330099,0.30282,0.14101,0.294569,0.0878323,0.22635,0.202712,0.0226746,1,0.0807768,0,0.233283,0.216018
2.517333333,0.00223014,0.00591622,0,0,0,0.473734,0.100577,0.145724,0.197594,0,0.165635,0.156367,0.334608,0.0905715,0.385466,0.0681469,0.206493,0.176647,0.0312705,1,0.098064,0,0.406195,0.255661
2.560000000,0.00196145,0.119631,0.0759878,0,0.00180183,0.443966,0.106381,0.181946,0.13606,0,0.21829,0,0.312856,0.12665,0.378376,0.0528001,0.374094,0.163782,0.0247985,1,0.0325713,0,0.443685,0.189959
2.602666666,0.00528638,0.000918804,0.074968,0,0.0223951,0.252949,0.139726,0.228094,0.0940384,0,0.111864,0,0.00420632,0.00316048,0.389737,0.00184317,0.180056,0.11079,0.063756,1,0.093159,0,0.16196,0.0887708
2.645333333,0.0954158,0,0,0,0.159531,0.00644671,0.146677,0.265014,0.118954,0,0.248166,0.0356721,0.0772137,0.0730124,0.600003,0.00192308,0.0878961,0.0013492,0.0615375,1,0.0808117,0,0.225687,0.246337
2.688000000,0,0,0,0,0.326621,0,0.107599,0.233041,0.134107,0,0.148755,0.227374,0.0799243,0.131491,0.587773,0,0.116422,0,0.0418216,1,0.0452453,0,0.13347,0.274639
2.730666666,0,0,0.00240458,0.0159781,0.174081,0.259864,0.0271546,0.248282,0.120373,0,0.0203376,0.29946,0.844103,0.171419,0.505249,0.00323051,0.0602743,0.0972372,0.00660901,1,0.0273434,0,0.0148067,0.232969
2.773333333,0,0,0.00570516,0.0174765,0.041693,0.248931,0.0585397,0.220261,0.13458,0,0,0.307977,1,0.115028,0.28296,0.0278846,0.0365185,0.0889493,0.012539,0.947817,0.0305707,0,0,0.216499
2.816000000,0,0,0.0434195,0.0233703,0.0802222,0.150234,0.0702409,0.187299,0.051102,0.130571,0,0.288949,1,0,0.120182,0.0375497,0.0277764,0.0479022,0.0150453,0.908576,0.0116081,0.0307397,0,0.203123
2.858666666,0.000213373,0,0.0887652,0.139132,0.0748288,0.0294292,0,0.274447,0,0.128306,0.0103769,0.150255,1,0,0.293848,0.0421467,0.0153622,0.00615908,0.00230517,0.865935,0,0.0302065,0.00254318,0.105625
2.901333333,0.00318245,0,0.0984171,0.178327,0.0763621,0.00488319,0.100379,0.287505,0.0609462,0.148508,0.0256336,0.183804,0.950438,0,0.864806,0.055429,0.0156769,0.00102198,0.0592322,1,0.0138443,0.0349624,0.0062823,0.129209
2.944000000,0.00755648,0.00033211,0.0466661,0.267112,0.0645157,0.00770968,0.157287,0.299503,0.122207,0.109055,0.0400542,0.126713,0.62912,6.58855e-05,1,0.0861201,0.0132449,0.00161352,0.0859854,0.958498,0.0277601,0.0256743,0.00981653,0.0890758
2.986666666,0.000183346,0.00145394,0.0924933,0.238609,0,0.0185142,0.0426518,0.198811,0.120196,0.111234,0.0337791,0.30104,0.43808,0.000288439,1,0.0769303,0,0.00387475,0.0301207,0.902999,0.0273033,0.0261873,0.00827861,0.211623
3.029333333,9.1398e-05,0,0.0406375,0.0802198,0,0.0277107,0.107243,0.283042,0.0337222,0.145411,0.0464645,0.315081,0.449221,0,1,0.0258638,0,0.00579942,0.0434382,0.953057,0.00766022,0.0342334,0.0113876,0.221493
3.072000000,0.000748984,0,0,0,0.0387647,0.0528862,0.131037,0.287655,0,0.121658,0.0478776,0.22993,0.616709,0,0.980589,0.00104627,0.00795829,0.0110683,0.0487423,1,0,0.0286413,0.0117339,0.161635
3.114666666,0.00186098,0.000870443,0,0,0.0752847,0.0288321,0.268055,0.265184,0,0.11662,0.0880804,0.129988,0.776821,0.000172683,0.871516,0,0.0154557,0.00603412,0.122033,1,0,0.0274825,0.0348725,0.0913779
3.157333333,0.0022129,0.0168466,0.00329672,0,0.0550267,0,0.299438,0.201632,0.145747,0.101552,0.22729,0.0538201,0.827941,0.0141618,0.755965,0,0.0112968,0,0.143821,1,0.0331072,0.0243111,0.122327,0.037834
3.200000000,0.00160633,0.106716,0.000214842,0.157043,0.0236156,0,0.190418,0.19263,0.113024,0.0855953,0.130388,0,0.80834,0.0969614,0.599779,0.0506323,0.00484822,0,0.0981216,1,0.0256741,0.0207444,0.0714426,0
3.242666666,0.000692272,0.143124,0.00329073,0.215183,0.00980461,0,0.0402086,0.506711,0.0554712,0.143583,0.0394345,0.0233729,0.73149,0.130733,0.553159,0.0693775,0.00201286,0,0.0336928,1,0.0126503,0.0344419,0.0172167,0.00599064
3.285333333,0.0956696,0.149519,0.00367208,0.0483002,0.011713,0,0,0.586287,0.0465265,0.0993135,0.131666,0.0702512,0.755965,0.141067,0.548382,0.0097655,0.00240464,0,0.0161383,1,0.0107676,0.0242179,0.0322688,0.0180059
3.328000000,0.28463,0,0.00186525,0.0435665,0.0274463,0.0127155,0.0617216,0.423606,0.147129,0,0.214718,0.0714293,0.917244,0,0.546503,0.00880843,0.00563465,0.00266117,0.0436537,1,0.0726091,0.00110815,0.0526232,0.0183079
3.370666666,0.352554,0,0.00168697,0.0921564,0.0251277,0.0495668,0.0914302,0.275772,0.356722,0,0.0225715,0.0822038,0.979521,0,0.532651,0.0272537,0.00515865,0.0103736,0.03918,1,0.175844,0.00145041,0.00553186,0.0210694
3.413333333,0.281568,0,0.153576,0.146273,0,0.0131807,0.0879359,0.309713,0.345421,0,0,0,0.943254,0,0.544669,0.0471601,0,0.00275851,0.0384965,1,0.164282,0.00101479,0,0
3.456000000,0.0823607,0,0.223311,0.0590602,0,0.00119456,0.0938799,0.269898,0.332196,0,0,0.0146026,0.797073,0,0.508925,0.0190417,0,0.000250004,0.0475665,1,0.123474,0.000864507,0,0.0102652
3.498666666,0.000722933,0.0257454,0.240273,0.0118326,0,0,0.108891,0.241792,0.271713,0,0.16675,0,0.75504,0.0234016,0.451899,0.00239236,0,0,0.0579461,1,0.0877799,0.00603419,0.103068,0
3.541333333,0.000540816,0.00188815,0.214279,0,0,0,0.0564389,0.240471,0.133624,0,0.32631,0,0.739301,0.000374579,0.415963,0,0,0,0.0402472,1,0.0303535,0.00884195,0.201691,0
3.584000000,0.0638479,0.0564986,0.155365,0,0,0,0.0643234,0.424654,0.154791,0.00367345,0.277753,0,0.775864,0.0160175,0.392783,0,0,0,0.0430296,1,0.0353485,0.0107307,0.171678,0
3.626666666,0.138228,0.030336,0.117435,0,0,0.0227431,0.123751,0.555107,0.144162,0.088743,0.150394,0.0258236,0.830967,0.00862906,0.384628,0,0,0.00475978,0.0554,1,0.033265,0.0208923,0.0771459,0.0181533
3.669333333,0,0,0,0,0,0.15305,0.0329948,0.500453,0.157883,0.149629,0,0.114337,0.694398,0,0.483148,0.127388,0,0.0465241,0.0264331,1,0.0366838,0.0352264,0,0.0803759
3.712000000,9.54123e-05,0.00482529,0,0,0,0.0147012,0.0290238,0.815977,0.263069,0.0809026,0.165923,0.359322,0.707808,0.000957263,0.737996,0.0265262,0.00880808,0.00550098,0.180229,1,0.0597577,0.0190465,0.216314,0.264998
3.754666666,0,0.0102989,0,0,0,0,0.0489101,0.690578,0.14494,0.00787941,0.207437,0.309342,0.455096,0.00318137,0.679567,0.0182859,0.0301124,0,0.267552,1,0.0329241,0.00185501,0.251467,0.316166
3.797333333,0,0,0,0,0,0,0.0262969,0.601294,0.059374,0,0.160416,0.243694,0.313797,0.0126154,0.51656,0.00725256,0.0350541,0,0.164856,1,0.0134872,0,0.185184,0.226203
3.840000000,0.00856282,0,0.0148025,0,0,0.0131195,0.0527327,0.670542,0.00875635,0,0.128237,0.201461,0.321715,0.0207644,0.500273,0.0046018,0.0270324,0.00459553,0.108372,1,0.00198906,0.0188368,0.117842,0.179446
3.882666666,3.42269e-05,0,0.0143989,0,0,0.0181463,0.0636537,0.715661,0,0,0.121547,0.165746,0.327977,0.0154558,0.499864,0.00479939,0,0.0166484,0.022593,1,0,0.0796405,0.0651232,0.161246
3.925333333,0.00017461,0,0,0,0.00440278,0.00820967,0.0470378,0.737069,0,0.00781655,0.138883,0.0761455,0.319285,0.0102474,0.460999,0.0047015,0.000903879,0.0401481,0.0288002,1,0.00598584,0.128309,0.0522754,0.149229
3.968000000,0.158242,0,0,0.00419706,0,0,0.00855777,0.799477,0,0.038388,0.14149,0.0234465,0.256557,0.0136333,0.538028,0.00314748,0.00208547,0.122725,0.0467372,1,0.0132645,0.176717,0.136565,0.150253
4.010666666,0.109177,0.0426548,0,0.0138383,0,0.00797915,0.0504864,0.881389,0,0.175345,0.00236434,0.0878182,0.11661,0.0405734,0.617702,0.00311037,0,0.214665,0.071848,1,0.0212485,0.264308,0.180704,0.164866
4.053333333,0.0497826,0,0,0.0257814,0.00394993,0.0482608,0.0874662,0.988466,0,0.157359,0.00373001,0.0738571,0.0578911,0.031997,0.525726,0.00831222,0.000810911,0.259064,0.0637595,1,0.0237972,0.334711,0.142682,0.129907
4.096000000,0.121767,0,0,0.0362887,0.0150375,0.0620997,0.0982079,0.983777,0,0.168918,0.00353856,0.000641331,0.100775,0.0203956,0.57705,0.0121212,0.00308717,0.309375,0.028325,1,0.0206025,0.418464,0.0401952,0.126702
4.138666666,0.214831,0,0.00655629,0.0213529,0,0.0521949,0.070057,0.969504,0.0619386,0.164979,0,0.00127711,0.17482,0.00192612,0.648218,0.00901605,0,0.304798,0.017007,1,0.0337193,0.426315,0.00350559,0.135887
4.181333333,0.272968,0,0.0293942,0,0,0.0418691,0.0538418,1,0.098501,0.128104,0,0.00141048,0.229256,0,0.615904,0.00554907,0,0.275946,0.0135207,0.95102,0.0425458,0.378272,2.10722e-05,0.123448
4.224000000,0.289806,0,0,0,0,0.0435223,0.0664057,1,0.111277,0.118628,0,0,0.245164,0,0.529633,0.0202109,0,0.251665,0.014496,0.885828,0.0473891,0.338351,0,0.0852643
4.266666666,0.29348,0,0,0,0,0.0482214,0.0857341,1,0.0893293,0.119707,0,0.00167038,0.279282,0.00178892,0.499293,0.0191821,0,0.259369,0.018667,0.877829,0.0443553,0.349903,0,0.121801
4.309333333,0.310822,3.65823e-05,0,0,0.00294918,0.0579151,0.0864223,1,0.0425958,0.1218,0,0.00205875,0.410833,0.00165643,0.458539,0.00753689,0.00060546,0.257885,0.0197221,0.839772,0.0322331,0.350901,0,0.131629
4.352000000,0.170409,0,0,0,0.00433757,0.0501588,0.0706101,1,0.0664087,0.00660747,0.0719276,0.0499702,0.410353,0.00499487,0.470984,0.0131528,0.000890491,0.231087,0.0162194,0.856071,0.0389957,0.275054,0.0176955,0.112722
4.394666666,0.0346061,0.0713086,0,0,0.00528789,0.0174886,0.0653805,1,0.139038,0.00249604,0.148498,0.0577688,0.381442,0.0673512,0.4736,0.0156086,0.0361187,0.157308,0.0400794,0.970104,0.0636961,0.245538,0.0365392,0.1419
4.437333333,0.113757,0.104043,0.000223802,0,0,0,0.00488023,1,0.134318,0.102635,0.027911,0,0.44537,0.103122,0.456522,0.0210149,0.0343486,0.113098,0.0544698,0.958507,0.0750533,0.356282,0.0143908,0.141425
4.480000000,0.174422,0.0398874,0.0521844,0,0,0,0.00121854,1,0.142075,0.116429,0.0207659,0.0136988,0.306281,0.0476367,0.347479,0.0145258,0,0.154438,0.0013266,0.942148,0.0990702,0.389376,0.0195181,0.115274
4.522666666,0.157091,0.0265368,0.0271003,0.00139312,0,0,0,1,0.137892,0.125576,0.0175938,0.0756913,0.144745,0.0238788,0.326941,0.0167559,0,0.118115,0,0.968427,0.107169,0.361523,0.0383687,0.11412
4.565333333,0.0896279,0.0680401,0.0120293,0.00760785,0,0,0.00721897,0.894954,0.139186,0.117883,0.0228581,0.0962193,0.69162,0.019354,0.0644445,0.00153818,0.0384072,0.0144914,0.0188361,1,0.0342645,0.0694151,0.0374358,0.184532
4.608000000,0.00262281,0.0411826,0,0.00522712,0,0.00112911,0.0265176,0.559007,0.121966,0.124417,0.156529,0.180716,1,0.0117144,0.0010906,0.00142664,0.035223,0.0343976,0.128242,0.626059,0.0277053,0.0292908,0.145744,0.127038
4.650666666,0.0124134,0,0,0,0.0278087,0.0146103,0.00723653,0.440036,0.0853585,0.120251,0.201363,0.160525,1,0,0,0,0.0375845,0.0948621,0.0636438,0.536791,0.0193897,0.0283101,0.17703,0.101435
4.693333333,0.00264625,0,0,0.0216681,0.0266676,0.0312656,0.0165717,0.398817,0.0114209,0.141389,0.18029,0.145322,1,0.00207057,0,0.0293279,0.0360199,0.175582,0.00865588,0.51993,0.00259434,0.0332865,0.160644,0.102157
4.736000000,0.00266689,0,0,0.0436821,0.0235218,0.029711,0.0264051,0.387482,0,0.129337,0.169029,0.123188,1,0.00532348,0,0.0591239,0.0339101,0.2518,0.00565588,0.533368,0,0.0304492,0.123238,0.0865981
4.778666666,0.00264551,0,0,0.0353355,0.0380577,0.00682411,0,0.405531,0.0222831,0.130282,0.143206,0.0710696,1,0.0101982,0,0.0390083,0.0353368,0.297955,0,0.544059,0.00506174,0.0306718,0.0972964,0.04996
4.821333333,0.00254588,0,0,0.0168805,0.0264949,0.00118449,0,0.436956,0.0615997,0.128052,0.0958697,0.0759571,1,0.011829,0,0.00341296,0.0319142,0.301065,0,0.54163,0.0139928,0.0301466,0.0549524,0.0533958
4.864000000,0.00267045,0,0,0.021509,0.0222111,0.00172486,0,0.442191,0.0549561,0.11253,0.056731,0.0762282,1,0,0,0.00434877,0.0300811,0.259882,0,0.504888,0.0124836,0.0264925,0.0345253,0.0535863
4.906666666,0.0027485,0,0.000492237,0.0274916,0,0,0,0.468446,0.0552307,0.116455,0.0138718,0.127498,1,0,9.83954e-05,0.00555835,0.0255309,0.274392,0,0.496091,0.012546,0.0274164,0.00657212,0.0896279
4.949333333,0.00274815,0.000440906,0.00421096,0.0121995,0,0,0.00522815,0.503418,0.0782047,0.101506,0.0637005,0.125808,1,8.74689e-05,0.000841748,0.00246653,0.025472,0.291712,0.00111985,0.5136,0.0177647,0.023897,0.0311542,0.0884393
4.992000000,0.00274434,6.09009e-05,0.00561546,0.0108696,0,0.000191003,0.0206006,0.55047,0.0955318,0.0895828,0.0590792,0.133548,1,1.20818e-05,0.0011225,0.00219765,0.025681,0.316614,0.00441258,0.519509,0.0217006,0.0210901,0.0293602,0.0632193
5.034666666,0.0338822,0,0.0380191,0.0207926,0,0,0.00350923,0.556663,0.0338991,0.10614,0.0137264,0.125748,1,0,0.0110273,0.00420392,0.0258588,0.346972,0.000751664,0.517026,0.00770039,0.0249881,0.00369717,0.03223
5.077333333,0.0965683,0,0.0236706,0.0213756,0.00885366,0.00500763,0.0115471,0.49796,0.0460267,0.115457,0.00818064,0,1,0,0.0253143,0.00432181,0.0275759,0.352341,0.00470109,0.47874,0.0104552,0.0271815,0.00234295,0
5.120000000,0.136418,0.0532421,0.0558805,0.00449667,0.016926,0.00735545,0,0.463532,0.0977153,0.0529421,0.0335797,0,1,0.0151447,0.0625926,0.000909154,0.0289726,0.337663,0,0.475764,0.0221966,0.0124639,0.0160846,0
5.162666666,0.117528,0.159593,0.0938245,0,0.0164419,0.00843872,0,0.446737,0.10304,0,0.0223708,0,1,0.045396,0.0742529,0,0.0286783,0.302761,0,0.473832,0.0234062,0,0.0141772,0
5.205333333,0.146953,0.165023,0.144949,0,0.0151277,0.00319279,0,0.423534,0.0908126,0,0,0,1,0.0469407,0.0437739,0,0.0282104,0.307666,0,0.450411,0.0206286,0,0.000345825,0
5.248000000,0.134814,0.178682,0.109119,0.00690274,0.0135919,0.00114437,0,0.400873,0.0610466,0,0,0,1,0.0508261,0.0328169,0.00139562,0.0271507,0.300852,0,0.435495,0.0138671,0,0.000345019,0
5.290666666,0.0681844,0.183019,0.0309446,0.0117916,0.017553,0.00706114,0,0.398534,0.0232469,0,0,0,1,0.051967,0.00922886,0.0113161,0.0270354,0.302625,0,0.447743,0.00528067,0,0.000336625,0
5.333333333,0.0243138,0.0803275,0.000812744,0.0410982,0.00428351,0.0384835,0.04318,0.354809,0.0277844,0,0,0,1,0.0224854,0.000162463,0.0556267,0.0547529,0.336386,0.018223,0.459596,0.0063114,0,0.000307738,0
5.376000000,0.00394766,0.137099,1.3874e-05,0.0566553,0,0.0211594,0.0453682,0.284645,0.00560188,0.00843469,0.0530307,0,1,0.0386878,2.77333e-06,0.0766833,0.0684782,0.297029,0.0274905,0.426071,0.0012725,0.00198574,0.0132518,0
5.418666666,0.00374844,0.0183703,0.0145148,0.0338998,0,0.00331021,0.0496471,0.283798,0.0871236,0.0872483,0,0.146792,1,0.0048971,0.00438342,0.0458836,0.132244,0.205082,0.0108676,0.389552,0.0197907,0.0205405,0.000203176,0.103191
5.461333333,0.00329028,0.00259172,0.00863088,0.0481458,0,0,0,0.303869,0.121238,0.0242622,0.0452833,0.225136,1,0.000514157,0.00222022,0.0666784,0.0361491,0.1805,0.00131807,0.245929,0.02754,0.00728362,0.0279895,0.123659
5.504000000,0.00373263,0,0.00658535,0.0635763,0,0,0,0.297893,0.135683,0.0165994,0.0271157,0.22978,1,0,0.00131637,0.0822372,0,0.446533,0.000559672,0.191604,0.0308212,0.0438575,0.0780393,0.13037
5.546666666,0.00408386,0,0,0.042576,0.0383518,0.0188322,0.013164,0.368116,0.160003,0.056287,0.132892,0.160445,1,0,0,0.0834801,0.00787353,0.559117,0.00281968,0.257268,0.0363458,0.0697876,0.218629,0.0946503
5.589333333,0.00329461,0.00967154,0,0,0.0253326,0.0416306,0.0605602,0.412296,0.0688354,0.10145,0.233384,0.145559,1,0.00275106,0.0438198,0,0.0422224,0.463007,0.0129718,0.405809,0.0156364,0.024881,0.192896,0.114721
5.632000000,0.00279775,0,0,0,0.0719344,0.0318928,0.0654231,0.428282,0.118139,0.0747396,0.286442,0.057675,1,0.000395437,0.0967596,0,0.120492,0.351948,0.0140134,0.525057,0.0268361,0.0183825,0.246336,0.0559618
5.674666666,0.0114139,0,0,0,0.0785109,0,0,0.40334,0.119041,0.0476961,0.321427,0,1,0.00589318,0.102105,0,0.141284,0.217272,0,0.517962,0.027041,0.0120518,0.274091,0.0088649
5.717333333,0.0692262,0,0.0175447,0.0118995,0.0465511,0,0,0.434976,0.119641,0.0557786,0.231239,0.00984079,1,0.00938078,0.109296,0.00240589,0.109779,0.215182,0,0.506148,0.0271773,0.0140529,0.212488,0.00557794
5.760000000,0.0670882,0,0.0471939,0.00805963,0.0181217,0,0,0.528196,0.137016,0.0839182,0.195955,0.0653014,1,0.00966657,0.116914,0.00162952,0.0599747,0.289726,0,0.588429,0.031124,0.0210712,0.172573,0.0459051
5.802666666,0.00234895,0,0.0100756,0,0.007593,0.00759023,0,0.499073,0.140041,0.0901135,0.188675,0.0597179,1,0.00681585,0.0297248,0,0.0289426,0.373807,0,0.590257,0.0318112,0.0230713,0.102508,0.0419801
5.845333333,0.00295118,0,0.0862898,0,0.0230999,0.0131723,0.00176797,0.342636,0.130435,0.105277,0.106273,0,1,0,0.0260591,0,0.0308654,0.41938,0.000378693,0.505863,0.0296291,0.0269126,0.0532095,0.00161526
5.888000000,0.162809,0,0.134581,0,0.0192518,0.00679494,0,0.403845,0.143134,0.0711909,0.0197172,0,1,0,0.0534245,0,0.0299318,0.412469,0,0.540581,0.0325139,0.0188193,0.00977509,0.00113809
5.930666666,0.293683,0.0798019,0.0457502,0.0168601,0.00426739,0,0,0.449982,0.165331,0.0260389,0,0,1,0.0226996,0.025678,0.0179301,0.0262896,0.378303,0,0.568725,0.0375559,0.00846009,0,1.8558e-05
5.973333333,0.269553,0.132525,0.00554586,0.013374,0,0,0,0.411558,0.162819,0,0,0,1,0.0376966,0.00167483,0.0146091,0.0422644,0.408384,0,0.57767,0.0369854,0.00252095,0,0
6.016000000,0.195872,0.075387,0.000380875,0.00894343,0,0,0.01024,0.34199,0.16324,0,0,0.029938,1,0.0214438,7.61349e-05,0.013788,0.143996,0.4888,0.00416897,0.527539,0.0370811,0.00238199,0,0.0210456
6.058666666,0.121787,0.00170108,0.00142321,0.0169717,0,0,0.00268072,0.415406,0.179046,0.0630668,0,0.0747215,1,0.00137785,0.000284492,0.0189235,0.185871,0.599429,0.00109138,0.469216,0.0406713,0.0165361,0.00245144,0.0526093
6.101333333,0.0523279,0,0.0211527,0.0847237,0.00597805,0,0.0105183,0.580556,0.204401,0.0932389,0,0.0231556,1,0.00282342,0.0218376,0.0487311,0.222628,0.692326,0.00546553,0.372987,0.046431,0.0363595,0.112239,0.0165328
6.144000000,0.0701472,0.000875852,0.00702599,0.146748,0.0235881,0,0.0430305,0.752656,0.241864,0.106018,0.112153,0,1,0.00850011,0.00575501,0.120115,0.24918,0.491812,0.019224,0.751852,0.0549409,0.0572592,0.394426,0.000329221
6.186666666,0.00411154,0.00871417,0.0361901,0.0798681,0.0231221,0,0.0433909,0.847345,0.20666,0.125643,0.226349,0.00105249,0.802609,0.0203812,0.038676,0.0943689,0.203796,0.283719,0.0176655,1,0.0992817,0.0321005,0.542898,0.104803
6.229333333,0.012274,0.1087,0.160582,0.00173409,0,0.0114739,0.0359862,0.959421,0.140394,0.162099,0.279948,0.0217863,0.725738,0.0486424,0.20965,0.0026273,0.17808,0.275122,0.0077081,1,0.112544,0.0396707,0.469694,0.126451
6.272000000,0.0447672,0.186981,0.186716,0.0156778,0,0,0.0317557,1,0.0862202,0.152655,0.243273,0.0359875,0.735501,0.0531498,0.236084,0.0147319,0.376345,0.0126958,0.00680195,0.931354,0.10017,0.0359388,0.469594,0.146534
6.314666666,0.0126,0.0502319,0.037516,0.0028009,0,0,0,0.726521,0.100914,0.0980479,0.22717,0,0.2011,0.0329603,0.341482,0.0112786,0.115737,0,0.000168151,1,0.050996,0.023083,0.275054,0.234111
6.357333333,0.000346829,0.00359494,0,0,0,0,0.029541,0.521331,0.0806313,0.0678684,0.210076,0.0116239,0.00504182,0.0089337,0.607929,0.00825008,0.000791592,0.00265884,0.0210945,1,0.0242739,0.0159779,0.225384,0.360514
6.400000000,0.000527188,0.0039462,0,0,0,0,0.0429598,0.516524,0,0.000555271,0.180998,0.373089,0.0054044,0.000782865,1,0.000481259,0,0.00234323,0.00920183,0.977466,0.0993375,0.000130725,0.19512,0.59793
6.442666666,0.000323782,0.135155,0.118059,0,0,0,0.0243905,0.524413,0,0,0.173868,0.528913,0.0201233,0.0384448,0.961726,0,0.0108413,0,0.0199435,1,0.194117,0,0.113876,0.64775
6.485333333,0.000233508,0.118566,0.191747,0.00256844,0,0,0.010385,0.511268,0,0,0.0689167,0.455931,0.355182,0.0337261,0.754236,0.000519296,0.00235699,0,0.00222442,1,0.08847,0,0.0264932,0.39298
6.528000000,0.000158979,0.11652,0.181852,0,0,0,0.0163772,0.54961,0.0441042,0,0.0217066,0.329087,0.815265,0.035922,0.502345,0,0,0,0.00350794,1,0.0100185,0,0.0134168,0.231339
6.570666666,8.5049e-05,0.118944,0.178932,0,0.0270068,0,0.000256727,0.615757,0.108044,0,0.0179939,0.164428,0.901606,0.0403687,0.28354,0,0.00554442,0,5.499e-05,1,0.0245428,0,0.011122,0.115589
6.613333333,6.5919e-05,0.100796,0.161413,0.00508195,0.0402504,0,0,0.663434,0.0994183,0.0473238,0.0378315,0.0819453,0.876488,0.0286713,0.386627,0.00102749,0.0082633,0,0.00264861,1,0.0225835,0.0111412,0.00927179,0.0576053
6.656000000,0.000117063,0.0819958,0.200809,0.0161173,0.0389088,0,0,0.735222,0,0.127386,0.0631851,0.102511,0.758544,0.0233236,0.713665,0.00849601,0.00798788,0,0.0174995,1,0,0.0299899,0.0154855,0.0720625
6.698666666,0.000887513,0.0273596,0.160622,0.08112,0.035022,0,0,0.636487,0,0.112075,0.0879971,0.20818,0.599007,0.0077824,1,0.0275266,0.00718993,0,0.022652,0.950081,0,0.0263852,0.0215664,0.146347
6.741333333,0.00122707,0.00153353,0.00197085,0.107523,0.026837,0,0.0048008,0.461445,0,0.149076,0.0511319,0.250309,0.410107,0.000304229,1,0.0346667,0.00550957,0,0.0238774,0.797388,0,0.0350961,0.0125315,0.175963
6.784000000,0.00137117,0.000973188,0.0625954,0,0.0236339,0,0.00689052,0.44951,0.128754,0.0840636,0.0472554,0.233732,0.324334,0.000193066,1,0,0.00485198,0,0.0249214,0.838085,0.0292474,0.0215047,0.0115814,0.164307
6.826666666,0.000675114,0,0.220895,0.012841,0.0279631,0,0,0.680965,0.162507,0.0119299,0.0332322,0.136178,0.341034,0,1,0.00259625,0.00574075,0,0.023433,0.928869,0.0369145,0.00617503,0.0205408,0.0957295
6.869333333,0.0277985,0,0.425362,0.0205422,0.0461415,0,0,0.84503,0.163816,0,0.0750876,0,0.477435,0,1,0.00415329,0.00947273,0,0.0256771,0.999897,0.0372117,0.00443602,0.0464115,0
6.912000000,0.0173553,0,0.347805,0.111156,0.0582126,0.00911844,0,0.819533,0.142196,0,0.15952,0,0.65165,0,0.864344,0.0358379,0.0119509,0.00190835,0.0259885,1,0.0323008,0.0173074,0.0985987,0
6.954666666,5.70339e-09,0,0.319784,0.111056,0.0422414,0.0467225,0.0342892,0.904638,0.116835,0,0.0402551,0,0.78764,0,0.732226,0.0358055,0.00867205,0.0097783,0.0322438,1,0.0265398,0.020215,0.0248816,0
6.997333333,0,0,0.239834,0,0.0183812,0.0500774,0.0552942,1,0.104805,0.0854221,0.0138572,0.116103,0.903375,0,0.777079,0,0.00377361,0.0104804,0.0345318,0.983072,0.0238071,0.0248919,0.00339613,0.0816173
7.040000000,0,0,0.21969,0,0,0.0175699,0.0642021,1,0.169492,0.0774919,0.0107396,0.21408,0.921078,0,0.838522,0,0,0.00367712,0.0352426,0.974139,0.0385011,0.0237172,0.00263206,0.150492
7.082666666,0.000257252,0.00157543,0.0741634,0,0,0,0.00178041,0.730819,0.144923,0.0422286,0,0.227517,0.847534,0.000312541,0.689528,0,0,0,0.0204111,1,0.0329201,0.0364718,0,0.159938
7.125333333,0.000685921,0.00271718,0.000118472,0.11369,0,0,0,0.648673,0.136466,0.0629228,0,0.257099,0.838009,0.000539047,0.531442,0.0366551,0,0,0.0178323,1,0.030999,0.0522989,0,0.180734
7.168000000,0.000698111,0.00204904,0,0.197671,0,0,0,0.76987,0.124533,0.12114,0.0231955,0.243875,0.90874,0.000406498,0.511732,0.0637313,0,0,0.0144187,1,0.0282885,0.0741668,0.00568477,0.171438
7.210666666,0.000526385,0.000222177,0,0.215306,0,0.0154986,0.0244098,0.937563,0.0974884,0.170584,0.0352603,0.122211,1,4.40766e-05,0.580944,0.0694172,0,0.00324361,0.0217884,0.998955,0.0221451,0.0903616,0.00864164,0.0859109
7.253333333,0.000554097,0,0.0177892,0.126773,0.0183339,0.0320562,0.0432453,0.984307,0.0161279,0.174857,0.103168,0,1,0,0.556602,0.144309,0.0037639,0.00670887,0.0310583,0.982632,0.00366356,0.0919743,0.0252846,0
7.296000000,0.000173635,0,0.028904,0.102048,0.0214292,0.0300521,0.0561153,0.979368,0,0.114772,0.150478,0.0344961,0.896687,0,0.488521,0.138122,0.00439935,0.00628945,0.0359952,1,0,0.072461,0.0438184,0.0161896
7.338666666,0.0014933,0.0236999,0.0979645,0.0887311,0,0.0191305,0.0700583,0.962318,0,0.111204,0.164801,0,0.876076,0.0223847,0.483711,0.101475,0,0.00685895,0.0381766,1,0.0176616,0.0707629,0.0487124,0
7.381333333,0.115601,0.0160287,0.116843,0.0423001,0,0.00155654,0.0985887,0.886056,0,0.130076,0.131601,0,1,0.0139119,0.565426,0.0410366,0,0.0231276,0.0441173,0.897121,0.100589,0.0725966,0.0473977,0
7.424000000,0,0.00378728,0.196269,0.0542366,0,0.00390679,0.116549,0.403973,0.131793,0.176627,0.0511526,0.268347,1,0.000751339,0.695409,0.158939,0,0.0025265,0.0454731,0.87202,0.157947,0.0653706,0.0292664,0.188641
7.466666666,0,0.00419321,0.125769,0.00232115,0,0.000493619,0.0455963,0.381394,0.0807682,0.207615,0.0225586,0.348615,0.743799,0.000831868,0.608096,0.140089,0,0.000103307,0.0161444,1,0.018347,0.0658813,0.0969493,0.24584
7.509333333,0,0.00557771,0.0217349,0,0,0,0.0580977,0.717891,0.0227202,0.164434,0.134488,0.302121,0.472492,0.00110653,0.625869,0.100902,0,0,0.0472169,1,0.025872,0.0447604,0.18249,0.33904
7.552000000,0.000500846,0.0052903,0,0,0,0,0.0405071,0.645147,0,0.121534,0.169444,0.257746,0.291086,0.00104951,0.744975,0.0472028,0,0,0.0881317,1,0.0559319,0.0425158,0.209483,0.331852
7.594666666,0.000802554,0.00211914,0,0,0,0,0.0229971,0.587015,0,0.137028,0.167784,0.218888,0.216664,0.000420406,0.808113,0.0320334,0.0319669,0.0077485,0.0243784,1,0.0443892,0.0356066,0.20213,0.282788
7.637333333,0.000365058,0.000916753,0,0,0,0,0.0172867,0.666196,0.0511601,0.111765,0.139952,0.165559,0.212674,0.00018187,0.667692,0.0252074,0.0665706,0.0336569,0.00370275,1,0.0228861,0.0275342,0.18627,0.178595
7.680000000,0,0,0,0.00727014,0,0,0.0247795,0.660023,0.062591,0.0691788,0.0811441,0.174371,0.170098,0.00383207,0.616575,0.0231733,0.0772197,0.0600985,0.00530768,1,0.0181262,0.0163815,0.147401,0.187586
7.722666666,0.0049322,0,0,0.0387367,0,0.00065008,0.0362221,0.655496,0,0.0872157,0.0208391,0.214941,0.0754249,0.0184074,0.627892,0.0339207,0.0522197,0.104008,0.00775863,1,0.00413463,0.0465573,0.0809926,0.210471
7.765333333,0.0225296,0.000160487,0,0.0457924,0,0.000104185,0.0249961,0.616112,0,0.0772765,0.00858527,0.140314,0.0178736,0.043169,0.70288,0.0414483,0,0.303057,0.00981255,1,0.00320073,0.151286,0.0388713,0.207712
7.808000000,0.388152,0.0203935,0,0.00427341,0,0,0.00857202,0.83743,0.0478087,0.0462843,0.000578152,0,0.245483,0.0549017,0.790597,0.0341194,0,0.494937,0.0158211,1,0.0238186,0.378831,0.0633266,0.168887
7.850666666,0.474022,0,0,0,0,0,0.0096227,1,0.139715,0.027359,0.00037306,0,0.276346,0.0287626,0.622649,0.0269211,0,0.560971,0.0155475,0.978993,0.0412698,0.440656,0.0236797,0.16175
7.893333333,0.43762,0.00723468,0,0,0,0,0.00816404,1,0.158593,0.0384737,1.49228e-05,0.0103916,0.273946,0.0195228,0.525555,0.0259002,0,0.492425,0.00505869,0.94421,0.0533393,0.407346,0.000999451,0.15379
7.936000000,0.353995,0,0,0,0,0.01458,0.00841676,1,0.144171,0.0996021,0.00360558,0.0106052,0.227753,0.00112799,0.441593,0.0211229,0,0.461577,0.00334529,0.892987,0.0601605,0.35045,0.00164335,0.16727
7.978666666,0.315948,0,0,0,0,0.0237089,0.0265888,1,0.0896191,0.167445,0.0198735,0.003996,0.225959,0,0.408651,0.0162232,0,0.442533,0.0156706,0.905537,0.0323614,0.375007,0.0056684,0.170918
8.021333333,0.248404,0.00253379,0,0,0,0.0114653,0.00220421,0.911251,0.0585277,0.193641,0.0335715,0.00345202,0.200457,0.0183527,0.445454,0.0346644,0,0.508317,0.0200741,1,0.0197046,0.431872,0.00905267,0.182448
8.064000000,0.171452,0.00171187,0.0330539,0,0,0,0.000339262,0.830126,0.106014,0.176218,0.0410459,0.00178019,0.13795,0.0252016,0.477014,0.0625869,0,0.502185,0.0194411,1,0.0293775,0.413302,0.0208884,0.156606
8.106666666,0.107826,0.000967453,0.113265,0,0,0,0.0312268,0.785215,0.147802,0.137623,0.0288511,0.00165213,0.0864587,0.0191135,0.479825,0.0792212,0,0.45167,0.0271992,1,0.0352052,0.38727,0.0196841,0.151522
8.149333333,0.0871753,0.0196638,0.123577,0,0,0,0.0524356,0.75009,0.165603,0.0832925,0.0194984,0.00113141,0.0697677,0.00991373,0.501821,0.0827233,0,0.464762,0.0225277,1,0.0381162,0.363247,0.0198254,0.15992
8.192000000,0.113118,0.0977786,0.255674,0,0,0.00949864,0.0395242,0.804741,0.179135,0,0.0371157,0.00199714,0.0907796,0.0331274,0.500769,0.0634441,0,0.476235,0.00846594,1,0.0456426,0.310486,0.0221328,0.166445
8.234666666,0.230404,0.0468886,0.290709,0,0,0.0266726,0.0714785,0.976394,0.144901,0,0.0423293,0.00251859,0.186071,0.0177473,0.491766,0.0402997,0,0.492549,0.0153104,1,0.0471623,0.299081,0.0600202,0.170628
8.277333333,0.273039,0.0377032,0.214809,0.00435686,0,0.0308251,0.0722754,1,0.0513615,0.162206,0.0172216,0.00252043,0.220952,0.0281065,0.418148,0.042826,0,0.428263,0.0154811,0.822594,0.0311987,0.352561,0.0393093,0.166735
8.320000000,0.252778,0.101709,0.0831281,0.0190372,0,0.0460397,0.067052,1,0,0.175587,0.0144516,0,0.204556,0.0314882,0.463723,0.0710637,0,0.413203,0.0143623,0.817391,0.0176625,0.30109,0.0187999,0.070948
8.362666666,0.215291,0.104758,0.00619817,0.0376863,0,0.0333587,0.0671191,0.836387,0,0.165301,0.0100198,0.00719427,0.174221,0.0323199,0.782733,0.0294838,0.00141065,0.0127806,0.0143767,1,0.0138097,0.0389161,0.0970717,0.0751598
8.405333333,0.158918,0.0322244,0,0.0100583,0,0.0114862,0.0589529,0.746433,0.043289,0.156552,0.102655,0.190259,0.128602,0.00916621,0.826567,0.00203363,0.00153599,0.00305179,0.0126275,1,0.0185889,0.0368562,0.144619,0.133747
8.448000000,0.0228464,0,0.00220363,0,0,0.00534456,0.0557241,0.603891,0.0520361,0.155692,0.166565,0.205396,0.142915,0,0.876493,0,0.000709925,0.00228255,0.0119359,1,0.0161725,0.0430743,0.154958,0.144388
8.490666666,0.000953782,0,0.0283959,0.0150255,0,0.0137944,0.0597884,0.501554,0,0.133381,0.167187,0.180792,0.186187,0,0.862844,0.0203371,0.00014504,0.00492781,0.0128064,1,0.0003948,0.0516956,0.105926,0.127092
8.533333333,0.0010904,0.0137903,0,0.0151344,0.0046121,0.0119719,0.0378377,0.407691,0,0.0932213,0.16193,0.156522,0.171546,0.00392264,0.79849,0.0204845,0.000946852,0.00539964,0.0127875,1,0,0.0523999,0.0709975,0.0976254
8.576000000,0.00133496,0.0375916,0,0.0097392,0.0235762,0.00810249,0,0.36928,0,0.105576,0.148194,0.108292,0.155666,0.0106929,0.749904,0.0131821,0.00484014,0.00561197,0.0262391,1,0,0.0600942,0.0363533,0.0639864
8.618666666,0.00142985,0.00165935,0.015425,0,0.0229792,0,0,0.416742,0.0408702,0.123986,0.123991,0.0934897,0.172163,0.00032919,0.742902,0,0.00471757,0.00335536,0.0457769,1,0.00928392,0.0660702,0.0545092,0.0657281
8.661333333,0.00148403,0,0.077672,0,0.0240459,0.00208234,0,0.479627,0.0568559,0.117266,0.106418,0.0872818,0.196212,0,0.753732,0,0.00493656,0.0031869,0.0503809,1,0.0129152,0.0733178,0.0569905,0.0613652
8.704000000,0.000953311,0,0.0474436,0,0.0109597,0.01534,0.00202259,0.602358,0.0683598,0.119287,0.0899881,0.102328,0.187357,0,0.737567,0,0.00225001,0.00557665,0.0501871,1,0.0155283,0.0814491,0.0510524,0.0719373
8.746666666,0.000708149,0,0,0,0.00847136,0.0129323,0.00242861,0.603259,0.0864949,0.118607,0.0651414,0.121221,0.139753,0,0.739772,0,0.00173915,0.0043285,0.0473965,1,0.0196478,0.0920088,0.0350457,0.0852153
8.789333333,0.0494965,0,0,0,0.00779761,0.00332184,0.00136949,0.558871,0.115852,0.0954944,0.0257024,0.108372,0.0945863,0,0.760181,0,0.00160083,0.00156729,0.0523778,1,0.0263165,0.102602,0.0116962,0.0761826
8.832000000,0.043509,0,0,0,0.0140783,0.0130779,0.056795,0.565194,0.13324,0.00463907,0.0486555,0.0621574,0.0675344,0,0.757594,0,0.00289024,0.00283324,0.110986,1,0.0302664,0.0993549,0.0119245,0.0212325
8.874666666,0.0138409,0.147029,0,0,0.0330316,0.0129218,0.056024,0.597941,0.109535,0,0.19891,0.168794,0.0237882,0.0418223,0.740465,0,0.0067813,0.00270433,0.0981942,1,0.0248815,0.111787,0.0886964,0.105086
8.917333333,0.000410213,0.200436,0,0,0.0340501,0.0318148,0.0268823,0.688286,0.121163,0,0.199672,0.151216,0.0846554,0.0570139,0.776857,0,0.00699041,0.00665835,0.0875124,1,0.0343111,0.156757,0.0930356,0.123843
8.960000000,0.00108177,0.215732,0,0,0.00125155,0.0340618,0.0278473,0.692651,0.0330279,0.131237,0.161158,0.192254,0.193413,0.0613649,0.816558,0,0.00025694,0.0071286,0.0698695,1,0.0134206,0.223528,0.0951321,0.152417
9.002666666,0.00126697,0.15002,0,0,0,0.0274745,0.0264004,0.626016,0.042992,0.125189,0.13298,0.156995,0.180763,0.0424734,0.783668,0,0,0.00574999,0.0587619,1,0.00976591,0.2325,0.0821945,0.156046
9.045333333,0.00113464,0.141543,0,0,0,0.0153204,0,0.607313,0.0766178,0.116768,0.117749,0.147351,0.139504,0.0401427,0.76187,0,0,0.00320632,0.0467646,1,0.0174042,0.228947,0.0713492,0.163705
9.088000000,0.065627,0.00331858,0,0,0.0135292,0.00138143,0,0.681054,0.111492,0.121496,0.103242,0.130105,0.0991235,0.000943968,0.807841,0,0.00277751,0.000289112,0.0404776,1,0.0253262,0.250171,0.057893,0.165217
9.130666666,0.149943,0,0,0.00473613,0,0,0.00282023,0.764206,0.121242,0.113522,0.0447076,0.19531,0.0708038,0,0.903547,0.000957567,0,0.000157764,0.0460222,1,0.0275408,0.276149,0.0113952,0.195337
9.173333333,0.231315,0,0,0.00310172,0,0,0,0.75837,0.174644,0.0102916,0.115201,0.151137,0.127233,0,1,0.000627117,0,0.0016754,0.0366154,0.960941,0.0396715,0.273279,0.0282335,0.191015
9.216000000,0.197119,0.0601363,0.000969262,0.00758686,0,0,0,0.547966,0.0324476,0,0.0399652,0.0640021,0.163565,0.0166205,1,0.0102689,0,0.00377963,0.032432,0.685254,0.00737067,0.233533,0.0097947,0.189119
9.258666666,0.000616261,0.070899,0.0601946,0,0,0,0.0236754,0.221632,0.0256813,0,0.197176,0.118979,0.0151952,0.0197193,1,0,0,0.0029105,0.0209092,0.519473,0.101033,0.219946,0.10353,0.236205
9.301333333,0.000665899,0.0513703,0.171995,0,0,0,0.0547827,0.0418122,0.362691,0,0.227064,0.119306,0.0366187,0.016409,1,0.00431659,0,0.00313238,0.0117343,0.244202,0.521526,0.16571,0.253962,0.1892
9.344000000,0.000614403,0.0331566,0.194847,0,0,0,0.0359402,0,0.508625,0,0.218914,0.123213,0.20357,0.0407071,1,0.0217649,0.00360621,0.0157003,0.00769825,0.125407,0.77761,0.0769814,0.366479,0.0866157
9.386666666,0.000521678,0.0681926,0.176686,0,0,0,0.0165257,0,0.72508,0.090141,0.202121,0.127293,0.287139,0.0713028,0.954253,0.0262777,0.00677401,0.00717868,0.0093415,0.126417,1,0.0961014,0.448658,0.0894838
9.429333333,0.043972,0.16503,0.0956981,0,0.00880935,0,0,0,0.768371,0.134134,0.136466,0.127361,0.300889,0.0970825,0.861011,0.171385,0.0103184,0,0.0224379,0.0779246,1,0.137237,0.392617,0.0895313
9.472000000,0.029648,0.098749,0.0767395,0.00628973,0.0419133,0.00495237,0,0,0.854281,0.139934,0.0424436,0.0712294,0.273028,0.0921092,0.775389,0.205467,0.0125382,0.00103645,0.0433425,0.0111417,1,0.18938,0.288929,0.0500723
9.514666666,0.000125998,0,0.0299861,0.0095902,0.0834042,0,0,0,0.86724,0.146497,0.0270411,0.120204,0.204268,0.0608578,0.688066,0.172067,0.0465495,0,0.0895762,0.00167085,1,0.248809,0.244675,0.0844998
9.557333333,0.000152579,0,0,0.0011937,0.107272,0,0,0.0136948,0.853126,0.131881,0.0335227,0.0755092,0.222431,0.048708,0.679992,0.219297,0.0446259,0,0.107557,0.0131815,1,0.274313,0.210924,0.0530809
9.600000000,0,0,0,0,0.0342278,0.01305,0,0.0727659,0.853159,0.069425,0,0,0.229725,0.0399846,0.708241,0.224509,0.00702687,0.0277242,0.0754826,0.152114,1,0.231523,0.184852,0
9.642666666,0.12049,0.00541417,0,0,0.0301649,0.0014996,0.000286803,0.0733414,0.889001,0.0262806,0,0,0.241401,0.0378352,0.77841,0.101998,0.00888701,0.000313844,0.0436709,0.251204,1,0.196315,0.224517,0
9.685333333,0.139851,0.0292807,0,0.0108912,0,0,0.013826,0.206537,0.683477,0.0451458,0.0108324,0,0.0544553,0.00832888,1,0.042077,0,0,0.06784,0.348792,0.855004,0.0887682,0.272815,0.238896
9.728000000,0.111496,0,0,0.0147187,0,0,0.0348976,0.641307,0.359367,0.137575,0.164739,0,0.113368,0,1,0.0371599,0,0,0.203804,0.905505,0.384789,0.0919816,0.302862,0.240457
9.770666666,7.27059e-05,0.130472,0,0,0,0.00869798,0.0217224,0.852326,0.185135,0.157809,0.316287,0,0.0603893,0.0371126,0.826162,0.0277484,0,0.00182035,0.265239,1,0.143599,0.0808418,0.299234,0.151623
9.813333333,3.00688e-05,0.101153,0,0,0,0.0303058,0.023353,0.823318,0.122308,0.10742,0.194689,0.103807,0.0542576,0.0287262,0.75595,0.022811,0,0.00734677,0.149598,1,0.0935101,0.0257946,0.212408,0.163044
9.856000000,0,0.0639205,0,0,0,0.0216112,0.0578878,0.753099,0.141803,0.013379,0.113707,0.0983894,0.0416445,0.0351035,0.637598,0.020701,0,0.00716792,0.0900151,1,0.0684513,0.00314974,0.139997,0.162013
9.898666666,0.0133098,0.135599,0,0,0,0.0149123,0.0547288,0.658743,0.0138677,0,0.0602194,0.0813095,0.0493969,0.045482,0.634771,0.0213,0,0.00466876,0.0934482,1,0.0114889,0,0.117907,0.187173
9.941333333,0.0449375,0.20809,0,0,0,0.0210168,0.053285,0.70468,0,0,0,0.0715838,0.105284,0.0591911,0.648693,0.0662683,0,0.0137916,0.103026,1,0.0493809,0.00139235,0.0942659,0.156952
9.984000000,0.0815349,0.15091,0.0199812,0,0.00876893,0.0259122,0.076497,0.892807,0,0,0,0.0698546,0.202567,0.0429262,0.692313,0.102501,0.015785,0.00542301,0.155477,1,0.115117,0.057022,0.311063,0.134719
10.026666666,0.104227,0,0.0584546,0,0.00838392,0.026382,0.0964129,1,0.0363006,0,0.00722712,0.0289034,0.192294,0,0.553774,0.231588,0.0140231,0.00552134,0.241619,0.782703,0.093125,0.0524157,0.346348,0.0741103
10.069333333,0.0272774,0,0.0025967,0,0,0.0262963,0.0957564,1,0.0343806,0.111034,0.0325435,0,0.156816,0,0.595707,0.272871,0,0.0055034,0.25048,0.893932,0.0582845,0.0405372,0.36097,0.0296934
10.112000000,0.417664,0,0,0,0,0.0147125,0.0693857,0.82799,0.102328,0.0541085,0.0235819,0.212402,0.449729,0,0.820547,0.033283,0,0.0030791,0.149625,1,0.0297233,0.0127385,0.36465,0.200687
10.154666666,0.3702,0,0,0,0,0.0100536,0.0125095,0.633385,0.135454,0.0190881,0.0196415,0.26047,0.465405,0.00302405,0.772234,0.00103619,0.00303569,0.00438928,0.00267948,1,0.0307691,0.0187936,0.185112,0.272157
10.197333333,0.474977,0,0,0,0,0,0.00824016,0.534401,0.151813,0.0187768,0.0140927,0.24533,0.505714,0.00105288,0.906885,0,0.00432215,0.00977265,0.00176501,1,0.0354531,0.00442053,0.0381554,0.256052
10.240000000,0.530285,0.00663715,0,0,0,0,0.00973762,0.458664,0.145623,0.0179349,0.0108336,0.159389,0.504214,0.00188793,0.850007,0,0.00352415,0.010409,0.00208576,1,0.0376145,0.00422232,0.00669625,0.173993
10.282666666,0.520176,0,0,0,0,0.010215,0.0436058,0.474197,0.135321,0.0666643,0,0.0663252,0.480276,0,0.781358,0,0.00232331,0.0116671,0.00934021,1,0.037596,0.0156945,0,0.0856057
10.325333333,0.461727,0,0,0,0,0.0243795,0.0605479,0.557032,0.108335,0.0938034,0,0.0189344,0.444035,0,0.739025,0,0.00131083,0.0141257,0.0129691,1,0.033264,0.0223033,0,0.0402879
10.368000000,0.512159,0,0.0133184,0,0,0.0108821,0.056575,0.607669,0.140127,0.00569267,0,0,0.473246,0,0.724115,0,0.000898835,0.0112635,0.0121181,1,0.0397095,0.00175598,0,0.0449318
10.410666666,0.574461,0.0231636,0.00144214,0.000238815,0.00750347,0.00269455,0.0128685,0.561867,0.110027,0,0,0,0.531219,0.00658886,0.741705,4.82846e-05,0.0131855,0.00980236,0.00275638,1,0.0307895,0.00807678,0,0.059443
10.453333333,0.591688,0.0950811,0.00210007,0.000515734,0.0106828,0,0.00210375,0.579933,0.101746,0,0,0,0.517705,0.0270458,0.726909,0.000104273,0.0183374,0.00903452,0.000450614,1,0.0272445,0.0161773,0,0.0607894
10.496000000,0.591495,0.140885,0.00284332,0.000216964,0.0122188,0,0,0.593607,0.101989,0,0,0,0.525145,0.0400747,0.70708,4.38666e-05,0.0232474,0.00863043,0,1,0.0264606,0.023629,0,0.0542036
10.538666666,0.601787,0.146173,0.027175,0,0.0127624,0,0.00842096,0.605498,0.102138,0,0,0,0.567956,0.0415604,0.69759,0,0.0264556,0.00810813,0.00342838,1,0.0255419,0.0297076,0,0.0522254
10.581333333,0.585354,0.0302579,0.0710148,0,0.00756376,0,0.0247348,0.572952,0.0858313,0,0,0,0.604283,0.00841257,0.696482,0,0.0231924,0.00739743,0.0092728,1,0.0213069,0.0422602,0,0.0597285
10.624000000,0.599822,0.00103469,0.0667773,0.0166736,0,0,0.0242578,0.547275,0.0238765,0,0,0,0.649029,0.000205267,0.701327,0.00537575,0.0307787,0.00693478,0.00814789,1,0.00623019,0.0623089,0,0.0734346
10.666666666,0.655893,0,0.00491381,0.0383712,0,0,0.013231,0.627727,0,0.048171,0,0,0.675225,0,0.676194,0.0117397,0.0596505,0.00695665,0.00283402,1,0,0.0744843,0,0.0703713
10.709333333,0.666467,0,0.00304578,0.0061181,0,0,0.0212258,0.648313,0.0070211,0.00279592,0,0,0.665765,0,0.686458,0.00123698,0.0799013,0.00694922,0.00454649,1,0.00159489,0.0555966,0,0.0834973
10.752000000,0.601178,0.00176553,0.00040834,0,0,0,0.018742,0.575433,0.0634373,0,0,0,0.577553,0.000350255,0.665537,0,0.0880374,0.00628561,0.00668972,1,0.0144102,0.0526725,0,0.0839529
10.794666666,0.509834,0.00193746,0.00051416,0,0,0,0.00331789,0.447808,0.0686419,0,0,0.0281753,0.499796,0.000384362,0.692734,0,0.10092,0.00588335,0.00135079,1,0.0155924,0.0527193,0,0.0981058
10.837333333,0.493153,0.000657682,0.0720691,0,0,0,0.00203862,0.441477,0.0572598,0,0,0.0576751,0.438492,0.000130474,0.723751,0,0.120018,0.00534181,0.000436665,1,0.0130069,0.0484229,0,0.0933139
10.880000000,0.59558,0.000288986,0.112114,0.00353888,0,0,0.0286312,0.615211,0.041431,0,0,0.062995,0.481814,0.000970357,0.698881,0.00865482,0.144442,0,0.0061327,1,0.0094113,0.0274329,0.116144,0.127143
10.922666666,0.601677,0,0.173077,0,0,0.0225323,0.0848403,0.722852,0.00339416,0,0,0.00134777,0.50807,0.0107936,0.632113,0.0222462,0.124538,0.00471565,0.0181725,1,0.0122603,0.0329207,0.174024,0.157118
10.965333333,0.629593,0,0.17088,0.0170714,0,0.0187446,0.0800253,0.713547,0,0.0796392,0,0.00648241,0.476835,0.0094625,0.803833,0.0468753,0,0.00392296,0.0171411,1,0.0326256,0.127261,0.171277,0.141186
11.008000000,0.281348,0.121789,0.229415,0.0171214,0,0.00322802,0.0101823,0.559415,0.0131583,0.0911246,0,0.304941,0.409192,0.0346428,0.921131,0.0339874,0,0.000675575,0.0901831,1,0.063698,0.19598,0.124494,0.267308
11.050666666,0.0181867,0.098722,0.375476,0.0130233,0,0,0,0.45949,0.115167,0.00360566,0.0318434,0.296179,0.185045,0.0280814,1,0.0332503,0.00242445,0,0.194695,0.838649,0.0809392,0.175501,0.0804548,0.226221
11.093333333,0.000146417,0.00133913,0.42717,0,0,0,0.016273,0.36603,0.133335,0.00121101,0.106922,0.231604,0.0387328,0.000265662,1,0.0297544,0.0165792,0.000893253,0.222543,0.719988,0.0681014,0.17537,0.0965949,0.176599
11.136000000,0.000507956,0.00184097,0.426878,0.0199255,0,0,0.0352774,0.295255,0.120808,0.00167969,0.100614,0.191675,0.0304499,0.00036522,1,0.0320662,0.0185837,0.00494641,0.234125,0.614231,0.0670923,0.167898,0.0621893,0.142139
11.178666666,0.000363553,0.00298815,0.456772,0,0,0,0.00725598,0.428829,0.124827,0.00936169,0.0998413,0.168932,0.0347619,0.000592803,1,0.0204179,0.0232922,0.005543,0.24745,0.628597,0.0708733,0.165894,0.0617117,0.118759
11.221333333,0,0.00231706,0.47325,0.00317873,0,0,0,0.633611,0.138869,0.00268086,0.0890467,0.144962,0.0527735,0.00045967,1,0.0104733,0.0230801,0.00594604,0.242445,0.660524,0.0739108,0.173042,0.0550396,0.101944
11.264000000,4.82475e-05,0.00385622,0.51247,0,0,0,0.00141828,0.680911,0.136957,0.0111886,0.101921,0.110847,0.0596063,0.000765015,1,0,0.0116442,0.00695226,0.252684,0.670054,0.0729818,0.167329,0.0629971,0.0779439
11.306666666,0.000383626,0.00333952,0.541506,0.0257117,0,0,0.00731106,0.64354,0.137486,0.023075,0.0817952,0.0807123,0.0581392,0.00066251,1,0.00828976,0.000258751,0.00635059,0.272505,0.655334,0.0693047,0.155136,0.0505574,0.0582689
11.349333333,9.62453e-05,0.00159426,0.53678,0.086385,0,0,0.00628835,0.736719,0.139309,0.0290718,0.0533846,0.0527424,0.0653048,0.000316277,1,0.0278515,0,0.00493738,0.301674,0.641841,0.068729,0.126726,0.0329969,0.0394266
11.392000000,0,0.00190315,0.52175,0.0765152,0,0,0.00644932,0.767012,0.135391,0.0284042,0.0339369,0.0367122,0.0730368,0.000377556,1,0.0246694,0,0.00838285,0.326094,0.635104,0.0728039,0.0722147,0.0209763,0.0428247
11.434666666,0,0.00303332,0.527385,0,0,0,0.00612421,0.729187,0.131264,0.0226181,0.0112551,0.0123664,0.0780552,0.000601765,1,0,0,0.00350512,0.360671,0.624695,0.0742657,0.100589,0.0317963,0.0566864
11.477333333,0,0.00115769,0.593716,0,0,0,0.0137525,0.696436,0.140785,0.0194805,0.00951856,0,0.0744874,0.000229668,1,0,0,0.00430516,0.37378,0.620687,0.0699389,0.164936,0.0058834,0.0552708
11.520000000,0,0,0.627945,0,0.00244295,0,0.0282804,0.707421,0.142614,0.0258793,0,0,0.0885681,0,1,0,0.000973891,0.00484125,0.382093,0.646252,0.066767,0.185522,0,0.0512778
11.562666666,0.000404388,0,0.66904,0,0,0,0.032441,0.681233,0.150128,0.028186,0,0,0.0919131,0,1,0,0.00336723,0.00411207,0.373826,0.651003,0.0698953,0.176583,0,0.0427153
11.605333333,0.00109455,0,0.651532,0,0,0,0.0157696,0.75588,0.150833,0.0236461,0.00102641,0,0.0898836,0,1,0.00156331,0,0.00465928,0.372196,0.62235,0.0707716,0.174499,0.0169917,0.0488013
11.648000000,0.0105011,0.0398608,0.664799,0,0.00408748,0,0.00881899,0.774198,0.16256,0.0125169,0.00107257,0,0.0944316,0.0113384,1,0.0217227,0.000839148,0.00555435,0.371484,0.614576,0.0692796,0.247896,0.0177559,0.0504284
11.690666666,4.6023e-05,0,0.667937,0,0.00652365,0,0.0168663,0.733534,0.161155,0.00635693,0.00103662,0,0.0630678,0,1,0.0334012,0.00444455,0.00503375,0.313262,0.657798,0.0627126,0.286879,0.0171608,0.0447363
11.733333333,0.000752925,0.00825641,0.582648,0,0,0,0.0138694,0.563299,0.157054,0.0291921,0.000150691,0.0750974,0.0272435,0.00779821,1,0.0310056,0.0112981,0.00557893,0.209644,0.782223,0.053064,0.237757,0.00343099,0.0819743
11.776000000,0.000982664,0.0581515,0.497112,0,0,0,0.017514,0.604802,0.138819,0.0809508,0,0.0815689,0.042293,0.0163429,1,0.0351577,0,0.00300998,0.0174244,0.802885,0.43473,0.103365,0.00031443,0.111045
11.818666666,0.117111,0.0535283,0.196443,0,0,0,0.0282209,0.487462,0.123035,0.0727873,0.0303049,0,0.116897,0.0867374,0.628743,0.0884373,0.0214306,0.00114487,0.0172443,0.240471,1,0.0185746,0.0456738,0.014422
11.861333333,0.141511,0.0181933,0.0920385,0.0107447,0,0,0,0.453269,0.126352,0.0528971,0.102987,0,0.133475,0.0878812,0.58569,0.0968139,0.0546356,0.00123303,0.00450293,0.21998,1,0.0136395,0.0687078,0
11.904000000,0.165846,0,0.0398724,0.00888393,0,0,0,0.337892,0.131708,0.0438702,0.15126,0.0186015,0.149918,0.0096605,0.568597,0.0927405,0.0696745,0.00125964,0.00407521,0.239939,1,0.0114063,0.0934933,0.0130763
11.946666666,0.239089,0,0.0355297,0,0,0,0.0211929,0.394989,0.12848,0.0680088,0.156062,0.0729872,0.139042,0,0.551044,0.0874823,0.0827323,0.000884477,0.0120014,0.259271,1,0.0169323,0.0872423,0.051308
11.989333333,0.291373,0.00155681,0.0218587,0,0,0,0.029846,0.434994,0.100138,0.0901789,0.125219,0.0544942,0.171675,0.000308848,0.550698,0.0845837,0.0918504,0.000408067,0.0148625,0.255369,1,0.0219524,0.069858,0.0383079
12.032000000,0.2353,0.00107706,0,0,0,0,0.0178297,0.453345,0.0950023,0.100665,0.0815541,0.00502524,0.196526,0.000213671,0.540983,0.0909085,0.0944432,0,0.00975284,0.283887,1,0.0330099,0.0456766,0.00353261
12.074666666,0.19714,0,0,0,0,0,0.0256802,0.317931,0.102973,0.0918306,0.0168572,0,0.19081,0,0.579184,0.111729,0.0887089,9.11414e-05,0.0134165,0.265786,1,0.0458877,0.00727195,0
12.117333333,0.205642,0,0,0,0,0,0.0200735,0.359814,0.106137,0.085276,0.00330467,0,0.199411,0,0.598777,0.121217,0.0893594,0.000216479,0.0114186,0.270862,1,0.0599028,0.000809913,0
12.160000000,0.170156,0,0,0,0,0,0.00445207,0.406555,0.113695,0.0754299,0.00666373,0,0.16864,0,0.599582,0.129549,0.0865978,0.000198282,0.00449591,0.301528,1,0.0666515,0.00285089,0
12.202666666,0.15266,0,0,0,0,0,0.0172514,0.132185,0.12051,0.0695511,0.0311008,0.0164089,0.169966,0,0.66081,0.127666,0.07547,0,0.00959408,0.290668,1,0.0645921,0.0160642,0.011535
12.245333333,0.218385,0.000715008,0,0.0594702,0,0,0.00438239,0.152461,0.0256775,0.0993501,0.0033071,0.133263,0.346617,0.000141847,0.789732,0.111003,0.0635987,0,0.00164442,0.214328,1,0.0522681,0.000810507,0.0936804
12.288000000,0.296209,0.00174596,0,0.107007,0,0.00834546,0.0314183,0.137816,0,0.0540125,0.0234935,0.145026,0.456565,0.000346371,0.851113,0.0796311,0.0661072,0.00174658,0.00672968,0.201832,1,0.0278203,0.00575781,0.0778722
12.330666666,0.458044,0.00281002,0.000163479,0.0997842,0.00971487,0.0409368,0.0547615,0.131486,0,0,0.0828183,0.176399,0.525675,0.000557466,0.898042,0.0765176,0.0971258,0.00856743,0.0117297,0.16882,1,0.00880184,0.0202972,0.0452123
12.373333333,0.554194,0.00149473,0,0.0706126,0.0274083,0.0532082,0.0365856,0.139339,0,0,0,0.138826,0.597419,0.000296531,0.937073,0.0655816,0.14768,0.0111357,0.00825509,0.16664,1,0.0162679,0,0.0355821
12.416000000,0.597469,0.00141674,0,0.00550284,0.0453422,0.0562234,0.0010495,0.134164,0,0,0,0.097059,0.614829,0.00040299,0.937423,0.0432292,0.182935,0.0120065,0.00103866,0.177192,1,0.0239987,0,0.0248769
12.458666666,0.551414,0.207488,0.000382236,0.0146187,0.0399459,0.0922319,0,0.170208,0,0,0,0.0945748,0.596439,0.0590198,0.900586,0.0452697,0.19358,0.0247821,0.000754085,0.22944,1,0.0305002,0,0.0242402
12.501333333,0.555904,0.245679,0.00128894,0.0265518,0.145184,0.148842,0.0447934,0.232214,0,0,0,0.0736047,0.559566,0.0698832,0.902082,0.0507523,0.216121,0.0520522,0.00985257,0.266432,1,0.0308675,0,0.0188654
12.544000000,0.652126,0.0802059,0.00246282,0.0266153,0.183074,0.0807573,0,0.160195,0.0428288,0,0,0.071842,0.621189,0.0228145,0.904566,0.053245,0.221796,0.0306083,0.00136471,0.133982,1,0.0403589,0,0.0184136
12.586666666,0.583849,0.0261083,0.00231092,0.0225223,0.126137,0,0,0.176183,0.0873113,0,0.0733212,0.105172,0.663696,0.0074265,0.849895,0.0539248,0.202766,0.000574269,0.00540474,0.0621064,1,0.0340276,0.0182115,0.0269565
12.629333333,0.526236,0.0399161,0.00606666,0.0113521,0,0,0,0.12853,0.124279,0.0959104,0.0779233,0.073878,0.613275,0.0113373,0.96833,0.0567286,0.095453,0.00144831,0.00677723,0.035726,1,0.0329607,0.0200124,0.0189355
12.672000000,0.239344,0.00493318,0.238782,0,0,0,0,0.102902,0,0.142071,0.0530632,0.239529,0.33668,0.000978666,1,0.044262,0,0.00227379,0.00417201,0.0263613,0.776528,0.137826,0.0379346,0.110105
12.714666666,0.000697988,0.00400717,0.422988,0.00898199,0.00650285,0,0,0.0915538,0,0.0974915,0.105157,0.203526,0.120388,0.00079496,1,0.0281189,0.00133502,0.00322198,0.0607003,0.0346866,0.448756,0.196706,0.0855999,0.107983
12.757333333,0.000191079,0.00191063,0.402425,0.0133297,0,0,0,0.0846456,0,0.147746,0.129112,0.152458,0.0561627,0.000379039,1,0.0247117,0,0.00442939,0.141638,0.106043,0.230222,0.253924,0.0716196,0.109271
12.800000000,0,0,0.441859,0,0.0917018,0,0,0.085447,0.0432593,0.109315,0.167444,0.136667,0.0200478,0,1,0.0225818,0.0317511,0.00412392,0.187822,0.161585,0.126502,0.30945,0.0454337,0.0862608
12.842666666,5.108e-05,0.00196575,0.427672,0,0.0530058,0,0,0.074867,0.00976199,0.097253,0.189851,0.121259,0.0407658,0.000389974,1,0.0235219,0.0190106,0.0028736,0.207261,0.165763,0.0983475,0.346931,0.0545529,0.0719492
12.885333333,0.000375332,0.0022992,0.376217,0.107292,0,0,0,0.111146,0,0.0502129,0.193766,0.113661,0.0594503,0.000456126,1,0.0651594,0,0.000918447,0.20893,0.122437,0.0516305,0.391353,0.0474883,0.0478948
12.928000000,0.000704788,0,0.421084,0.00765022,0,0,0,0.0872404,0,0,0.142041,0.161938,0.0668141,0,1,0.0393897,0,0,0.206499,0.10915,0.0502326,0.399212,0.0348115,0.0415058
12.970666666,0.000461017,0,0.48044,0.00435895,0,0.0281071,0.0625767,0.0543079,0,0,0.0786531,0.146366,0.0537228,0,1,0.0356921,0,0.00588238,0.204943,0.132114,0.0463721,0.379277,0.0192764,0.0375146
13.013333333,0.000202892,0,0.417972,0,0.00594483,0.0861371,0.0580725,0.0715934,0,0,0.102842,0.130908,0.0424412,0,1,0.0258709,0.00122046,0.0276838,0.198305,0.113951,0.0280009,0.372378,0.0343361,0.0335528
13.056000000,0,0.000489531,0.378216,0,0,0.221508,0.0574444,0.0602681,0,0,0.0601604,0.155646,0.0896146,9.71154e-05,1,0.0216366,0,0.386722,0.162854,0.0739291,0.00775262,0.300615,0.0147442,0.0398938
13.098666666,0.258467,0.00473651,0.103185,0.057591,0.00208917,0.31689,0.0185129,0.125626,0,0.0074217,0.00591023,0.191276,0.358345,0.000939651,1,0.0717792,0.000428901,0.97476,0.125132,0.14258,0,0.317979,0.00144848,0.0490263
13.141333333,0.181406,0.00321312,0,0.116179,0,0.2906,0.0749434,0.0817644,0,0.00512427,0,0.0129744,0.341553,0.00336003,0.65668,0.0846853,0,1,0.0305113,0.102481,0,0.201006,0,0.0033263
13.184000000,0.125445,0.00167483,5.92536e-05,0.0583179,0,0.279792,0.0874308,0.0466176,0.0612839,0.00637496,0,0.0158862,0.313693,0.00272192,0.512485,0.0606594,0,1,0.0355952,0.0773886,0.013921,0.162879,0,0.0111676
13.226666666,0.123596,7.62553e-05,0.00957881,0.0310982,0,0.266518,0.079115,0.0117571,0.0913058,0.00317262,0,0.00698104,0.283862,0.00131762,0.380118,0.0499159,0,1,0.0322096,0.0543812,0.0207407,0.154747,0,0.00490748
13.269333333,0.144009,0,0.00553274,0.0199564,0,0.260155,0.0546714,0,0.0924083,0.0127354,0,0.0411256,0.282665,0.00054331,0.316686,0.0457296,0,1,0.022258,0.0475374,0.0214963,0.167811,0,0.0105408
13.312000000,0.185726,0,0,0.0490001,0.00610224,0.266264,0.0190203,0.019752,0.0950516,0.0307347,0,0.0383727,0.290748,0.00114133,0.296104,0.0581446,0.00125277,1,0.00774363,0.0657652,0.0223983,0.166118,0,0.0098355
13.354666666,0.261461,0,0,0.00108937,0.144016,0.278016,0,0.057747,0.107684,0.0192252,0,0.0160268,0.291058,0.00548329,0.28654,0.057573,0.0498647,1,0,0.0841768,0.0250298,0.146003,0.000168085,0.0041132
13.397333333,0.27662,0,0,0.000403301,0.19793,0.309632,0,0.05481,0.119793,0,0,0,0.291883,0.0452705,0.342038,0.0478978,0.068532,1,0,0.0763391,0.0277663,0.131636,0.00370886,0.00579997
13.440000000,0.243855,0.00216986,0,0,0.173864,0.334941,0.0186203,0.115523,0.0919407,0,0,0,0.247983,0.122292,0.377321,0.0537809,0.0601993,1,0.0520087,0.101044,0.021169,0.0896079,0.144552,0.00941152
13.482666666,0.483574,0.00634852,0.0565428,0,0.211039,0.384733,0.28776,0.23583,0,0,0.102552,0,0.431636,0.234176,0.971676,0.026197,0.0751622,1,0.116719,0.883539,0,0.0012936,0.371067,0
13.525333333,0.44677,0.00486009,0.00282416,0,0.144961,0.154668,0.324232,0.23643,0,0,0.243864,0.00188529,0.361334,0.00757289,0.877513,0,0.0539621,0.311659,0.204988,1,0,0.00300295,0.192413,0.000483213
13.568000000,0.414313,0.00150107,0,0,0.0402757,0.192429,0.117073,0.242743,0,0,0.163533,0.0585581,0.335143,0.00029779,0.764704,0,0.0187747,0.0782127,0.162628,1,0,0.00282615,0.0416226,0.0150089
13.610666666,0.323916,0.000520378,0,0,0,0.11492,0.0437928,0.184495,0,0.0284727,0.125818,0.0620554,0.262022,0.000103235,0.676367,0,0.00774516,0.0435396,0.0274083,1,0,0.0093989,0.0308357,0.0159052
13.653333333,0.344353,0.000796248,0,0.000208976,0,0.0248741,0.0589059,0.178344,0,0.0435654,0.0927414,0.0356706,0.268343,0.000157963,0.691817,0.000282851,0.00749924,0.0115317,0.0126174,1,0,0.0129022,0.0227292,0.00914262
13.696000000,0.383042,0.000191659,0,0.00882479,0,0.0119067,0.0545338,0.240298,0,0.103595,0.0330823,0,0.285396,3.80221e-05,0.726601,0.0119444,0.00543122,0.00921983,0.0116809,1,0,0.0332291,0.00872368,0
13.738666666,0.377667,0,0,0,0.00055336,0,0.0814357,0.312167,0.120553,0.0486376,0.0146333,0,0.305621,0,0.701788,0,0.00211592,0.00677058,0.0331544,1,0.0273844,0.0256505,0.0090448,0
13.781333333,0.388493,0,0.0011784,0.0205918,0.00105002,0,0.0239781,0.409065,0.114774,0.0613794,0,0,0.314382,0,0.712902,0.00416332,0.000363561,0.00699509,0.00976206,1,0.0260716,0.0316458,0,0
13.824000000,0.345264,0,0.00197412,0.0216625,0,0,0,0.478266,0.102866,0.080923,0,0,0.279399,0,0.692965,0.00437981,0,0.00679786,0,1,0.0233666,0.035869,0,0
13.866666666,0.282524,0.000453123,0.00132074,0.0404509,0,0,0,0.470485,0.104384,0.0685803,0.0131947,0,0.228628,8.98927e-05,0.668637,0.0121667,0,0.00636298,0,1,0.0237115,0.0257326,0.00323377,0
13.909333333,0.267099,0.000871587,0.0331733,0.0185,0,0,0,0.403929,0.0776618,0,0.0633884,0,0.216093,0.00017291,0.680341,0.00569691,0,0.00617818,0,1,0.0176414,0.00257,0.0155353,0
13.952000000,0.322831,0.00248324,0.102487,0.042577,0,0,0,0.378205,0.00602425,0,0.0617454,0,0.261104,0.000492636,0.721579,0.0137273,0,0.00625668,0,1,0.00136844,0.00172716,0.0151326,0
13.994666666,0.405961,0.000241786,0.148498,0,0,0,0.0128558,0.368342,0,0,0.0914343,0.0341886,0.32849,4.79666e-05,0.727336,0,0,0.00621541,0.00275366,1,0,0.000691544,0.0224088,0.00877299
14.037333333,0.432246,0,0.0806094,0,0.0127632,0.00695494,0.0389435,0.298835,0,0,0.0704223,0.0748511,0.359289,0,0.718495,0,0.00441916,0.00772799,0.00834155,1,0,0.000726021,0.0172592,0.0205229
14.080000000,0.457949,0.0154939,0.00400943,0.00864491,0.0476731,0.0790688,0.0172791,0.271033,0,0,0,0.120285,0.435034,0.00440724,0.745634,0.00174786,0.0165065,0.0356185,0.00370113,1,0,0.000769198,0,0.03083
14.122666666,0.499637,0,0.000732243,0.0106029,0.061546,0.0639448,0.00607159,0.283705,0.0198226,0,0,0.0823064,0.454415,0,0.760622,0.00214373,0.0213099,0.0291059,0.00130051,1,0.00450283,0.000841338,0,0.0210957
14.165333333,0.507875,0,0,0.0346535,0.002975,0.00635837,0.0256888,0.283213,0,0,0,0.0609775,0.401147,0,0.77791,0.0105459,0.00103007,0.0061531,0.00550245,1,0,0.000893874,0,0.015629
14.208000000,0.461223,0,0,0.0374416,0,0.0183633,0.0435129,0.281781,0,0,0.00270301,0,0.271145,0,0.766492,0.0120716,0,0.00845601,0.00932029,1,0,0.0102196,0.000662458,0
14.250666666,0.216688,0.0508041,0,0,0.00715856,0.0511251,0.035128,0.227392,0,0,0.0262715,0,0.186222,0.0143022,0.719561,0,0.00146963,0.0149569,0.00752428,1,0,0.0231943,0.00643865,0
14.293333333,0.190996,0.120542,0,0,0.0190359,0.0437514,0.182073,0.15022,0.106676,0,0,0,0.18339,0.0342867,0.710399,0,0.00390801,0.0129815,0.0733611,1,0.0242321,0.0247439,0,0
14.336000000,0.201657,0.141054,0,0,0.0197988,0.0148458,0.188818,0.12132,0.10989,0,0,0,0.162781,0.0401227,0.721329,0,0.00406463,0.00623175,0.0768724,1,0.0249622,0.0264839,0,0.101835
14.378666666,0.204531,0.160926,0,0.0631344,0,0,0.0499251,0.200449,0.103054,0,0,0,0.165013,0.0457754,0.782941,0.0203552,0,0.00156271,0.0203257,1,0.0249644,0.0228919,0.000125152,0.169694
14.421333333,0.217793,0.0658856,0,0.00819584,0,0,0.0352367,0.365686,0.10996,0,0,0,0.175779,0.0202437,0.849623,0.00629349,0,0.000970887,0.0585327,1,0.038351,0.0648749,0.00287161,0.211004
14.464000000,0.261592,0,0.000681275,0.0178471,0,0,0.0325853,0.591602,0.143042,0.00574795,0,0.0327096,0.211468,0.00188028,0.867387,0.020871,0,0.00167672,0.0767611,1,0.0423152,0.0993654,0.0308055,0.21769
14.506666666,0.265138,0.0229774,0,0.00699747,0.00079842,0,0.00903101,0.695821,0.133918,0.016819,0.0470706,0.0300838,0.214559,0.00664653,0.733739,0.00814916,0.000163914,0.0031673,0.00367674,1,0.0329382,0.130958,0.0628426,0.163706
14.549333333,0.277736,0,0,0.00684412,0.0117076,0,0.0048861,0.710738,0.12631,0.0324406,0.00493057,0.000672272,0.224753,0,0.724911,0.00138377,0.00240354,0.00673366,0.00198925,1,0.0286922,0.162983,0.0269783,0.141664
14.592000000,0.345063,0.00721263,0,0.00580915,0,0,0.0114419,0.687386,0.122113,0.0415928,0,0,0.219666,0.00205163,0.754956,0.00117451,0,0.0121821,0.00465828,1,0.0277387,0.177097,0.00786609,0.123188
14.634666666,0.307545,0.0533793,0.000669058,0.00749357,0,0,0.00773176,0.702939,0.121219,0.0477648,0,0,0.248876,0.0151837,0.740332,0.00396389,0,0.0144074,0.00314779,1,0.0275356,0.187735,0,0.117868
14.677333333,0.309357,0.00336405,0.00186625,0,0,0,0.00669147,0.701271,0.110047,0.0550542,0,0,0.250304,0.000667376,0.685262,0.00466282,0,0.0165849,0.00272426,1,0.0249979,0.188387,0,0.116078
14.720000000,0.331172,0.00320579,0.00216204,0,0,0,0.0130276,0.731849,0.116031,0.0457387,0,0,0.267961,0.00063598,0.674627,0.00533433,0,0.0164663,0.00530385,1,0.0296357,0.192883,0,0.0955866
14.762666666,0.316256,0.000100705,0,0,0,0,0.0247888,0.608144,0.140027,0.0111358,0,0.00440271,0.255495,1.99783e-05,0.767176,0.00351524,0,0.0139341,0.0100921,1,0.0386151,0.194696,0,0.0979372
14.805333333,0.351623,0,0,0,0,0,0.0046714,0.577198,0.113023,0,0,0.077887,0.277164,0,0.899957,0.000603488,0,0.013713,0.0010006,1,0.0281302,0.202496,0.00159899,0.129846
14.848000000,0.460181,0,0,0,0.00726758,0,0.00488862,0.764726,0.10938,0,0.00149155,0.0754623,0.276737,0,0.944986,0,0.00149202,0.0159873,0.00104712,1,0.0255278,0.180216,0.00281105,0.160993
14.890666666,0.334969,0,0,0.000289524,0.0290666,0.0167423,0.016247,0.789559,0.141431,0.0108892,0,0,0.20789,0,0.870442,5.8537e-05,0.00596731,0.0180502,0.00661456,1,0.0328706,0.172698,0,0.159291
14.933333333,0.311275,0,0,0.00754877,0.0249566,0.0158993,0.0026999,0.787049,0.119819,0.0790245,0,0,0.196696,0.00179073,0.819223,0.00152624,0.00512352,0.0146308,0.0010992,1,0.0284626,0.172888,0,0.148605
14.976000000,0.321536,0.0733573,0,0.00230794,0.0229157,0.0139126,0,0.751059,0.103286,0.0916428,0,0,0.188266,0.0208664,0.759292,0.000466628,0.00470453,0.00787644,0,1,0.0278678,0.142929,4.12876e-05,0.107989
15.018666666,0.334846,0.000735347,0,0,0.0233089,0.0177462,0.000910094,0.716733,0.092325,0.0971035,0,0,0.167344,0.000145881,0.722392,0,0.00478526,0.00753378,0.000561585,1,0.0270173,0.127847,0.000109637,0.104485
15.061333333,0.334988,0.00147727,0,0,0.00980108,0.0328136,0.0252364,0.651475,0,0.140352,0.00894093,0,0.157316,0.000293067,0.689523,0,0.00364868,0.013706,0.00540553,1,0.00336981,0.174504,0.00235954,0.138787
15.104000000,0.318239,0.0170376,0,0,0,0.0163868,0.0450398,0.688623,0,0.0548026,0.0766214,0.000263319,0.227974,0.00484633,0.67554,0.00321863,0.0657728,0.00378119,0.00964736,1,0,0.213181,0.0189701,0.107248
15.146666666,0.337109,0.058641,0,0,0,0.0167743,0.0449769,0.696378,0,0.0326111,0.00296715,7.14986e-05,0.244438,0.0166804,0.677019,0.00549752,0.102954,0.0334048,0.00963388,1,0,0.173121,0.000865763,0.0974682
15.189333333,0.308105,0.000725752,0,0,0,0,0.0252793,0.694271,0.0755617,0.00902385,0,0,0.262284,0.000143978,0.713178,0,0.0175177,0.110811,0.00766854,1,0.0171643,0.121521,0,0.0741047
15.232000000,0.300475,0,0,0,0,0,0.063666,0.646062,0.104604,0.0143701,0,0,0.251425,0.022233,0.842214,0,0.000572273,0.00209796,0.0248919,1,0.0237614,0.0166039,0.00404093,0.03681
15.274666666,0.461391,0,0,0.0100868,0,0,0.0211534,0.663363,0.143993,0.0335492,0,0,0.378638,0,1,0.0020394,3.19421e-05,0.00330896,0.00861207,0.964703,0.0403594,0.0670318,0.00840253,0
15.317333333,0.500346,0,0,0.0164607,0,0.0163985,0,0.653187,0.137835,0.0968023,0,0,0.369915,0,1,0.00332809,0.00278603,0.0390937,0,0.918711,0.0421229,0.121239,0,0
15.360000000,0.517314,0,0.000436714,0.0140955,0,0.0386689,0.0335074,0.725499,0.0957187,0.159028,0.00452366,0,0.37898,0,1,0.00284989,0.0205502,0.0425289,0.00717715,0.968974,0.0292766,0.167324,0.00110866,0
15.402666666,0.472194,0.0729324,0.000162417,0.0154172,0,0.0316052,0.0401565,0.690795,0.0545034,0.14631,0.00196888,0,0.367445,0.0207456,0.941787,0.00311711,0.0349441,0.0129156,0.00860137,1,0.0123808,0.180945,0.000482535,0
15.445333333,0.424571,0.112773,0,0.0122834,0,0.0334395,0.0328325,0.688088,0.0951827,0.0999729,0,0,0.328459,0.0320781,0.866746,0.00248351,0.0421997,0.0100867,0.00703259,1,0.0216213,0.178732,0,0
15.488000000,0.428861,0.0469964,0,0.000664533,0.03851,0.0233865,0.000823185,0.653075,0.104744,0,0.00286681,0,0.352358,0.0133681,0.879295,0.000134358,0.0448929,0.00700822,0.000176323,1,0.0237933,0.181838,0.000702601,0
15.530666666,0.454896,0.000919409,3.63835e-05,0,0.0329462,0.0219437,0.00593911,0.661114,0.0555201,0,0,0,0.373473,0.000182397,0.9213,0,0.0360599,0.00622545,0.00209107,1,0.0126117,0.207276,0,0
15.573333333,0.398207,0.00283631,0,0.0056633,0.0155691,0.0254679,0.00688854,0.576974,0.067446,0,0,0.00491255,0.325885,0.00056268,0.943102,0.00182591,0.0266359,0.00767463,0.00227971,1,0.0153208,0.208616,0,0.00125912
15.616000000,0.419728,0,0,0,0,0.0368053,0.00890181,0.634078,0.0975652,0.00647667,0,0,0.342314,0,0.977911,0,0.0116896,0.0806877,0.00190673,1,0.0224599,0.205684,0,0
15.658666666,0.373481,0,0.000648992,0.00944445,0,0.040386,0.00272626,0.582968,0.0987599,0.00754565,0,0,0.259958,0,1,0.00190951,0,0.0891818,0.000583955,0.870879,0.194017,0.207256,0,0
15.701333333,0.367994,0,0.00146115,0.0114489,0.0513092,0.0124656,0,0.517998,0.126676,0,0,0,0.249761,0.0100572,1,0.00231478,0.0486026,0.0302102,0.000340669,0.367138,0.816239,0.0760669,0,0
15.744000000,0.336682,0,0.000327684,0.0130271,0.0271988,0,0.00496774,0.472613,0.145025,0.0284339,0.0322681,0,0.290577,0.00136386,0.767788,0.0119464,0.115096,0.00213162,0.00202249,0.192695,1,0.00749861,0.0199448,0
15.786666666,0.279329,0,0,0.00628789,0,0,0.0189919,0.426818,0.128446,0.113099,0.127229,0.0336134,0.263696,0,0.62941,0.0451415,0.125888,0.00187881,0.00928543,0.183064,1,0.037856,0.0703574,0.0236293
15.829333333,0.181848,0,0.0535913,0,0,0,0.00753123,0.343511,0.0625428,0.132147,0.169629,0.025794,0.25633,0,0.63509,0.0457672,0.129707,0.00132275,0.00520174,0.169733,1,0.0606568,0.0883958,0.0181325
15.872000000,0.160608,0.00120925,0.0444571,0,0,0.0294229,0.0096269,0.398271,0.0123196,0.134212,0.162619,0.00155321,0.269933,0.000239896,0.641114,0.0521743,0.129041,0.00661686,0.00475722,0.187802,1,0.0747046,0.0689277,0.00109187
15.914666666,0.264222,0.0016981,0,0,0,0.0590304,0.00295913,0.504786,0.0397558,0.138715,0.0952723,0,0.284899,0.000336877,0.625314,0.0568252,0.126732,0.079712,0.00356324,0.254255,1,0.090404,0.0277771,0
15.957333333,0.370468,0.0184141,0,0.0076143,0,0.0860804,0.0211216,0.51428,0.0373865,0.141445,0.0378135,0,0.279907,0.00523788,0.657019,0.0620228,0.126863,0.139468,0.00870686,0.260176,1,0.098236,0.00926739,0
16.000000000,0.3282,0,0,0.00114539,0,0.105866,0.0532582,0.541009,0,0.143625,0.0324741,0,0.27343,0,0.687173,0.0792631,0.121671,0.173996,0.0187219,0.267324,1,0.0983613,0.00795878,0
16.042666666,0.293065,0.000349421,0,0.00530466,0,0.0939622,0.02755,0.371925,0.0160517,0.144084,0.0731543,0.0355655,0.241492,6.93197e-05,0.76954,0.0941818,0.116735,0.157372,0.00938297,0.187447,1,0.0968238,0.0179287,0.0250016
16.085333333,0.328453,0.00112167,0.000134577,0,0,0.0505507,0,0.0851533,0.116443,0.0972036,0.034329,0.184682,0.315279,0.000222523,0.930251,0.0519938,0.109809,0.107393,0.00164283,0.0707063,1,0.0596855,0.00862489,0.129826
16.128000000,0.376749,0,0.00178901,0.00171751,0,0.0304396,0,0.0815505,0.142031,0.0462008,0,0.184877,0.450944,0.00660483,0.967437,0.039609,0.10634,0.0646678,0.000515596,0.069255,1,0.0120465,0.000234221,0.129963
16.170666666,0.503815,0,0.00208616,0.00126584,0,0.0243848,0.00112546,0.100112,0.144352,0,0,0.137108,0.565286,0.0159738,0.996504,0.0411838,0.127577,0.0518045,0.000398352,0.0693343,1,0.00131684,0.000160053,0.0963831
16.213333333,0.607968,0,0,0,0,0.0264094,0.00484588,0.107815,0.116062,0,0.00317552,0.0619593,0.614739,0,1,0.0386743,0.124361,0.0561057,0.00177193,0.0788028,0.938258,0,0.00201001,0.022331
16.256000000,0.619202,0,0,0,0.00972665,0.0312807,0.0269389,0.117861,0.0679848,0,0.00925809,0.10706,0.655989,0,1,0.0360064,0.0897823,0.0548291,0.00937226,0.0904455,0.914624,0,0.00596148,0.0274404
16.298666666,0.658328,0,0,0,0.0296011,0.0235539,0.185586,0.115468,0.0357268,0,0.00634725,0.147644,0.657279,0,1,0.0335217,0.0732909,0.0335908,0.0743384,0.0784164,0.891175,0,0.00422798,0.0378423
16.341333333,0.683738,0.0668907,0,0,0.0316261,0.00822584,0.152541,0.117748,0.08122,0,0.0459576,0.00398953,0.62249,0.019006,1,0.0278299,0.0527237,0.0092796,0.0614414,0.0792676,0.794965,0.0253319,0.0116092,0.00102255
16.384000000,0.613969,0.00172718,0,0,0.00585782,0.0397238,0.0724573,0.163225,0.121993,0.114945,0.0416103,0,0.591327,0.000342645,1,0.016547,0.0306757,0.0176136,0.0155201,0.432799,0.563023,0.211072,0.011011,2.76602e-05
16.426666666,0.519835,0.00144936,0,0,0,0.164489,0.0851431,0.157564,0.0521925,0.175915,0,0.117347,0.550972,0.00517661,1,0.0577172,0.0185054,0.0633347,0.0182373,0.728815,0.0423595,0.531839,0.000847364,0.0825375
16.469333333,0.124105,0.00200054,0,0,0,0.342042,0.0701197,0.176823,0.0511993,0.183511,0,0.393021,0.516209,0.00283154,1,0.0220915,0.119406,0.128916,0.0150194,0.927078,0.181019,0.543896,0.0321591,0.276317
16.512000000,0.153219,0.00262688,0,0,0.0666824,0.232952,0.11219,0.204456,0,0.169513,0.045373,0.446728,0.776637,0.000521133,1,0.0360227,0.273891,0.0883234,0.0240307,0.970424,0.325401,0.516254,0.0805806,0.314059
16.554666666,0.629982,0.13287,0,0.00640203,0.287158,0.223415,0.070174,0.3279,0,0.0663293,0,0.297409,0.98703,0.0377947,0.942894,0.0544691,0.385512,0.0927521,0.015031,1,0.301602,0.491522,0.0403774,0.20907
16.597333333,0.853126,0.0563677,0.001083,0.0202748,0.0996962,0.0120393,0.00809836,0.347598,0.00866862,0.0355145,0,0.126555,1,0.0232647,0.855943,0.0616959,0.304232,0.0144647,0.00173464,0.85938,0.0869185,0.444699,4.7058e-06,0.0889648
16.640000000,0.802354,0,0.00166734,0.0171722,0.00967127,0.00694886,0.0303081,0.318331,0.0702163,0,0,0,1,0.019324,0.785503,0.0592038,0.255596,0.0101605,0.0104622,0.675062,0.049817,0.368855,0,0
16.682666666,0.743818,0,0.00133979,0.00687493,0,0.0248151,0.0104124,0.301088,0.0447122,0,0,0.0689232,1,0.0206434,0.689578,0.0514741,0.23625,0.0126008,0.0022303,0.618873,0.0723973,0.310147,0,0.0176655
16.725333333,0.812968,0,0.000685355,0.00874063,0,0,0.00954148,0.285217,0.0332049,0,0,0.0661333,1,0.0260363,0.698074,0.0469216,0.214215,0,0.00204375,0.592718,0.0765563,0.274801,4.9578e-06,0.0169504
16.768000000,0.867707,0,0,0.0166543,0,0,0.0483071,0.295721,0.0849121,0,0,0,0.830838,0,1,0.00336722,0,0.00322083,0.017404,0.717117,0.0525502,0.384771,0,7.0662e-06
16.810666666,0.847653,0.00964306,0.000993765,0.0148199,0,0,0.154137,0.283446,0.149721,0,0,0,0.625256,0.00274296,0.984419,0.00299634,0,0.00426977,0.0600143,1,0.0397597,0.406497,0,0
16.853333333,0.701262,0.0883682,0.00116926,0.00891199,0,0,0.14956,0.354487,0.156157,0.0667306,0,0,0.547163,0.0251363,0.938856,0.00180186,0.0325845,0.00502911,0.0608896,1,0.0354721,0.268865,0,0
16.896000000,0.584896,0,0,0,0,0.0236403,0.0791058,0.441345,0.110706,0.134136,0,0,0.493932,0,0.92225,0,0.0480848,0.0103595,0.0245899,1,0.0251476,0.246582,0,0
16.938666666,0.50471,0,0,0,0,0.0239371,0.032516,0.414996,0.094985,0.139357,0,0,0.435629,0,0.896112,0,0.0563985,0.0107227,0.0069648,1,0.0215764,0.237375,0,0
16.981333333,0.512744,0.000954313,0,0.0962096,0,0.00867052,0.0191318,0.440681,0.101338,0.132601,0,0,0.413346,0.000189321,0.897412,0.0310191,0.0580009,0.00771981,0.00409796,1,0.0230195,0.25353,0,0
17.024000000,0.447055,0,0,0.123541,0,0.00822574,0.00216116,0.408784,0.111433,0.103964,0,0,0.37016,0,0.919899,0.0398311,0.0571136,0.00702815,0.000462913,1,0.0253127,0.242079,0,0
17.066666666,0.374457,0.047353,0,0.101744,0.00600049,0.0366931,0.0175614,0.432567,0.126648,0.037841,0,0,0.310067,0.0134695,0.890952,0.0328036,0.0561277,0.0119821,0.00376158,1,0.0287689,0.200429,0,0
17.109333333,0.448325,0.10532,0,0.0521067,0.030853,0.0504377,0.0167026,0.432975,0.118299,0,0,0,0.337436,0.0299583,0.955277,0.0167998,0.0424004,0.0149421,0.00357762,1,0.0268723,0.207428,0,0
17.152000000,0.526803,0.00621223,0,0.00270693,0.0543769,0.0271979,0,0.304117,0.137857,0,0,0,0.265911,0.00586747,1,0.000547297,0.0242357,0.00834907,0.000784844,0.677732,0.286188,0.210185,0,0
17.194666666,0.485391,0,9.14254e-06,0.0136782,0.084761,0,0.0114427,0.170218,0.111195,0.0178796,0,0,0.209795,0,1,0.00276551,0.0532913,0.000434142,0.00651309,0.278007,0.760814,0.0818147,0.00840148,0
17.237333333,0.456908,0.00404917,0.00193416,0.0159744,0.0921437,0,0,0.163401,0.109654,0.0404327,0,0,0.202529,0.00115178,0.877606,0.0859175,0.0564319,0.000921661,0.00215738,0.142417,1,0.0669733,0,0
17.280000000,0.42936,0.0282145,0.00329736,0.0118655,0,0.0345834,0,0.162097,0.110165,0.0359097,0,0,0.205304,0.0078704,0.757999,0.109431,0.0263514,0.0136343,0.0028018,0.167714,1,0.0754177,0,0
17.322666666,0.423085,0.142476,0.00213629,0.0103835,0,0.0553913,0.00621548,0.188903,0.125963,0,0,0,0.212889,0.0405272,0.747527,0.119952,0.0301181,0.0210582,0.00529327,0.20125,1,0.0752313,0,0
17.365333333,0.419836,0.186454,0,0.00688986,0,0.0945602,0.000995511,0.241025,0.132676,0,0,0,0.234378,0.0530367,0.761801,0.118083,0.039242,0.035383,0.00283787,0.253779,1,0.089149,0,0
17.408000000,0.309484,0.144675,0.0166772,0.00219227,0.0403626,0.0838067,0,0.271314,0.13694,0,0,0,0.250445,0.0411526,0.770901,0.115479,0.0532737,0.0247078,0.00983898,0.330634,1,0.105719,0,0
17.450666666,0.323206,0,0.150487,0,0.0342129,0.0993611,0,0.267597,0.142527,0,0,0,0.261549,0,0.780014,0.114689,0.042534,0.0325831,0.0248237,0.319318,1,0.106507,0,0
17.493333333,0.317934,0.00149996,0.0264866,0.138986,0.017317,0.0206028,0,0.13653,0.129599,0,0,0,0.274502,0.000297569,0.798303,0.168093,0.028666,0.00461477,0.0254643,0.259921,1,0.116905,0,0
17.536000000,0.325686,0.00306179,0.000923979,0.0579871,0.013905,0.02021,0.00407956,0.078457,0.124509,0,0,0,0.270542,0.000607413,0.86695,0.148235,0.0201056,0.00449974,0.0283606,0.211208,1,0.128184,0,0
17.578666666,0.295636,0.00414255,0.00110118,0,0.0137387,0.00550533,0.0204044,0.0147164,0.127273,0,0,0.000100545,0.305017,0.000821819,0.960138,0.129448,0.0136519,0.00115218,0.0420325,0.0910182,1,0.133594,0,0.00401147
17.621333333,0.304164,0.00349709,0.0224636,0,0.0195612,0.00392952,0.00286506,0.00223369,0.133529,0,0,8.09816e-05,0.383069,0.000693769,0.962925,0.116847,0.0206605,0.000822388,0.0230952,0.0460944,1,0.103374,0,0.00323096
17.664000000,0.517282,0.00410197,0.0494201,0.0346423,0.0204495,0.0734619,0,0.0229471,0.132102,0,0,0.00212607,0.448163,0.000813768,0.915383,0.129149,0.0136686,0.0343687,0.0109306,0.0493156,1,0.0884566,0,0.00500013
17.706666666,0.551651,0.00327436,0.0103624,0.0191156,0,0.102091,0,0.068693,0.142708,0,0,0.0390803,0.548092,0.000649583,0.912837,0.116695,0,0.0931784,0.00295218,0.0449823,1,0.0935798,0,0.0274724
17.749333333,0.625409,0.00296056,0.00831419,0.0311818,0,0.0569402,0,0.131512,0.138996,0.00717005,0,0,0.662533,0.00058733,0.92095,0.0841189,0.0154671,0.121869,0.000224764,0.0499188,1,0.13323,0.000628072,0
17.792000000,0.734003,0.00297522,0.00764678,0.0374242,0,0.0308959,0.0126948,0.234445,0.151995,0.0393735,0,0,0.698743,0.0971862,0.906323,0.0432432,0.0634527,0.0656371,0.0370826,0.0971858,1,0.316985,0.0009201,0
17.834666666,0.845263,0.00390367,0.00608836,0.166264,0,0.0766693,0.0237803,0.327033,0.153686,0.0296968,0,0,0.665261,0.0909492,1,0.0741037,0.0640023,0.0286885,0.068242,0.313193,0.674749,0.645131,0.000715835,0
17.877333333,0.755821,0.00253147,0.00512963,0.172851,0,0.0802471,0.049504,0.259039,0.0959046,0,0,0,0.669713,0.0485827,1,0.0626712,0.0861432,0.0300272,0.0198283,0.490879,0.0701901,0.613203,0.0333464,0.0204437
17.920000000,0.794493,0,0.162235,0,0.00368201,0,0.151643,0.296412,0.0315882,0,0,0,0.713437,0,1,0,0.0122226,0.0884371,0.0538493,0.69725,0.0215655,0.504723,0.0282496,0.0104835
17.962666666,0.763659,0.141717,0,0,0.131044,0.269821,0.134241,0.233907,0.0327956,0,0,0,0.533612,0.0403112,1,0,0.0453732,0.538209,0.0421576,0.434129,0.0148141,0.447343,0.101887,0
18.005333333,0.545536,0.0763747,0,0,0.109578,0.267739,0.0816698,0.12816,0.102791,0,0,0,0.335328,0.0217247,1,0,0.0379406,0.488407,0.0174934,0.177611,0.0267139,0.330655,0.158816,0
18.048000000,0.417767,0.0796688,0,0.00341604,0.0345327,0.245058,0.0487494,0.0308883,0.0500097,0.109881,0,0,0.248285,0.0226617,1,0.000690667,0.00708948,0.456064,0.0128544,0.121197,0.0120777,0.309434,0.108939,0
18.090666666,0.318773,0.126749,0.00263665,0.0245353,0.00759031,0.328138,0.0448247,0.0360927,0,0.115127,0,0,0.266162,0.0360537,1,0.00496063,0.00262809,0.464245,0.00960129,0.141153,0.0002823,0.286148,0.0380644,0
18.133333333,0.327117,0.00205755,0.00877398,0.0221844,0,0.292228,0.040314,0.0546481,0,0.0989679,0,0,0.26996,0.000408186,1,0.00448533,0,0.517603,0.00863511,0.189984,0.000365786,0.296046,0.000154283,0
18.176000000,0.356527,0.00152442,0.00774364,0.0228736,0,0.379792,0,0.110517,0,0.102121,0.103208,0.00415436,0.295515,0.000302421,1,0.00462466,0,0.581846,0,0.236538,0.000505055,0.323604,0.0254492,0.00106479
18.218666666,0.345301,9.03367e-05,0.00310497,0.0219466,0.0136045,0.369533,0,0.0958487,0,0.0766625,0.153453,0.0199919,0.28744,1.79214e-05,1,0.00443723,0.00409614,0.575887,0,0.255242,0.000639092,0.319269,0.0377396,0.00512406
18.261333333,0.268611,0,0.000582016,0.0137868,0.02855,0.362636,0,0.141251,0,0.0561564,0.135706,0.0192841,0.223612,0,1,0.00278746,0.00586125,0.552304,0,0.272626,0.000678227,0.336146,0.0333558,0.00494267
18.304000000,0.285661,0,0,0,0.040353,0.341897,0.00161168,0.143732,0,0.0712266,0.0731143,0.0826848,0.238444,0,1,0.000904695,0.00828436,0.548304,0.000345216,0.213548,0.000560233,0.345962,0.0179694,0.0211927
18.346666666,0.398539,0,0,0,0.0321896,0.135414,0,0.121971,0.116256,0.0990479,0.14929,0.0239081,0.335332,0,1,0,0.00660845,0.487293,0,0.100395,0.0425481,0.402698,0.165941,0.00612783
18.389333333,0.52958,0,0.00256749,0.0165373,0.0229199,0.0769149,0.00110114,0.0683466,0.174168,0.0271623,0.110573,0.0365702,0.446284,0,1,0.00334356,0.00698229,0.461693,0.00307563,0.0635057,0.0718708,0.410007,0.228859,0.0257079
18.432000000,0.609357,0.149523,0.00919526,0.0216414,0.00181835,0.0703473,0,0.0745033,0.184842,0.020869,0.0445767,0.0952109,0.624062,0.0425318,1,0.00437554,0.0359459,0.416608,0,0.148896,0.0841751,0.375069,0.227448,0.0669307
18.474666666,0.651512,0.214315,0.0140269,0.017319,0,0.0337888,0,0.14656,0.187868,0.0224973,0.0478522,0.048903,0.886238,0.0609618,1,0.00350161,0.110217,0.441459,0,0.286127,0.0815641,0.338628,0.121432,0.0343775
18.517333333,0.751918,0.145055,0.00371856,0.021271,0,0.0668525,0.013507,0.183283,0.17145,0,0.0172755,0,1,0.0412607,0.931715,0.00795508,0.192857,0.5118,0.00549901,0.291175,0.0672572,0.396139,0.0131279,0
18.560000000,0.858911,0,0.00267511,0.0319854,0.0144874,0,0.0269601,0.175971,0.143215,0,0,0,1,0,0.768019,0.0109566,0.285404,0.472087,0.0109761,0.233954,0.0532276,0.446325,8.24013e-05,0
18.602666666,0.877364,0,0.0038498,0.0201487,0.0284048,0.0617187,0.0350123,0.152861,0.188726,0.0041951,0,0,1,0,0.631332,0.0124825,0.405195,0.240914,0.0145432,0.304333,0.0560915,0.498375,0.0360405,0
18.645333333,0.775216,0.0159202,0,0,0,0.000734142,0.0289526,0.228232,0.117269,0.157175,0.0144258,0,1,0.0533123,0.542443,0.015011,0.334652,0.0275862,0.016421,0.409305,0.0310838,0.535427,0.0388574,0
18.688000000,0.744326,0.0390076,0,0,0,0.0230232,0.0320508,0.159793,0.121092,0.146175,0,0,1,0.0577007,0.838931,0.0159572,0.189301,0.00987777,0.00686516,0.869476,0.0275068,0.552259,0.00116752,0
18.730666666,0.424419,0,0,0,0.101233,0.0378275,0.0325978,0.116998,0.170412,0.0149174,0,0,0.434133,0,0.869065,0,0.0350514,0.0185228,0.00857977,1,0.0411942,0.110343,0.0270111,0
18.773333333,0.393546,0,0,0,0.125824,0.121205,0.0915008,0.113958,0.166417,0,0,0,0.317817,0,0.998141,0,0.0466213,0.0510757,0.035995,1,0.0383863,0.00348821,0.0842891,0
18.816000000,0.385997,0,0,0,0.00356676,0.319691,0.00728279,0.0970668,0.146598,0.000255205,0,0,0.311933,0,1,0,0.00306313,0.125785,0.002965,0.93398,0.0333007,0.00352364,0.066319,0
18.858666666,0.489664,0,0,0.00413706,0.00714598,0.222424,0,0.117015,0.14038,0.00998432,0,0,0.383286,0,1,0.000836445,0.00324855,0.0905641,0,0.965358,0.0318881,0.00593695,0.0189202,0
18.901333333,0.476819,0,0.0132644,0.011427,0.100902,0.0975608,0,0.148159,0.129754,0.00185879,0,0,0.38582,0,0.941653,0.00231035,0.0359318,0.0448546,0,1,0.0294745,0.00377512,0,0
18.944000000,0.468601,0,0.000242974,0.123109,0.0707084,0,0,0.192982,0.100109,0.0372498,0,0,0.379117,0,0.896353,0.0384642,0.0244823,0.00849028,0,1,0.0227403,0.0115178,0,0
18.986666666,0.449139,0,0.000151977,0.099241,0,0,0.00727529,0.234494,0.0197958,0.0978903,0,0,0.363263,0,0.882845,0.0310608,0,0.00824566,0.00155834,1,0.00449673,0.0252714,0,0
19.029333333,0.406002,0,0.101563,0.00178344,0,0.00394513,0.0306678,0.228974,0,0.0913463,0.00685357,0,0.328439,0,0.86045,0.000360583,0,0.0084882,0.00656893,1,0,0.0294582,0.00167968,0
19.072000000,0.359344,0.0310677,0,0,0,0.00746865,0.124513,0.242194,0.000179709,0.0989036,0.00187016,0,0.290793,0.00880084,0.841931,0,0,0.00863081,0.0931577,1,4.08221e-05,0.0357703,0.00045834,0
19.114666666,0.298642,0.000426499,0,0,0,0.0118189,0.108185,0.259848,0.0593779,0.061343,0,0,0.246944,8.46108e-05,0.831371,0,0,0.0088848,0.0461524,1,0.0134881,0.0301385,0,0
19.157333333,0.292583,0,0,0,0,0.0159166,0.0627656,0.470407,0.0231793,0.0872483,0,0,0.237279,0,0.812404,0,0,0.00965587,0.0134442,1,0.00526532,0.0574265,0,0.0198868
19.200000000,0.282611,0,0,0,0,0.0279406,0.0755658,0.591857,0.00983336,0.10226,0,0,0.230012,0,0.820361,0,0,0.0124185,0.0161859,1,0.00484729,0.0791534,0,0.0305353
19.242666666,0.30525,0,0,0,0,0.0255923,0.0732608,0.608283,0.00419727,0.083108,0,0,0.217696,0,0.803989,0,0,0.0115408,0.0156922,1,0.00206902,0.0890624,0,0.0434855
19.285333333,0.297464,0,0.000717921,0.00582606,0,0.0158211,0.0538104,0.582611,0,0,0,0.0212229,0.218467,0,0.784524,0.00117793,0,0.00889859,0.011526,1,0,0.0854329,0,0.066003
19.328000000,0.249011,0,0,0,0,0.0143188,0.0417741,0.526527,0,0,0,0.0810653,0.201303,0,0.763704,0,0,0.00795553,0.00894786,1,0,0.0901209,0,0.0909143
19.370666666,0.235019,0.00052947,0,0,0,0.0253768,0.0459147,0.512544,0.0158457,0,0,0.110379,0.189874,0.000105039,0.744355,0,0.00936906,0.00954008,0.00983474,1,0.00359944,0.0960274,0,0.0987108
19.413333333,0.237197,0.000491964,0,0,0.010193,0.0458715,0.0290146,0.621831,0.105115,0,0,0.105904,0.191707,9.75981e-05,0.67752,0,0.0485039,0.0133177,0.00621481,1,0.0238776,0.109161,0,0.0752183
19.456000000,0.365443,0,0,0,0.0159046,0.0403545,0.0133356,0.743415,0.133582,0.00874352,0,0.0525404,0.257033,0,0.712129,0,0.059935,0.0124481,0.00285644,1,0.0303439,0.12936,0,0.0676195
19.498666666,0.482659,0,0,0,0,0,0.049746,0.799336,0.144933,0.09268,0,0,0.321382,0,0.803699,0,0.0497691,0.00452491,0.0202528,1,0.0329225,0.169035,0,0.0791012
19.541333333,0.458829,0,0,0.00148732,0,0,0.0596702,0.729994,0.131128,0.112622,0,0,0.325504,0,0.791461,0.000300711,0.0232347,0.00353398,0.0325601,1,0.0297865,0.180875,0,0.0947562
19.584000000,0.365418,0.000302442,0.0543268,0,0,0,0.0657202,0.723207,0.130337,0.0900824,0,0,0.298619,0.00238184,0.763168,0.00607931,0,0.0026065,0.029527,1,0.0296068,0.206333,0,0.0876116
19.626666666,0.327426,0.00024062,0.104777,0,0,0,0.0622152,0.706936,0.148856,0.0196816,0,0,0.268837,0.00286973,0.752271,0.0083456,0.00518548,0.00239481,0.0257394,1,0.0430163,0.179251,0.0101874,0.0885214
19.669333333,0.366208,0.00119617,6.55055e-05,0,0,0,0.0197369,0.657171,0.123099,0.00693346,0,0.0584979,0.259429,0.00075932,0.751118,0.00669432,0.00532281,0.00291771,0.00803537,1,0.0394416,0.136643,0.024953,0.102665
19.712000000,0.40295,0.00151738,0,0,0,0,0,0.671737,0.119782,0.00704385,0,0.0479416,0.255483,0.000301025,0.732565,0.00216376,0,0.00389366,0,1,0.0272093,0.114837,0.0237633,0.0906596
19.754666666,0.413755,0,0,0.00244597,0.0169302,0.0103613,0.00234504,0.724656,0.126354,0.0344382,0,0.00190662,0.28985,0,0.706368,0.0133228,0.00347572,0.00764225,0.000954722,1,0.028905,0.121992,0.00089087,0.0876001
19.797333333,0.411918,0,0.0103109,0.00512471,0.0300977,0.0136747,0.00149491,0.781544,0.130548,0.0800271,0,0.000530798,0.379759,0,0.75013,0.0271861,0.016579,0.0138822,0.000608614,1,0.0591624,0.119736,0,0.116292
19.840000000,0.360526,0,0.0260061,0,0.0404757,0.0286513,0.00788389,0.701184,0.138323,0.0694838,0,0.0385731,0.463082,0,0.798368,0.0322955,0.0400625,0.020393,0.00320972,1,0.0789221,0.0722708,2.1503e-05,0.137739
19.882666666,0.427869,0,0.0162661,0,0.0436944,0.0295139,0,0.762085,0.142577,0.0233943,0,0.144075,0.613768,0,0.723026,0.0372746,0.0575316,0.0214044,0,1,0.0867561,0.0819183,0.00052364,0.14934
19.925333333,0.649233,0,0.0119997,0.0236559,0.0365387,0.0168345,0,0.875015,0.149835,0.0365689,0,0.173418,0.803875,0,0.738182,0.0510262,0.0991205,0.00856053,0,1,0.337679,0.0732446,0.275997,0.195171
19.968000000,0.756177,0.0709056,0.134916,0.0400065,0,0.0088432,0,0.93475,0.267498,0.171169,0,0.0223345,0.800206,0.0201691,0.791096,0.632332,0.1116,0.00185075,0,0.75244,1,0.0402974,0.461263,0.152537
20.010666666,0.60393,0.295163,0.157629,0.0125585,0.0460969,0.0230418,0,0.608824,0.313012,0.116569,0,0,0.568102,0.102702,0.623594,0.99782,0.158588,0.00482229,0,0.509151,1,0.0274433,0.389228,0.0900442
20.053333333,0.438288,0.296455,0,0,0.0504298,0.0597905,0.00580309,0.384446,0.244763,0,0,0,0.339761,0.101168,0.394095,1,0.148567,0.0125132,0.001243,0.333894,0.909144,0,0.327972,0.0939042
20.096000000,0.41041,0.176095,0,0,0.0424519,0.0702318,0.0529522,0.380819,0.203213,0,0,0,0.218093,0.0613555,0.317983,1,0.122672,0.0146984,0.0113422,0.341958,0.90395,0,0.31131,0.0902407
20.138666666,0.446749,0,0,0,0.034923,0.074623,0.0669651,0.463018,0.240616,0,0,0,0.203461,0.00803062,0.287528,1,0.102748,0.0156174,0.0143437,0.45053,0.95773,0,0.322096,0.0973319
20.181333333,0.428066,0,0,0,0.0299294,0.0627362,0.0370698,0.515183,0.192394,0.145586,0,0,0.30378,0.00392279,0.259069,1,0.0945846,0.0131297,0.00799438,0.522986,0.986569,0.0342747,0.322822,0.0800932
20.224000000,0.420149,0.000966113,0,0,0,0.0460111,0.0287342,0.515877,0.169196,0.186707,0,0.0274911,0.36837,0.00689396,0.263556,0.941755,0.0914299,0.00962942,0.00615475,0.494757,1,0.0439555,0.318353,0.0844577
20.266666666,0.411938,0.00320528,0,0,0,0.0310963,0.0274403,0.467191,0.206838,0.183106,0.000161391,0,0.385425,0.0528508,0.282667,0.822264,0.0990485,0.00650798,0.00587761,0.321729,1,0.0438768,0.316392,0.0961655
20.309333333,0.350625,0.000180132,0.0110236,0,0,0.0133252,0.0291444,0.381036,0.271438,0.146546,0,0,0.350242,0.0805279,0.276364,0.678242,0.0961431,0.00278877,0.0118654,0.231929,1,0.0365188,0.293443,0.113942
20.352000000,0.395344,0.204346,0.164448,0,0,0,0,0.576998,0.276488,0.133707,0,0.000341113,0.46574,0.154505,0.990202,0.348576,0.150976,0,0,0.359339,1,0.034244,0.331076,0.0753601
20.394666666,0.355801,0.236564,0.0901493,0,0,0,0,0.577731,0.132254,0.137443,0,0.00118975,0.484407,0.0828846,1,0,0.180884,0,0,0.611861,0.428874,0.128331,0.178382,0.0329482
20.437333333,0.51772,0.207475,0.00812273,0,0,0,0,0.830618,0.0883428,0.209907,0.00764871,0,0.513292,0.0588996,1,0,0.210726,0,0,0.784704,0.254769,0.230317,0.131932,0
20.480000000,0.623407,0.154292,0,0.00162701,0.00586474,0.0109247,0,0.878622,0.0387129,0.208179,0.0885666,0,0.552796,0.0437816,1,0.000328955,0.217291,0.00228637,0,0.946409,0.010427,0.273929,0.127978,0
20.522666666,0.708357,0.0397064,0,0,0.00336053,0,0.00162112,0.809841,0.0915319,0.12409,0.165343,0.00410755,0.520274,0.0112796,0.91963,0,0.193667,0.000617726,0.000659998,1,0.0223359,0.265802,0.0768976,0.0010528
20.565333333,0.418322,0.046726,0,0,0,0.00278859,0.0231431,0.313122,0,0,0.0845438,0,0.536132,0.0132912,1,0,0.165319,0.00121347,0.00495717,0.949294,0.00156278,0.238692,0.0207201,0
20.608000000,0.395616,0.0998714,0,0,0,0.00760255,0.0408864,0.291542,0,0,0,0,0.588607,0.0283275,1,0,0.132784,0.00216115,0.00875772,0.857807,0.00163602,0.260228,0,0
20.650666666,0.510394,0.115977,0,0,0,0.00879208,0.0434353,0.497668,0.000846724,0,0,0.00596655,0.65208,0.0329896,1,0,0.11243,0.00323298,0.00930367,0.844651,0.00185886,0.384914,0,0.00152927
20.693333333,0.62014,0,0.0920053,0.00797174,0,0,0.0191126,0.684871,0,0,0,0.0502384,0.665651,0,1,0.00577953,0.131642,0.00184117,0.00409385,0.879966,0.00171208,0.374521,0,0.0128765
20.736000000,0.55095,0.00140098,0.157273,0.00599476,0.0172301,0,0.000570494,0.597722,0,0,0.101391,0,0.599829,0.000277934,1,0.00811395,0.182415,0.00204817,0.000661568,0.962863,0.00179978,0.271728,0.0248491,0
20.778666666,0.487366,0.00174869,0.0847157,0,0.00742202,0,0,0.552627,0.0836138,0.0448244,0.00740339,0,0.493182,0.000346913,1,0,0.176228,0.00222749,0.000213008,0.953628,0.0206329,0.262298,0.00181443,0
20.821333333,0.513752,0.0806307,0,0,0,0,5.86595e-05,0.59224,0.133911,0.0744045,0,0,0.516966,0.0229354,1,0,0.16716,0.00251708,1.25646e-05,0.93574,0.0319692,0.269218,0,0
20.864000000,0.511512,0.0943926,0,0,0.000320323,0.0169216,0.0274462,0.616606,0.122731,0.0795542,0,0,0.525383,0.0268499,1,0,0.150605,0.00648698,0.00668349,0.848517,0.0295545,0.268365,0,0
