0.000000000,0.194327,0.0709026,0.125127,0.233339,0.13858,0.0028874,0.00188111,0.162406,0,0.139001,0,0,0.157256,0.0276252,0.247654,0.0752313,0.0596485,0.0550436,0.0193201,1,0,0.0763582,0.000237842,0.353693
0.046439909,0.192022,0.000943116,0.0578287,0.216824,0.144841,0,0,0.165749,0,0.15065,0,0,0.155391,0.0011269,0.238994,0.0699064,0.0614073,0.0452835,0.00804912,1,0,0.0827574,0.000258204,0.344896
0.092879818,0.164795,0,0.00395403,0.176541,0.146284,0,0,0.165535,0,0.133364,0,0.0271942,0.133358,0.00049543,0.216933,0.0562582,0.0616357,0.0378491,0.00845708,1,0,0.0732618,0.00027946,0.361627
0.139319727,0.103004,0,0.022737,0.0381666,0.128907,0,0.00137946,0.17843,0,0.081071,0,0.0608034,0.0833541,0.000632819,0.206183,0.0087979,0.0555877,0.0304296,0.0084556,1,0,0.0445353,0.00031126,0.389102
0.185759637,0.0157365,0,0.0622041,0.0303105,0.0967631,0,0.00447875,0.198126,0,0.0189535,0.0367205,0.0712891,0.0203668,0.000330845,0.191963,0.00612828,0.0443609,0.0195631,0.00703209,1,0,0.0104119,0.00927429,0.383732
0.232199546,0.0291051,9.96872e-05,0.0303319,0.0296814,0.0159378,0,0.014462,0.210691,0.00522005,0,0.0274523,0.0337935,0.0235528,1.97764e-05,0.208939,0.00674273,0.0137856,0.0100545,0.00309771,1,0.00225756,0,0.0170339,0.335853
0.278639455,0.0247029,1.23498e-06,0.00911691,0.0279401,0,0,0.114872,0.197182,0.0341465,0.0378063,0.100065,0.0404111,0.0199904,2.45e-07,0.196102,0.0111619,0.00547039,0.00776868,0.0436361,1,0.00775659,0.00890056,0.0618502,0.296526
0.325079365,0.0323879,0.0011711,0.0692235,0.0214071,0,0,0.132257,0.238698,0,0.109991,0.0743107,0.123296,0.0355141,0.000232329,0.207291,0.00996879,0.00449775,0.00750801,0.0538449,1,0,0.0258947,0.0459313,0.326553
0.371519274,0.0253561,0.00201625,0.0750228,0.11319,0,0.0127372,0.0549836,0.267174,0,0.0744986,0.0653983,0.162004,0.0283064,0.000399992,0.199875,0.0398678,0.00897325,0.010848,0.0178051,1,0,0.0175388,0.0160279,0.341951
0.417959183,0.0420173,0.00315229,0.040545,0.195998,0,0.0224012,0.01659,0.294366,0,0.064256,0.0604202,0.127896,0.0339903,0.000625366,0.179316,0.0646047,0.00673703,0.0152708,0.00355351,1,0,0.0151275,0.0148093,0.344344
0.464399092,0.0864292,0.00361909,0.0427463,0.157793,0,0.0195357,0.0319395,0.39172,0,0.0762149,0.0251409,0.0606894,0.344391,0.000717972,0.122309,0.0508742,0.00542375,0.0175025,0.00684131,1,0,0.0179429,0.00642724,0.336174
0.510839002,0.0232446,0.00273211,0.00762028,0,0,0.12675,0.0374763,0.432868,0,0.042891,0.0112089,0.137225,0.50428,0.000542008,0.00168266,0,0.0216604,0.052787,0.00802728,1,0,0.0100976,0.00366156,0.367764
0.557278911,0.000332729,0,0.0154112,0.0139824,0,0.132945,0.0401742,0.412433,0,0,0.0574458,0.239974,0.646599,0.000775854,0.0133075,0.00282702,0.0328222,0.0414167,0.00860517,1,0,0,0.015156,0.366832
0.603718820,0.0518911,0,0.0526791,0.0175582,0.0282068,0.167493,0.0145951,0.393435,0,0,0.0476198,0.221474,0.745536,0.0152589,0.056515,0.00354999,0.0441444,0.0561962,0.00312622,1,0,0,0.0128029,0.340482
0.650158730,0.107289,0,0.0900159,0.0174924,0.0428594,0.17759,0,0.381169,0,0,0.0466413,0.186276,0.771111,0.0244597,0.0695286,0.00353668,0.050447,0.0632525,0,1,0,0,0.0125198,0.338482
0.696598639,0.047561,0,0.115973,0.0210637,0.0152088,0.0875994,0.00115106,0.319647,0,0,0.0995031,0.11215,0.690719,0.0236736,0.038038,0.00425873,0.0456405,0.0304717,0.000246552,1,0,0,0.0393201,0.353363
0.743038548,0.0328197,0.00271207,0.0460648,0.138688,0.0444187,0.214241,0.0231204,0.350473,0,0,0.0617626,0,0.627887,0.0238066,0.0139114,0.0447145,0.0916038,0.218375,0.00941288,1,0.00252106,0,0.215343,0.27873
0.789478458,0.0432696,0,0,0.182708,0.0456331,0.253701,0.0745664,0.243614,0.00537967,0.078528,0,0,0.643002,0,0,0.0589071,0.2066,0.345489,0.0230899,1,0.00904319,0.0184875,0.560442,0.249368
0.835918367,0.036552,0,0,0.00962957,0.075308,0.130899,0.0588208,0.21403,0.0850641,0.11708,0,0,0.595957,0,0.0132651,0.00310468,0.287218,0.341358,0.013275,1,0.0297301,0.0275636,0.893593,0.218253
0.882358276,0.0414866,0,0,0,0.114478,0.112867,0.0442148,0.186138,0.0644499,0.0891949,0,0.00028084,0.455249,0,0.025658,0,0.265137,0.300648,0.00947063,0.914495,0.0246044,0.0209987,1,0.191415
0.928798185,0.143657,0,0,0.0211338,0.0762784,0.0922056,0.0375907,0.166567,0,0.121945,0,0.0251794,0.346585,0,0.0316389,0.0286048,0.125363,0.224741,0.00820046,0.83585,0.00815811,0.0287089,1,0.220873
0.975238095,0.21351,0.00140201,0,0,0.0509859,0.229699,0.0287207,0.102302,0,0.0465594,0,0.0230466,0.226959,0.000278137,0.03352,0,0.0104673,0.208775,0.00899417,0.542482,0.00389694,0.0109613,1,0.103675
1.021678004,0.28308,0.00685909,0.0173051,0,0.0405148,0.226966,0.0183886,0.0853788,0.0029302,0,0.0543611,0,0.192464,0.00168072,0.0880321,0,0.00831758,0.274728,0.00748645,0.346575,0.00247483,0,1,0.0217994
1.068117913,0.28231,0.113788,0.0634277,0.0303246,0.0207221,0.273921,0,0.0779411,0.167466,0,0,0.156626,0.167978,0.0323669,0.119234,0.00613113,0.0042542,0.358917,0,0.321302,0.0825514,0,1,0.0900622
1.114557823,0.229361,0.0421373,0.0638288,0.0257612,0.0186619,0.201841,0,0.152334,0.170058,0,0,0.252138,0.216458,0.0265229,0.0701934,0.0052085,0.00383123,0.351351,0,0.365883,0.0838289,0,1,0.113434
1.160997732,0.137608,0.00564931,0.0336756,0.0110771,0.0894675,0.000462702,0,0.213547,0.144269,0,0.02193,0.210225,0.3128,0.0379087,0.0316465,0.00223962,0.0300598,0.26668,0,0.453883,0.0711166,0,1,0.0685873
1.207437641,0.0861584,0.00690201,0.00367808,0.0155744,0.0166791,0.0223667,0.0420394,0.486134,0.0413778,0,0.0622942,0.154781,0.370343,0.0228725,0.0431877,0.00502136,0.00577502,0.0709505,0.0169462,0.628715,0.0203969,0,1,0.0822345
1.253877551,0.000858762,0.0485067,0.00210069,0.0125635,0,0.0801868,0.0119411,0.346131,0,0,0.10269,0.292641,0.30165,0.0411974,0.0539048,0.036241,0.04455,0.0362654,0.00255773,1,0,0,0.995205,0.154684
1.300317460,0.00114722,0.0357771,0.0452926,0.0148732,0.0794001,0.241285,0.015264,0.117983,0,0,0.033983,0.262047,0.227173,0.0317793,0.0904315,0.119441,0.0829171,0.0911948,0.00326948,1,0,0,0.762629,0.157205
1.346757369,0.071328,1.20498e-05,0.0643291,0.0275267,0.115284,0.242063,0.023929,0.114359,0,0,0,0.264297,0.231028,3.42755e-06,0.109369,0.156211,0.0861422,0.0882707,0.00512549,1,0,0,0.642571,0.180077
1.393197278,0.000937275,0,0.0587668,0.0112278,0.114713,0.16048,0.0255147,0.148264,0,0,0.00605335,0.184907,0.217788,0,0.103856,0.144791,0.0743446,0.0525547,0.00546516,1,0,0,0.52664,0.130099
1.439637188,0.0378817,0.00289634,0.011621,0.0602553,0.0874839,0.0688667,0.0157697,0.321562,0,0,0.00240099,0.13469,0.294442,0.00057459,0.187949,0.140342,0.0302907,0.0144127,0.00337781,1,0,0,0.474413,0.150881
1.486077097,0.000256876,0.00323799,0.0148829,0.0648305,0.110341,0.0669115,0.0137489,0.195426,0,0.017597,0,0.19083,0.0501444,0.000642368,0.40051,0.211577,0.0760072,0.0145481,0.0172033,1,0,0.0496938,0.378115,0.205332
1.532517006,0,0,0.113648,0.0683227,0.0647499,0.0760215,0.00137612,0.166196,0.0136447,0.0406472,0,0.18028,0,0,0.605093,0.236235,0.169084,0.0159101,0.0254882,1,0.00309947,0.0847824,0.339287,0.14443
1.578956916,0,0,0.0257703,0.110275,0.0978226,0.081807,0,0.176423,0.0271024,0.0196059,0,0.160575,0,0,0.726767,0.22122,0.188345,0.0194671,0.0310983,1,0.00615648,0.0970519,0.355488,0.0991704
1.625396825,0,0,0.0307686,0.109772,0.0762347,0.0577467,0,0.191942,0.0200053,0.0352422,0,0.196603,0,0,0.70853,0.195402,0.144579,0.0120855,0.0325247,1,0.00454434,0.110601,0.371966,0.0992413
1.671836734,0,0,0.0632927,0.0386492,0.167391,0.0276561,0,0.171272,0.033292,0.0231207,0,0.286099,0,0,0.671883,0.140123,0.10419,0.005788,0.031214,1,0.00756247,0.107734,0.385056,0.159611
1.718276643,0,0.000848362,0.0740792,0.0350639,0.0824618,0.00734513,0,0.159385,0.0412833,0,0,0.206637,0,0.0229846,0.616551,0.0648993,0.0285518,0.00153722,0.0285965,1,0.00937775,0.0978062,0.423526,0.112266
1.764716553,0,0,0.0346781,0.0441831,0.0831916,0,0,0.15634,0.0317542,0,0,0.130673,0,0.0282247,0.615383,0.019949,0.0261805,0,0.0273349,1,0.00721316,0.0978971,0.463809,0.0871825
1.811156462,1.74223e-06,0,0.0827913,0.017681,0.0712314,0.0160649,0,0.168226,0,0,0.0605461,0.0865723,0.000340098,0.0301064,0.513992,0.0335844,0.0146236,0.00336213,0.0246934,1,0,0.0853528,0.465362,0.104469
1.857596371,0.000265733,0.00702058,0.103063,0.0251994,0.0317172,0.0376144,0.0418849,0.146649,0,0,0.0469374,0.195098,5.25759e-05,0.001997,0.479092,0.0324947,0.00692149,0.00787211,0.0328528,1,0,0.0733301,0.448846,0.189167
1.904036281,0.000729127,0.000439915,0.19411,0.0106602,0.152485,0.0238499,0.0691726,0.141807,0,0,0,0.227682,0.000144259,8.72723e-05,0.523629,0.0813453,0.0535307,0.00499142,0.0391645,1,0,0.0795952,0.435643,0.217645
1.950476190,0.00115024,8.87104e-05,0.23567,0.0516531,0.167002,0,0.112923,0.173042,0,0,0.0269312,0.2455,0.00249691,1.75988e-05,0.631277,0.0166535,0.0610903,0,0.06074,1,0.0185603,0.0780059,0.796177,0.165698
1.996916099,0.001264,0.000823311,0.322033,0.253126,0.00713578,0,0.173742,0.113051,0,0,0.108621,0.016159,0.0190849,0.000163332,0.72258,0.0816106,0.007534,0.064021,0.0792014,0.438822,0.0809222,0,1,0.00414555
2.043356009,0.00145338,0.000915508,0.321825,0.222743,0,0.0216219,0.12853,0.0504053,0,0,0.0401437,0.0342727,0.0125955,0.000181623,0.786592,0.071815,0.0168304,0.32903,0.0496827,0.123755,0.090166,0,1,0.00879169
2.089795918,0.00129953,0.00258655,0.213696,0.117624,0,0.021783,0.0833058,0.0427299,0,0,0.0412147,0.0458252,0.00765707,0.000513132,0.74398,0.0373578,0.0468236,0.358733,0.0331421,0.0159875,0.0872062,0,1,0.0117526
2.136235827,0.0185195,0.00409007,0.168172,0.0629951,0,0.0293793,0.0458634,0.0628934,0,0.00581057,0.0413988,0.0695547,0.00970169,0.000811407,0.665025,0.0199418,0.0727051,0.326828,0.0183066,0.0199935,0.0773638,0.00319196,1,0.0178335
2.182675736,0.00495797,0.00357113,0.156603,0.0860907,0,0.0256833,0.0213909,0.0695659,0,0.00299093,0.0407069,0.115048,0.00338297,0.000708458,0.641128,0.0277566,0.112301,0.277624,0.00740893,0.0732059,0.0625926,0.00164302,1,0.0294909
2.229115646,0.000909091,0.00309325,0.232701,0.0972912,0,0,0.00976317,0.0648857,0.0171167,0,0.0421296,0.225618,0.000179865,0.000613653,0.637807,0.0313678,0.153851,0.127488,0.00209123,0.335848,0.0427716,0,1,0.057851
2.275555555,0.000723067,0.00346187,0.345667,0.0327965,0,0,0.020868,0.0889081,0.0687053,0,0.121097,0.271105,0.00014306,0.000686781,0.623734,0.010574,0.0065294,0.0670305,0.00693488,0.620733,0.0442909,0,1,0.0695296
2.321995464,0.000388452,0.00452615,0.213305,0.0222528,0,0,0.0228522,0.193005,0,0,0.198152,0.277284,7.68559e-05,0.000897918,0.631543,0.0461451,0,0.00218144,0.0610249,0.724689,0.00409413,0,1,0.0711118
2.368435374,0.00101493,0.00440713,0.117415,0.0245956,0,0.0180793,0.00415918,0.117228,0,0,0.215662,0.199952,0.000200805,0.000874306,0.691036,0.0221911,0,0.0384088,0.131463,0.725757,0.00302128,0,1,0.0512841
2.414875283,0.00148806,0.00360831,0.0481381,0.115125,0.00490921,0.0417124,0.033804,0.117198,0,0,0.143355,0.0441507,0.000294416,0.000715834,0.683343,0.0371175,0.00100785,0.0886164,0.168853,0.733452,0.00475378,0,1,0.0235666
2.461315192,0.189174,0.00167637,0.0021121,0.139691,0,0.0882761,0.187931,0.122862,0,0,0.0470217,0.0754501,0.47395,0.000332565,0.420604,0.0426962,0.00727514,0.187539,0.0960448,0.650494,0.0154152,0,1,0.0530491
2.507755102,0.188568,0,0.00235802,0.140768,0,0.0875633,0.260218,0.125048,0,0,0.044683,0.27191,0.739478,0,0.263239,0.0408345,0.033861,0.14761,0.09576,0.633649,0.0218618,0,1,0.191145
2.554195011,0.125498,0,0.0268334,0.0312899,0,0.204983,0.224249,0.141307,0,0,0.0448553,0.314969,0.892657,0,0.2448,0.0759317,0.0467819,0.184277,0.0726079,0.648907,0.0150506,0,1,0.216197
2.600634920,0,0,0.10543,0.0218477,0.0244496,0.301497,0.147167,0.144847,0,0,0.129674,0.234912,0.953723,0,0.310063,0.116156,0.0577471,0.285109,0.0389043,0.609248,0.00975035,0,1,0.165137
2.647074829,0.0597751,0,0.116631,0.0196457,0.0687552,0.304678,0.0348619,0.146486,0,0,0.0983199,0.226275,0.965589,0,0.359741,0.0619096,0.0696962,0.323101,0.0074673,0.361751,0.00671118,0,1,0.0579959
2.693514739,0.104758,0.0523804,0.117663,0.0248964,0.0933522,0.27113,0,0.0864299,0.0264073,0,0.0410004,0.183336,0.893921,0.0148996,0.352713,0.00503365,0.0771266,0.218008,0,0.388411,0.0110333,0,1,0.0469904
2.739954648,0.212961,0,0.0352041,0.0219204,0.147703,0.225296,0,0.050399,0.0863313,0,0.0372124,0.0537919,0.716706,0,0.227102,0.00443194,0.294064,0.309726,0,0.398282,0.0236334,0,1,0.0159298
2.786394557,0.220291,0,0.000464785,0.0101833,0.113817,0.255176,0.0918051,0.0198706,0.0507472,0.0384245,0.0402726,0,0.553765,0,0.140914,0.00205889,0.278005,0.347319,0.0373761,0.340068,0.0192418,0.00904611,1,0
2.832834467,0.204623,0,0,0.033877,0.135612,0.150968,0.106224,0.00104742,0.0237893,0.0315348,0.037861,0,0.405496,0,0.0979161,0.0105517,0.241591,0.298421,0.0432462,0.255542,0.0133153,0.0173232,1,0
2.879274376,0.15454,0,0.0204772,0.0334609,0.12528,0.100397,0.0548038,0.00161794,0,0.0118412,0.0346205,0.00576447,0.247631,0,0.10633,0.0105996,0.253981,0.322976,0.0117388,0.190794,0.00711266,0.00650479,1,0.00147748
2.925714285,0.158279,0,0.0323865,0.00415011,0.120358,0.116353,0.0468912,0,0,0.0138134,0.034796,0.0343218,0.1411,0,0.114073,0.000839085,0.235257,0.36741,0.0116244,0.126459,0.00551951,0.00325202,1,0.00879692
2.972154195,0.0454628,0,0.0239992,0.0175649,0,0.348299,0.0679358,0,0,0.0149116,0.0335201,0.100387,0.0843764,0,0.0836128,0.00355134,0.0438974,0.413139,0.0249104,0.0181279,0.0116678,0.00351058,1,0.0596744
3.018594104,0.000711297,0,0.0704366,0.00633699,0.0171479,0.316263,0.0254689,0,0.0382166,0,0.0418886,0.0134263,0.0231717,0,0.0539285,0.00128124,0.00352043,0.408012,0.0279723,0,0.0248578,0,1,0.00344125
3.065034013,0.0435548,0,0.0378616,0.00193755,0.0376948,0.281971,0.0120973,0,0.118534,0,0.0342268,0.0610681,0.0295269,0,0.0582369,0.00039174,0.00773865,0.376843,0.0687199,0,0.0603939,0,1,0.0188378
3.111473922,0.0507784,0.00518856,0.0218772,0.00132334,0.0531529,0.238039,0,0,0.145155,0,0.0349478,0.124151,0.0573696,0.00147588,0.0326947,0.000267558,0.0109122,0.35824,0.0954897,0,0.0738817,0,1,0.0318208
3.157913832,0.0297128,0.0227607,0.00962579,0.0120016,0.0924573,0.113237,0.00532074,0,0.176426,0,0.0342577,0.166074,0.0865615,0.00647426,0.0235576,0.00242653,0.0297768,0.34001,0.0991604,0,0.0912134,0,1,0.0425659
3.204353741,0.117422,0.00621056,0.00772916,0.0152446,0.0300363,0.0985876,0.158475,0.150158,0.116476,0,0.0584776,0.112297,0.218631,0.00176659,0.0486872,0.0030822,0.0103999,0.244978,0.0589429,0.16134,0.0632112,0,1,0.0288258
3.250793650,0.0903125,0,0.105009,0.013525,0,0.0502997,0.253685,0.0380646,0.0216372,0,0.150708,0.253311,0.218305,0,0.186554,0.00273453,0.0345638,0.0550121,0.0945181,0.430638,0.0106659,0,1,0.0650024
3.297233560,0.159045,0,0.134553,0.00102408,0.029589,0.150888,0.250978,0.0104459,0,0,0.219151,0.265702,0.221777,0,0.237702,0.0372088,0.0571285,0.0486754,0.0947716,0.625156,0,0,1,0.071501
3.343673469,0.183266,0,0.143139,0,0.0466168,0.219538,0.225163,0,0,0,0.188251,0.25414,0.223727,0,0.26416,0.0557348,0.0803343,0.0711687,0.132548,0.719805,0,0,1,0.113795
3.390113378,0.187515,0,0.0951488,0,0.0668412,0.179044,0.135378,0.171869,0,0,0.156188,0.188552,0.25536,0,0.251012,0.0644275,0.102966,0.0563432,0.171436,0.862625,0,0,1,0.0956122
3.436553287,0.259047,0,0.0528495,0.129526,0.0709289,0.0252866,0.0985277,0.242415,0,0,0.218519,0,0.350537,0,0.439668,0.133032,0.0878023,0.00529209,0.215224,0.941694,0,0,1,3.90163e-05
3.482993197,0.119947,0,0.142308,0.274058,0.100669,0.0268117,0.262573,0.0429029,0,0,0.228307,0,0.0705172,0,1,0.267275,0.195312,0.00561127,0.128692,0.91276,0,0.0236351,0.86765,1.66028e-07
3.529433106,0,0,0.0531974,0.333069,0.125442,0.0554566,0.0414376,0.0563849,0,0,0.197061,0.012465,0,0,1,0.331216,0.16063,0.0116062,0.0459063,0.926199,0,0.0819472,0.696199,0.00876254
3.575873015,0,0,0.0174562,0.408831,0.10697,0.0533983,0.00187805,0.0622423,0,0.0152586,0.167638,0.130908,0,0,1,0.27505,0.14338,0.0111755,0.0346577,0.740808,0,0.11377,0.678578,0.0521695
3.622312925,0,0,0.0694826,0.266777,0.198258,0.0460273,0.00266023,0.0443729,0,0.00996944,0.13035,0.260486,0,0,1,0.201305,0.156223,0.0096328,0.0329435,0.517191,0,0.0923666,0.697531,0.121283
3.668752834,0,0,0.105259,0.1265,0.233623,0.0543796,0.00557744,0.022459,0,0,0.0967337,0.313854,0,0,1,0.147993,0.1616,0.0407829,0.0324051,0.381645,0,0.090371,0.764326,0.150412
3.715192743,0,0,0.13019,0.0422144,0.182205,0.0739456,0.0148665,0,0,0,0.0395205,0.217767,0,0,1,0.0731144,0.136119,0.0780632,0.0333359,0.463051,0,0.0917192,0.860914,0.153084
3.761632653,0,0.0278144,0.0718034,0.100167,0.0775244,0.0576096,0.054058,0,0,0,0.109705,0.0565375,0,0.00791178,1,0.0905505,0.0274387,0.0735836,0.179244,0.470966,0,0.0910001,0.908698,0.0397443
3.808072562,0,0.0382407,0,0.222902,0.0954118,0.0450753,0.0443136,0,0,0.0504738,0.290539,0.123883,0,0.0108775,1,0.2069,0.195812,0.00943356,0.134942,0.522796,0,0.107504,0.955633,0.0870862
3.854512471,0.000643515,0.0652734,0.000646292,0.230796,0.175455,0.0255116,0.00073998,0,0,0.0279835,0.27253,0.352773,0.000127321,0.0184791,1,0.161062,0.388943,0.0053392,0.0314348,0.545658,0,0.096777,0.963657,0.2053
3.900952380,0.000773144,0,0.0656583,0.119702,0.270578,0.0116285,0.0069521,0,0,0.038148,0.246928,0.339131,0.000152968,0,1,0.0993364,0.370455,0.00243366,0.0328179,0.532767,0,0.111413,0.982727,0.16762
3.947392290,0,0,0.093331,0.123873,0.220449,0.0150899,0.0246933,0,0,0.107958,0.272159,0.128987,0,0.145877,1,0.0399382,0.0679948,0.00315808,0.0375491,0.48182,0,0.760451,0.712926,0.0906741
3.993832199,0,0.00290126,0.094144,0.0605047,0.20425,0.0689519,0.00484064,0,0,0.0626711,0.116406,0.0942229,0,0.318262,0.614208,0.0818935,0.07072,0.019183,0.0199305,0.0881609,0.0031748,1,0.0646595,0.0662361
4.040272108,0.000306664,0.00327808,0.118413,0.0682899,0.0536807,0.18229,0.00107372,0,0,0.0750098,0.0790616,0.187519,6.06741e-05,0.312512,0.517498,0.0924437,0.137597,0.0662606,0.00792943,0.04563,0.00449486,1,0.0193765,0.131821
4.086712018,0.000530658,0.00298602,0.09113,0.074145,0.0139318,0.230376,0.00500406,0.014352,0,0.0785585,0.0210078,0.224972,0.000104992,0.304392,0.388322,0.100779,0.213918,0.0862032,0.00397655,0.041059,0.00470063,1,0.00514861,0.141326
4.133151927,0.000519162,0.00261094,0.0332809,0.0455614,0.0457624,0.227865,0,0.0325724,0.0480452,0.076823,0,0.223103,0.000102717,0.29826,0.232364,0.0622092,0.236537,0.0852636,0.00341521,0.0373512,0.0154562,1,0,0.100424
4.179591836,0.0137748,0.00318239,0.00145844,0.0525725,0.107641,0.188046,0.000631255,0.0487151,0.0374675,0.0747493,0,0.15722,0.0110519,0.300361,0.178135,0.0255007,0.239503,0.0703639,0.003752,0.0411829,0.0127846,1,0,0.0689199
4.226031746,0.0500806,0.00366311,0.00249579,0.20612,0.0199735,0,0.060415,0.1049,0,0.0774817,0.0153912,0.0754231,0.0405269,0.307439,0.171606,0.0664554,0.125612,0,0.171523,0.0349826,0.00105083,1,0.00436384,0.0530204
4.272471655,0.0329664,0.00401731,0.00529766,0.132855,0,0.0110378,0.067228,0.123108,0,0.159364,0.0488498,0.0151509,0.0266299,0.291269,0.169564,0.0428341,0.0559567,0.0112725,0.433466,0.047969,0,1,0.0131436,0.0106506
4.318911564,0.0774179,0.00402511,0.0251236,0.111214,0.0101225,0.0392657,0.0943811,0.0660253,0,0.137458,0.132915,0.0182232,0.0625319,0.30156,0.193917,0.0358566,0.0419316,0.00821772,0.646567,0.028329,0,1,0.0339229,0.00903314
4.365351473,0.0665989,0.00275755,0.031842,0.0854206,0,0.0612044,0.160049,0,0,0.164451,0.167573,0.0187427,0.0535396,0.324785,0.231236,0.0275406,0.0333578,0.0128091,0.76061,0,0,1,0.0424949,0.0131756
4.411791383,0.0142328,6.92164e-05,0.050493,0.0293913,0.0348136,0.0620654,0.181257,0,0,0.234775,0.0571418,0.0319065,0.0108574,0.324763,0.262943,0.0094761,0.0381077,0.0129893,0.753195,0,0,1,0.0154538,0.0224294
4.458231292,0.0255169,0.000756362,0.0197369,0.00757221,0.0938968,0.0296208,0.188299,0,0.0103618,0.226699,0,0.18288,0.153739,0.292051,0.0935211,0.00153098,0.0742666,0.00977871,0.618172,0.00558272,0.00235374,1,0.00166173,0.0967802
4.504671201,0.116986,0.0026379,0.0422746,0.00156651,0.123235,0.00157833,0.268751,0,0.0186608,0.237435,0.0803194,0.0390523,0.528867,0.266553,0.0473523,0.000316723,0.0812285,0.000330319,0.539533,0.0126419,0.00423892,1,0.0510853,0.0217209
4.551111111,0.223149,0.00260633,0.144904,0.000247093,0.113838,0,0.336661,0,0.0162768,0.247571,0.104696,0.00756825,0.837949,0.257604,0.161151,4.99581e-05,0.0796951,0,0.484446,0.0772417,0.00369737,1,0.0271484,0.0019398
4.597551020,0.206065,0.000368432,0.181232,0.0185691,0.0752741,0.205558,0.153981,0.0832501,0.003237,0.27587,0.062465,0.0969234,1,0.251527,0.199939,0.00375436,0.0872898,0.0769166,0.300163,0.184869,0.000735304,0.997948,0.01686,0.0248422
4.643990929,0.136512,0,0.194027,0.0264021,0.0356702,0.331278,0,0.107731,0,0.294693,0,0.133573,1,0.256829,0.215113,0.00533807,0.0943067,0.123959,0.142556,0.217381,0,0.951174,0.00137507,0.0342358
4.690430839,0.000242367,0,0.168243,0,0.0583422,0.202373,0,0.127155,0.000883472,0.228277,0,0.100912,0.90649,0.257194,0.188452,0,0.143722,0.0655314,0.0887637,0.212942,0.000200686,1,0.000957707,0.0258645
4.736870748,0.000432775,0.00185047,0.018869,0,0.0475862,0.0515915,0.0222203,0.182466,0,0.175134,0.0166829,0.0407238,0.637207,0.221155,0.0211355,0,0.234013,0.0107973,0.0954814,0.203594,0,1,0.00446872,0.0286277
4.783310657,0.000522364,0,0.101597,0,0.0417033,0.0438151,0.0322339,0.16873,0,0.132731,0.0657005,0.0739541,0.51151,0.217324,0.1138,0,0.293834,0.00916983,0.0387429,0.192548,0,1,0.0161057,0.0519877
4.829750566,0.000309983,0,0.166569,0,0.0404546,0.052269,0.0483746,0.17849,0,0.111636,0.00276297,0.0918209,0.463256,0.197092,0.186576,0,0.321389,0.0109391,0.0103617,0.167341,0,1,0.000677152,0.0502575
4.876190476,0.0246609,0,0.162908,0.0108863,0.0412585,0.119663,0.0653959,0.0959282,0,0.0896984,0,0.0710116,0.417123,0.168948,0.18196,0.037434,0.318529,0.0345202,0.0140076,0.0706933,0,1,0,0.032551
4.922630385,0.0632543,0,0.161534,0.0127882,0.0147876,0.248847,0.0416543,0.0744098,0,0.0924051,0,0.101933,0.367238,0.176436,0.179165,0.0650518,0.310427,0.0900853,0.00895555,0.0326607,0,1,0,0.0529742
4.969070294,0.000463624,0,0.132443,0.0151059,0.0941296,0.222581,0.0156037,0.067295,0.0681948,0.070451,0,0.125468,0.288933,0.169507,0.145194,0.0290083,0.328927,0.0832863,0.00365925,0.0159159,0.0336162,1,0,0.0321583
5.015510204,0.0687943,0.00304572,0.0591721,0.0163098,0.193101,0,0,0.0236753,0.121869,0.0645949,0,0.129407,0.267711,0.1223,0.0651018,0.0199103,0.32081,0,0.000141874,0.00521146,0.0458655,1,0,0.0331679
5.061950113,0.115947,0.00366328,0.000460021,0.0788817,0.128136,0.00205958,0.000456367,0.0271124,0.0963386,0.0620588,0,0.130562,0.273164,0.10415,9.19557e-05,0.106767,0.309402,0.000770663,0.0149553,0.00596802,0.0391222,1,0,0.033464
5.108390022,0.0585991,0.00333756,0.00100625,0.125829,0.0517603,0.110196,0.0189643,0.0475108,0.0169369,0.0928454,0,0.0926382,0.260718,0.10435,0.000201144,0.170311,0.306176,0.0376178,0.0217344,0.0104581,0.0063289,1,0,0.0237438
5.154829931,0.00419771,0.00318649,0.0818905,0.0919197,0.0204025,0.183397,0.0200098,0.0897645,0,0.144245,0,0.0595276,0.261148,0.129966,0.0881344,0.154137,0.310871,0.0648889,0.00451612,0.0197591,0,1,0,0.0152573
5.201269841,0.0958249,0.000868801,0.155263,0.012487,0.0772445,0.17963,0.106427,0.0338109,0.0320382,0.0755951,0,0.0177956,0.292223,0.183475,0.167808,0.12363,0.307496,0.0659586,0.158733,0.00744251,0.00727766,1,0.000130733,0.00456115
5.247709750,0.0826916,0,0.17046,0.0237418,0.0921447,0.0357254,0.297027,0,0,0.1669,0.0520329,0.0357918,0.273769,0.20154,0.186232,0.00480019,0.0858369,0.075897,0.597268,0,0,1,0.0332639,0.0091737
5.294149659,0.00232789,0,0.169847,0.030791,0.165905,0.156707,0.312885,0,0,0.273459,0.0686772,0.051855,0.262877,0.247236,0.185688,0.0144829,0.0565981,0.180989,0.806297,0,0,1,0.0354973,0.0132908
5.340589569,0.115776,0,0.118792,0.0339308,0.238051,0.370111,0.195501,0,0,0.310976,0.147592,0.0341816,0.376275,0.306224,0.12799,0.0248586,0.0805028,0.234379,0.974523,0,0,1,0.0445786,0.008761
5.387029478,0.180256,0.00249062,0.0359772,0.0204833,0.247861,0.407812,0.0363856,0,0,0.34629,0.112178,0,0.396667,0.329739,0.0353899,0.026967,0.0858202,0.211644,1,0,0,0.93609,0.029347,0
5.433469387,0.201323,0.00592267,0.0252903,0,0.237971,0.249309,0.0460764,0,0,0.34869,0.00782559,0.112169,0.467738,0.364083,0.0278934,0,0.0823958,0.174221,0.979388,0,0,1,0.00685422,0.0788515
5.479909297,0.196203,0.00555353,0.043095,0.0211452,0.251267,0.0237823,0.155415,0,0.0171222,0.284831,0.209914,0.0194626,0.80088,0.184929,0.047813,0.0286201,0.120721,0.0505246,0.878236,0.0148676,0.00388941,1,0.131581,0.0136817
5.526349206,0.000445979,0.00386741,0.116538,0,0.16738,0.0860656,0.231615,0.0847309,0.0512571,0.260107,0.331401,0.0395537,1,0.000767235,0.127388,0,0.0937491,0.0322045,0.761343,0.0437781,0.0116434,0.836164,0.181851,0.0278052
5.572789115,0.0477594,0,0.132379,0.013364,0.0370113,0.212912,0.11698,0.135021,0.0693337,0.237002,0.141333,0.144112,1,0,0.145412,0.00270198,0.0496453,0.201878,0.501712,0.166153,0.0157496,0.693607,0.0358594,0.101307
5.619229024,0.0663569,0,0.127488,0.0198944,0.051519,0.346779,0,0.132375,0.0534658,0.157846,0.0200304,0.246426,1,0.0160347,0.140741,0.00402233,0.0588518,0.30991,0.351998,0.207926,0.0121451,0.668975,0.00612039,0.0631609
5.665668934,0.0525656,0,0.115125,0.0210994,0.113985,0.333848,0,0.136077,0.0262887,0.0839132,0,0.279005,1,0.0402507,0.125822,0.00426595,0.0828511,0.353588,0.303881,0.216368,0.00597164,0.66963,0.00106698,0.0715109
5.712108843,0,0.00583692,0.101547,0,0.247038,0.113493,0,0.137357,0.0687865,0.0890836,0,0.246432,1,0.019295,0.112082,0,0.128037,0.151363,0.304701,0.203897,0.0156253,0.640368,0.000718356,0.0631622
5.758548752,0.0289778,0.00129985,0.0589752,0,0.0620778,0.0276716,0.19153,0.0650566,0.0328526,0.242081,0,0.0311167,1,0.000257871,0.066059,0,0.0513665,0.0104626,0.360689,0.167272,0.00746268,0.617591,0.000492218,0.00797543
5.804988662,0.0746453,0.00209882,0,0,0.0421453,0.0356817,0.267645,0.038113,0.0134684,0.231879,0.0483387,0,1,0.000416375,0.0164204,0,0.046725,0.0839359,0.356649,0.168523,0.00305944,0.647207,0.0206874,0
5.851428571,0.000583798,0.00182937,0.000246727,0,0.0415037,0.0483285,0.228122,0,0,0.0608418,0.089894,0.15199,1,0.000362919,0.0223368,0,0.0471528,0.113229,0.299422,0.156969,0,0.718569,0.0223377,0.0389561
5.897868480,0.00052857,0.00385803,0.0784108,0,0.0285641,0.0633103,0.0859759,0.0501105,0,0.0581892,0.0286499,0.328911,1,0.0563986,0.0858589,0,0.0445336,0.0701589,0.280134,0.172523,0,0.705023,0.00708982,0.0843024
5.944308390,0.000452269,0.00570407,0.541859,0,0,0.0518993,0.327551,0,0,0.108695,0,0.383999,1,0.0011316,0.933983,0,0.0474157,0.0108617,0.511009,0.182924,0,0.60932,0,0.0984303
5.990748299,0.120104,0.00427391,0.284128,0.417159,0.117454,0.143024,0.0522837,0,0.0260632,0.385913,0,0,0.816559,0.000847878,1,0.185773,0.0573157,0.0535173,0.500176,0.0254709,0.00829848,0.757942,0,0.000125444
6.037188208,0.0839314,0.00168952,0.0804767,0.34907,0.220795,0.11362,0.0093286,0.00631538,0.0519001,0.411232,0,0,0.63296,0.000335175,1,0.112544,0.0764488,0.0425148,0.358914,0.00139015,0.0149007,0.727651,0,0.000136178
6.083628117,0.0195327,0.00168055,0.00160775,0.291741,0.192208,0.0282167,0.0275717,0.0222131,0.0310486,0.388132,0,0.0356081,0.495309,0.000333395,1,0.0940607,0.0665509,0.00590532,0.282577,0.00488959,0.0098296,0.597034,0,0.025166
6.130068027,0.000912447,0.00266283,0.0540829,0.210102,0.143898,0.0311825,0.0389358,0.036303,0,0.330225,0,0.0863647,0.414586,0.000528265,1,0.0677392,0.0498237,0.00652601,0.253555,0.139444,0.00241715,0.44564,0,0.0577585
6.176507936,0.000672618,0.00310597,0.156367,0.163602,0.11747,0.0290773,0.0288094,0.0538232,0,0.170875,0,0.10792,0.345906,0.000616178,1,0.0527473,0.0406732,0.00608543,0.23547,0.206741,0.00226006,0.332876,0,0.0693819
6.222947845,0.000160075,0.00383752,0.107943,0.116887,0.101933,0.0532315,0.0387203,0.0498086,0,0.147228,0.0867227,0.0390414,0.283265,0.000761305,1,0.0376856,0.0352936,0.0467705,0.424927,0.128184,0,0.397536,0.0536838,0.0275564
6.269387755,0.0779971,0.00315103,0.00608287,0.0744681,0.0825785,0.12354,0.0442533,0.0499826,0.0140222,0.129369,0.122923,0,0.24754,0.00250641,1,0.0240094,0.0285922,0.185581,0.585431,0.0110023,0.0787547,0.25919,0.0766641,4.83342e-05
6.315827664,0.114293,0.00224807,0.00448622,0.00258485,0.0938795,0.150367,0.057071,0.0494882,0.0370998,0.163677,0.111844,0,0.254811,0.0251968,1,0.000833384,0.0325051,0.218696,0.637627,0.0108934,0.208369,0.143606,0.0701015,1.81138e-05
6.362267573,0.0696864,0.000627933,0.0399872,0.0141273,0.241193,0.160329,0.0530708,0,0.0409452,0.163882,0.0976153,0,0.239882,0.0307026,1,0.00455481,0.0835113,0.191348,0.639382,0,0.229967,0.079298,0.0254708,9.94694e-06
6.408707482,0.0146441,0.00059819,0.254764,0,0.138833,0.164965,0.0289106,0,0.045284,0.145496,0.0802795,0,0.187493,0.0188917,1,0,0.0480699,0.179853,0.600913,0,0.199221,0.0368927,0.0207417,1.97898e-05
6.455147392,0.000884253,0.00111235,0.305599,0,0.165877,0.105135,0,0,0.0655018,0.139267,0,0,0.238331,0.000220673,1,0,0.0574339,0.213327,0.536812,0.00471972,0.171318,0.0706792,0.00136529,6.82769e-06
6.501587301,0.00100552,0.00249293,0.385373,0.122997,0.116194,0.00736187,0.307742,0,0.0487598,0.113873,0.176665,0.030526,0.602437,0.00049456,1,0.0396558,0.060996,0.01564,0.688032,0.0133287,0.0110761,0.162849,0.110632,0.0214589
6.548027210,0.00141451,0.00120309,0.408588,0.247056,0,0.0545762,0.43394,0,0.0194637,0.14561,0.248073,0.0979733,0.859714,0.000238675,1,0.0796536,0.0313382,0.0204216,0.711371,0.0395033,0.0044213,0.193122,0.124771,0.0688726
6.594467120,0.00168449,0.000320961,0.482199,0.0805005,0,0.337483,0.198083,0,0.0411645,0.138036,0.162413,0.148633,1,6.36738e-05,0.994049,0.0259543,0.0399377,0.126281,0.565655,0.158909,0.00935076,0.198767,0.228599,0.104485
6.640907029,0.00118936,0.00346203,0.495961,0,0,0.488463,0,0.0251503,0.0830411,0.12211,0.0592846,0.122202,1,0.000686813,0.924747,0,0.0419137,0.182775,0.398019,0.21053,0.0188633,0.197397,0.266779,0.0688119
6.687346938,0.000466633,0.00503269,0.33717,0,0.186523,0.330805,0,0.262192,0.0695609,0.0409925,0.0119382,0.14521,1,0.000998408,0.874693,0,0.105284,0.184718,0.345063,0.28669,0.0158012,0.258252,0.19855,0.0372184
6.733786848,0.000785799,0.00504931,0.00908664,0,0.318749,0.00162152,0.0232525,0.344187,0,0,0.0406283,0.265615,1,0.051122,0.789058,0,0.329013,0.00344486,0.379348,0.279832,0,0.527482,0.0451801,0.0680792
6.780226757,0.00146111,0.00580873,0.373024,0.00586116,0.293997,0,0.0837554,0.522975,0,0.000607454,0.241544,0.368936,1,0.135584,0.91544,0.0018897,0.469727,0,0.244723,0.432467,0,0.990492,0.0599705,0.094561
6.826666666,0.00126752,0.00478799,0.54956,0,0.165753,0,0.0959616,0.425538,0,3.49803e-05,0.237888,0.345861,0.712895,0.134663,0.730074,0,0.362719,0,0.060995,0.330807,0,1,0.112477,0.0886466
6.873106575,0.00085745,0.00461795,0.57984,0.000161907,0,0.214645,0.268535,0.318815,0,0.00854325,0.148296,0.345635,0.572952,0.128127,0.716733,3.2735e-05,0.283253,0.0803169,0.128596,0.207366,0,1,0.122824,0.0885888
6.919546485,0.000109241,0.0051338,0.539456,0,0,0.254237,0.246678,0.345719,0,0.0153143,0.0234347,0.327149,0.488034,0.12501,0.759469,0,0.267577,0.0909141,0.131206,0.161125,0,1,0.109675,0.0838506
6.965986394,1.95886e-05,0.00521567,0.452879,0.0101634,0.0491953,0.0731459,0.0884637,0.419174,0,0,0.00683491,0.23214,0.413266,0.11249,0.752216,0.00327679,0.233414,0.0203813,0.0892629,0.256944,0,1,0.0146198,0.0594992
7.012426303,0.000258947,0.0062538,0.223836,0,0.0695901,0.033785,0.0177086,0.10515,0.313061,0,0.0190722,0.107207,0.274451,0.0833808,0.778309,0,0.201439,0.00707067,0.0869459,0.183368,0.154321,1,0.00467424,0.027478
7.058866213,0.0299536,0.0378143,0.118124,0.0119767,0.107025,0.201863,0,0.0738707,0.357232,0,0.0447478,0.204725,0.257487,0.0920145,0.867757,0.00242149,0.225368,0.0766618,0.0866549,0.0765124,0.195625,1,0.0109668,0.0657564
7.105306122,0.17135,0.00178669,0.0960987,0.0995267,0.00518376,0.272298,0,0.128997,0.203744,0.0868355,0,0.224058,0.360088,0.029204,0.898528,0.101226,0.178863,0.10189,0.0844876,0.0575598,0.182847,1,0,0.149649
7.151746031,0.224348,0,0.208583,0.095507,0,0.13395,0,0.334328,0.139668,0.128881,0,0.191978,0.461776,0,0.855665,0.0913664,0.165295,0.0501221,0.101779,0.146713,0.139626,1,0,0.140892
7.198185941,0.263762,0,0.354146,0.0727083,0.00673117,0.0176255,0,0.324793,0.162698,0.0673809,0,0.132646,0.538211,0.0225322,0.948066,0.0646596,0.140403,0.0374446,0.291382,0.142871,0.0961196,1,0,0.115603
7.244625850,0.286646,0.00124356,0.180951,0.0214062,0.0199744,0.0790854,0.396374,0.05094,0.12521,0.141777,0,0.00173248,0.470582,0.0469033,1,0.00432799,0.0536483,0.168014,0.814228,0.011213,0.236997,0.842029,0.00120295,0.0691214
7.291065759,0.267511,0.00394074,0.126574,0.0270166,0.0496885,0.205587,0.311365,0.0300471,0.0561514,0.0933391,0.0441889,0.00169831,0.469083,0.0848414,1,0.00546231,0.0831097,0.271856,0.970076,0.00661401,0.315372,0.730751,0.0124983,0.0677583
7.337505668,0.198215,0.0024463,0.0395652,0.0390557,0.183733,0.556881,0.142,0.0930935,0.0578167,0.124422,0.0691736,0,0.456827,0.109187,0.917055,0.00789642,0.0636162,0.30211,1,0.0204919,0.324725,0.590716,0.0422755,0
7.383945578,0.164398,0,0.0805119,0.0351474,0.145659,0.654299,0.0237503,0.108245,0.140584,0.103894,0,0,0.389445,0.0930845,1,0.00710623,0.0441765,0.33454,0.960715,0.023827,0.258701,0.471346,0.0186625,0
7.430385487,0.130484,0,0.20989,0.018438,0.0566613,0.386865,0,0.0541205,0.134472,0.102534,0,0.071147,0.340779,0.0522507,1,0.00372787,0.0116324,0.190547,0.765613,0.0119131,0.152326,0.394484,0.00174469,0.0500144
7.476825396,0.154503,0,0.466933,0.018066,0.200047,0.198423,0.0280048,0.0239196,0.0225761,0.219509,0.0567142,0.186809,0.707522,0,1,0.00946332,0.0959753,0.074247,0.702353,0.016653,0.0051283,0.465057,0.0447419,0.131321
7.523265306,0.00624279,0.0031062,0.585698,0.106441,0,0.0866836,0.235921,0.127714,0,0.136136,0.391747,0.0234282,1,0.000616223,0.945117,0.0374419,0.0364649,0.0226205,0.834939,0.0673896,0,0.32394,0.205396,0.0164694
7.569705215,0.000810419,0.0038675,0.43077,0,0,0.135148,0.142328,0.204866,0,0.108882,0.226089,0.0334037,1,0.000767253,0.721008,0,0.0355149,0.0436425,0.649139,0.19481,0,0.230746,0.260497,0.0234819
7.616145124,0.0287675,0.00437693,0.339618,0,0,0.258635,0.0731579,0.186454,0,0.116876,0.0758284,0.0545216,1,0.000868315,0.635915,0,0.0380605,0.0967772,0.497942,0.211753,0,0.190385,0.283538,0.0308526
7.662585034,0.00715179,0.00492187,0.280194,0,0.0824155,0.271884,0.0463386,0.177069,0,0.0333938,0.0168511,0.0463123,1,0.000976423,0.608547,0,0.069807,0.101735,0.414258,0.19841,0,0.132357,0.280071,0.0258361
7.709024943,0.000316335,0.00463927,0.257266,0,0.137177,0.154242,0.0581514,0.230465,0,0,0.0530547,0.0710972,1,0.00092036,0.583506,0,0.090222,0.0558663,0.394324,0.224872,0,0.107171,0.199298,0.0267371
7.755464852,0.000533694,0.00352825,0.228993,0,0.123026,0.0360957,0.0877846,0.254111,0,0.158589,0.0323633,0.137739,1,0.000699951,0.595204,0,0.0849858,0.00755428,0.378556,0.259887,0,0.140803,0.0251394,0.0835801
7.801904761,0.000839796,0.00250472,0.137479,0,0.0531477,0.0570921,0.217394,0.0857835,0,0.19986,0.000687892,0.1229,1,0.000496897,0.65389,0,0.06115,0.0119485,0.447283,0.191651,0,0.125343,0.0117439,0.0853372
7.848344671,0.000899953,0.00122059,0.11289,0,0.0176139,0.146595,0.174955,0,0.00238471,0.199428,0.0020329,0.114823,1,0.000242146,0.696277,0,0.0533959,0.0447079,0.468836,0.15826,0.000541701,0.110012,0.0339816,0.0807175
7.894784580,0.00103627,0,0.251974,0,0,0.511664,0.0527015,0,0.043899,0.150581,0.00231624,0.271047,1,0,0.803516,0,0.0502014,0.246485,0.44973,0.175413,0.00997193,0.0698769,0.0385063,0.148077
7.941224489,0.000436257,0.148761,0.143022,0.0198883,0,0.282408,0.0418973,0.320793,0.11727,0,0,0.321896,1,0.0423149,0.621719,0.00402108,0.0511004,0.1009,0.483214,0.652851,0.101073,0.00379317,0,0.0874805
7.987664399,0.00043327,0.150688,0.00569517,0.160852,0.00962886,0.0249564,0.162772,0.207757,0.011924,0.0493733,0,0.019043,0.703999,0.0620263,0.241002,0.0510067,0.0340114,0.0311253,0.217803,1,0.0027086,0.0271226,0,0.320114
8.034104308,0.100898,0.040014,0.00699695,0.245533,0.0694012,0.0159033,0.0265817,0.132589,0,0.164121,0,0,0.611153,0.0338662,0.0908896,0.0791625,0.0371133,0.0491298,0.0137978,1,0,0.0901577,8.54041e-05,0.379427
8.080544217,0.106002,0.00404639,0.00588778,0.19901,0.136058,0.00759052,0.0186395,0.149963,0,0.159494,0,0,0.535736,0.00178681,0.00117694,0.064163,0.0514877,0.045505,0.0133347,1,0,0.087616,0.000141216,0.369412
8.126984126,0.0737113,0.00367729,0.0062371,0.144882,0.160441,0.00684891,0.0154056,0.162457,0,0.125422,0.0129951,0.025636,0.458843,0.00188044,0.0198898,0.0467117,0.0599233,0.034795,0.0127519,1,0,0.068899,0.00647712,0.368925
8.173424036,0.00552297,0.00361124,0.0255664,0.0771962,0.172128,0.00991761,0.0177843,0.164271,0,0.0609831,0.044636,0.0500432,0.405106,0.00118593,0.0818459,0.0240497,0.064616,0.0242268,0.0118985,1,0,0.0335002,0.0157834,0.377082
8.219863945,0.0141763,0.00304992,0.013091,0.043973,0.128089,0.00797664,0.0202782,0.151802,0,0.00476039,0.0390791,0.0520456,0.350954,0.0403033,0.137896,0.0122791,0.0487836,0.0072468,0.0043435,1,0,0.00261505,0.0220466,0.342731
8.266303854,0.061054,0.0634628,0.0149262,0.0365892,0.00959908,0.0512472,0.0938147,0.139914,0,0,0.0772077,0.0306982,0.332543,0.087551,0.158376,0.00739773,0.00526863,0.0213559,0.0367532,1,0,0,0.0477219,0.296079
8.312743764,0.0646205,0.0809589,0.0496418,0.0243056,0.030568,0.14981,0.176666,0.144313,0,0.00427347,0.0949737,0,0.302992,0.109631,0.150855,0.0320655,0.00678407,0.0562181,0.0719251,1,0,0.00100608,0.058703,0.254179
8.359183673,0.0303053,0.0402988,0.056143,0.0168212,0.0352532,0.175227,0.103479,0.152349,0.00486559,0.0483784,0.0304427,0.0908305,0.292266,0.125877,0.150016,0.0442772,0.0118023,0.0629097,0.0421289,1,0.00110525,0.0113895,0.0188166,0.296312
8.405623582,0.0239736,0.00876506,0.0393828,0.0217871,0.0101265,0.158023,0.0267635,0.156053,0.0280627,0.0669446,0,0.179363,0.291067,0.134428,0.130805,0.0320472,0.0045488,0.0539937,0.0101665,1,0.00637461,0.0157604,0,0.356652
8.452063492,0.109233,0,0.00513928,0.0246842,0,0.119213,0.017002,0.156771,0.0311071,0.045808,0,0.0901918,0.349726,0.105943,0.0856793,0.0290614,0.00435508,0.0454581,0.00364177,1,0.00706616,0.0107844,5.33363e-05,0.32944
8.498503401,0.173936,0,0.0293585,0.0226353,0,0.0943713,0.00590179,0.271615,0.0270912,0,0,0.115156,0.488889,0.0542815,0.0081894,0.00548198,0.0228003,0.0456305,0.00126414,1,0.00615393,0,0.00103735,0.373363
8.544943310,0.231926,0.000618081,0.0259546,0.0235061,0.00450581,0.155526,0.0804693,0.337277,0.00684771,0,0,0.162814,0.649222,0.0265381,0.0159989,0.00475255,0.0474753,0.0623394,0.032761,1,0.0015555,0,0.00132876,0.413548
8.591383219,0.17924,0.00131364,0.045547,0.0212755,0.00438383,0.182835,0.114026,0.366607,0,0.00383192,0,0.175906,0.718402,0.00333824,0.0439693,0.00430157,0.0630247,0.068414,0.0464227,1,0,0.00090213,0.00130781,0.374234
8.637823129,0.108033,0.0013882,0.071595,0.0215174,0,0.197325,0,0.407021,0,0.015416,0,0.189971,0.743119,0.0383499,0.0492191,0.00435047,0.0624924,0.073836,0,1,0,0.0036293,0.00120057,0.340899
8.684263038,0.10054,0,0.163538,0.0211798,0.0188966,0.166599,0,0.375858,0,0,0.0450984,0.111389,0.718889,0.059266,0.0483921,0.0042822,0.0563593,0.0623387,0,1,0,0,0.0120386,0.360658
8.730702947,0.00833676,0,0.170183,0.0250751,0.00311008,0.193416,0.0178662,0.248281,0,0,0.0445613,0.0771901,0.639239,0.0363162,0.0509649,0.00506977,0.05717,0.150475,0.00382687,1,0.00191529,0,0.172167,0.336691
8.777142857,0.000954303,0.00166169,0.00435448,0.215269,0,0.208296,0.0846237,0.178085,0,0.0217146,0.0531455,0.0397746,0.644226,0.0793012,0.0175224,0.069405,0.195331,0.272266,0.0181261,1,0.00789153,0.00511216,0.459109,0.271244
8.823582766,0.0171351,0.00359795,0.00438478,0.179029,0.212095,0.132291,0.138915,0.159097,0,0.00195528,0.0223126,0.00207813,0.618483,0.0730368,0.0315287,0.0577211,0.310296,0.27852,0.0390513,1,0.011128,0.00107411,0.802367,0.225671
8.870022675,0.134545,0.00216571,0.00515039,0.0179741,0.377754,0.0656296,0.0878753,0.171919,0,0,0,0.064475,0.540248,0.019673,0.0383107,0.00363406,0.292702,0.267602,0.0208436,0.939329,0.0111896,0,1,0.235067
8.916462585,0.192188,0,0.00600073,0.035746,0.258597,0.120037,0.108727,0.205964,0,0,0,0.075832,0.421011,0,0.0384944,0.00722725,0.143634,0.257457,0.0442655,0.871925,0.00928171,0,1,0.266494
8.962902494,0.18002,0,0.0045489,0.0305291,0.120275,0.239777,0.102495,0.146126,0.0239009,0.015164,0,0.0610337,0.261441,0,0.0367909,0.0237127,0.03894,0.231023,0.0417282,0.619801,0.0105623,0.00357,1,0.163767
9.009342403,0.278364,0.0438422,0.00716067,0.0165631,0,0.303604,0.00265335,0.110807,0,0,0,0.0600281,0.270659,0.0217872,0.0392168,0.00334879,0,0.297412,0.00108024,0.361644,0.0021811,0,1,0.0602958
9.055782312,0.302144,0.00689813,0.0214318,0,0,0.248541,0,0.114021,0.0591705,0,0.0322762,0.190819,0.258554,0.0157317,0.0444391,0,0.000218243,0.335748,0,0.336305,0.027083,0,1,0.0943774
9.102222222,0.098098,0.00669613,0.0227581,0,0,0.221789,0,0.100742,0.11191,0,0,0.313791,0.254942,0.0155689,0.0320131,0,0,0.347006,0,0.390839,0.0551651,0,1,0.142142
9.148662131,0.00194364,0.00595215,0.00109822,0,0.0309217,0.125597,0,0.116252,0.152858,0,0,0.299829,0.30219,0.0223912,0.000219528,0,0.0107064,0.301959,0.000671168,0.446538,0.0753504,0,1,0.10571
9.195102040,0.00125497,0.00648382,0.00213748,0.0126173,0,0,0.0312177,0.362974,0.0579277,0,0.0596081,0.209214,0.376448,0.012322,0.0355187,0.00406796,0,0.0930031,0.0127095,0.586695,0.0285551,0,1,0.086633
9.241541950,0.0611113,0.0836073,0.00501065,0.00161547,0,0,0.00253524,0.578599,0,0,0.23291,0.208911,0.314692,0.0749955,0.0557148,0.0493791,0.0198734,0.0132546,0.000543038,0.870666,0,0,1,0.121007
9.287981859,0.238116,0.0762928,0.0327931,0,0.125733,0.205579,0,0.277965,0,0,0.168154,0.233802,0.272642,0.069439,0.0782386,0.117448,0.091464,0.0786531,0,1,0,0,0.859787,0.129943
9.334421768,0.259188,0.0313148,0.0485528,0,0.147975,0.210581,0,0.202695,0,0.00335105,0.111042,0.231265,0.254193,0.0276481,0.091783,0.14971,0.0964188,0.0787963,0,1,0,0.000788921,0.711581,0.157212
9.380861678,0.159432,0.00176862,0.0498323,0.0252956,0.138429,0.198287,0,0.255507,0,0.036831,0.0398983,0.22939,0.225236,0.000350867,0.0941134,0.133272,0.0859836,0.0741958,0,1,0,0.00867096,0.569046,0.156401
9.427301587,0.047479,0.000320017,0.0211036,0.0323657,0.0391015,0.134792,0,0.176895,0,0.0220478,0,0.180091,0.235997,6.34864e-05,0.150342,0.0898462,0.0331347,0.0504372,0,1,0,0.00519061,0.509658,0.142603
9.473741496,0.0228946,0.0012745,0.00562525,0.0463154,0.0561332,0.110252,0,0.171859,0,0,0.0980652,0.151673,0.0694202,0.000252842,0.355867,0.114771,0.0171483,0.0412545,0.00792565,1,0,0.0309765,0.438097,0.176282
9.520181405,0,0.00135187,0.0732772,0.0920346,0.113049,0.0660781,0.0219422,0.186725,0,0,0.0272284,0.228338,0,0.00026819,0.567206,0.182004,0.129191,0.0138291,0.0271694,1,0,0.0704979,0.348625,0.217809
9.566621315,0,0.0014239,0.0378725,0.142102,0.28708,0.0809032,0.052671,0.168795,0,0,0,0.318755,0,0.000282481,0.762161,0.192121,0.201037,0.0169318,0.04188,1,0,0.0926407,0.342893,0.248324
9.613061224,7.4207e-05,0.0010111,0.000724311,0.239218,0.287184,0.065199,0.067675,0.233715,0,0,0,0.280828,1.4682e-05,0.000200587,0.753672,0.16671,0.20033,0.0136451,0.048187,1,0,0.103848,0.380751,0.212971
9.659501133,0.000591501,0.000525184,0.0511469,0.204189,0.178597,0.0380249,0.063494,0.208662,0,0,0,0.258386,0.00011703,0.000104188,0.703179,0.122616,0.152857,0.00795803,0.0459674,1,0,0.104189,0.391558,0.181638
9.705941043,0.000492192,0,0.0433566,0.177024,0.0982814,0.0278888,0.058845,0.200395,0,0.0224242,0.0452904,0.202008,9.73811e-05,0,0.613672,0.083363,0.0740114,0.0058367,0.0419489,1,0,0.110684,0.438432,0.117422
9.752380952,0,0,0,0.148111,0.0514848,0.0242346,0.0446757,0.215492,0,0,0.0934276,0.033225,0,0.0961221,0.562664,0.0516958,0.0105697,0.00507193,0.0368419,1,0,0.0973501,0.491976,0.0248935
9.798820861,0.000678726,0.000609443,0.0242301,0.0183787,0.0535508,0,0.0015219,0.169214,0.00957724,0,0.143093,0.12124,0.000134287,0.00447877,0.542235,0.00650899,0.0109938,0,0.0255854,1,0.00217553,0.0923818,0.51828,0.128304
9.845260770,0.000782114,0.00324978,0.0640689,6.84241e-05,0.0708823,0,0,0.147845,0.0319697,0,0.103086,0.236922,0.000154743,0.000644707,0.476677,0.0154406,0.0247577,0,0.0235368,1,0.00726211,0.0758339,0.477062,0.222472
9.891700680,0.000741545,0.00226763,0.164116,0,0.08116,0,0.0202156,0.156606,0.0708899,0,0.0212733,0.232406,0.000146716,0.0514146,0.511875,0.0131158,0.028483,0,0.0278517,1,0.0161031,0.0758721,0.442858,0.223613
9.938140589,0.000709713,0.00198782,0.202585,0.0223954,0.0471504,0,0.136301,0.170329,0,0.0595618,0.0530072,0.213234,0.000140418,0.000394354,0.557756,0.00722054,0.0147432,0,0.0764316,1,0.00459799,0.099006,0.574211,0.180266
9.984580498,0.0531929,0.0123041,0.277432,0.213007,0.0342183,0,0.189431,0.179954,0,0,0.098426,0,0.0335059,0.0116213,0.693386,0.0674866,0.0124766,0,0.0845272,0.570862,0.0799897,4.06803e-05,1,4.04055e-07
10.031020408,0.123128,0,0.282696,0.138308,0.032072,0.0283969,0.137651,0.177463,0,0,0.0404959,0,0.0475962,0,0.751099,0.0424829,0.0121968,0.252977,0.048539,0.191313,0.093527,0,1,3.68111e-06
10.077460317,0.186886,0,0.228319,0.0831713,0.0288888,0.0680241,0.105269,0.169295,0,0,0.0418597,0.00282889,0.0599625,0,0.745675,0.0249721,0.0107304,0.369035,0.0357061,0.0812853,0.0948064,0,1,0.00073069
10.123900226,0.211525,0.0344126,0.195016,0.067295,0.0341968,0.0810653,0.0738592,0.180364,0,0,0.0422082,0.0218884,0.0633743,0.00978863,0.685231,0.0208251,0.0334132,0.348788,0.0253574,0.0859629,0.0892753,0,1,0.00561549
10.170340136,0.199481,0.0258498,0.176354,0.0994281,0.0348476,0.0715844,0.0530489,0.214833,0,0.00587997,0.0418827,0.0624119,0.0537275,0.00735295,0.650406,0.0318832,0.0641505,0.27709,0.0189818,0.105183,0.0777007,0.00323008,1,0.0160013
10.216780045,0.126794,0,0.208551,0.141783,0.0270307,0.0374826,0.0196927,0.174284,0.0184203,0,0.0420726,0.168308,0.0341502,0,0.655666,0.0457126,0.0742839,0.137952,0.00421809,0.287797,0.0568499,0,1,0.0431529
10.263219954,0.000772652,0.000309797,0.378346,0.0604202,0.0128526,0.032515,0.0308732,0.0356484,0.129006,0,0.0911107,0.266323,0.000152871,6.14589e-05,0.668773,0.0194802,0.085069,0.0881188,0.00661293,0.592348,0.0786867,0,1,0.0683132
10.309659863,0.000978541,0.000261235,0.295969,0.000192759,0.0162663,0.0226578,0.0201131,0.063947,0.0736655,0,0.182222,0.262121,0.000193606,5.1825e-05,0.671381,6.21478e-05,0.0499852,0.0255567,0.00430815,0.67946,0.0390942,0,1,0.067237
10.356099773,0.00138853,0.000440729,0.191875,0,0.00132554,0.0500914,0,0.0422555,0.0231052,0,0.205364,0.261586,0.000274724,8.74339e-05,0.747284,0,0.100081,0.0673113,0,0.709377,0.0113896,0,1,0.0670915
10.402539682,0.00151976,0.000844964,0.145079,0.0189706,0,0.0686297,0.00792355,0.0330033,0.00814211,0,0.0967121,0.131001,0.000300688,0.000167628,0.758662,0.00383554,0.170882,0.134616,0.00169719,0.712674,0.00184953,0,1,0.0685646
10.448979591,0.0653409,0,0.00543269,0.142508,0.0251235,0.103805,0.0542725,0.082683,0.0137566,0.00565902,0.066799,0.0232532,0.278359,0,0.506551,0.0442286,0.193575,0.195215,0.0186048,0.655072,0.0119159,0.0031087,1,0.0134265
10.495419501,0.183974,0,0.00161003,0.368076,0,0.0610313,0.264047,0.0662053,0,0.0886186,0.0434432,0.265851,0.665915,0,0.290377,0.118187,0.0228933,0.186632,0.10032,0.627502,0.0267282,0.0208631,1,0.186886
10.541859410,0.030815,0,0.0387294,0.0926772,0,0.127207,0.25084,0.0728856,6.39149e-05,0.138666,0.0504384,0.347021,0.851886,0,0.274582,0.123357,0.0416604,0.164474,0.0891415,0.65654,0.0167593,0.0326455,1,0.243946
10.588299319,0.000300519,0,0.14207,0.026799,0,0.243132,0.229791,0.0432674,0,0.125822,0.142649,0.32243,0.95687,0,0.343908,0.109372,0.0503669,0.202083,0.0847749,0.630863,0.00817101,0.0296217,1,0.226659
10.634739229,0.000582043,0,0.156384,0.0180695,0.0850099,0.309937,0.0298773,0.0432826,0,0,0.242934,0.229775,0.958245,0,0.371311,0.0358751,0.0777892,0.227794,0.0247461,0.468237,0.00659882,0,1,0.0716227
10.681179138,0.000615747,0.00284031,0.150731,0,0.0735353,0.272654,0,0.0495924,0,0,0.0663273,0.250992,0.864117,0.00255484,0.366461,0,0.0665899,0.265987,0,0.467097,0.00543349,0,1,0.064331
10.727619047,0.0321118,0.00235803,0.106162,0.0318789,0.0388468,0.13217,0.0371741,0.108676,0,0,0.0588313,0.207058,0.744548,0.000467796,0.328489,0.0102781,0.187752,0.280573,0.00796256,0.462822,0.000816404,0,1,0.0530704
10.774058956,0.0310894,0.0204157,0.0299189,0.202402,0.0366255,0.146366,0.0678792,0.117913,0,0.058543,0.0656683,0.17894,0.592618,0.0192827,0.231083,0.0652567,0.271168,0.415188,0.0145395,0.489315,0.00659075,0.0321598,1,0.0458636
10.820498866,0.028323,0,0,0.186638,0.082349,0.137211,0.0555466,0.00964315,0,0.025975,0.112932,0.0781985,0.397011,0,0.148,0.0601743,0.272189,0.35688,0.0118979,0.349614,0.00852024,0.014269,1,0.0251636
10.866938775,0.0570864,0,0,0.148343,0.0764842,0.123977,0.0522215,0.00101128,0,0.0102702,0.0875792,0.0128858,0.267113,0,0.114407,0.0473357,0.260094,0.33422,0.0111856,0.247923,0.00798116,0.00564181,1,0.00905839
10.913378684,0.114245,0,0.000490748,0.0353685,0.0693561,0.127487,0.0643322,0.0326892,0,0.0137162,0.033219,0.0167869,0.201904,0,0.090931,0.0181488,0.225811,0.351535,0.0194537,0.163696,0.00690476,0.0075348,1,0.0043026
10.959818594,0.16985,0,0.0331591,0.0114325,0.0338216,0.227328,0.0706249,0.0284278,0,0,0.0347872,0.0418286,0.165747,0,0.0821256,0.0366672,0.0748989,0.34788,0.0254845,0.0355296,0.00907606,0,1,0.010721
11.006258503,0.00083406,0.00166814,0.0894976,0.0214025,0.0250977,0.199074,0,0,0,0,0.033183,0.0383,0.0971404,0.000330933,0.071059,0.0069004,0.00515249,0.295864,0,0,0.00889508,0,1,0.0113561
11.052698412,0.000949221,0.00204443,0,0.0192122,0.0391948,0.179489,0,0,0.0627702,0,0.0322135,0.174674,0.0912526,0.000405584,0.0272076,0.00619422,0.0270355,0.283819,8.7241e-05,0,0.0338685,0,1,0.0896694
11.099138321,0.00104102,0.00162423,0,0,0.0673686,0.211637,0,0,0.110916,0,0.032547,0.232802,0.0992781,0.000322221,0.0106687,0,0.0300472,0.302534,0.037764,0,0.0578723,0,1,0.106772
11.145578231,0.000918952,0.00157484,0,0.00227696,0.204221,0.158964,0,0,0.132774,0,0.0453279,0.265916,0.109686,0.000312425,0.00997169,0.000460363,0.07071,0.351927,0.0827183,0,0.0726775,0,1,0.101731
11.192018140,0.0220229,0.0160366,0.000160521,0.00742979,0.12557,0.102349,0,0.0303809,0.126649,0,0.0680128,0.251948,0.159707,0.00456159,0.0315506,0.00150218,0.0434776,0.345735,0.0488184,0.0430645,0.0694874,0,1,0.0961129
11.238458049,0.00467851,0.0170569,0.092107,0.0548039,0,0.0781487,0.0170716,0.20925,0.0192496,0,0.144584,0.280421,0.20238,0.00485181,0.147133,0.0170096,0.0251372,0.1467,0.00365667,0.41925,0.00948898,0,1,0.079234
11.284897959,0.161421,0,0.135153,0.0391616,0.00521347,0.0965843,0.0536479,0.0505312,0.0268652,0,0.217722,0.242739,0.214055,0,0.196709,0.0319723,0.0433906,0.1569,0.0183805,0.590432,0.013243,0,1,0.062288
11.331337868,0.189877,0.00225323,0.133246,0,0.036952,0.31539,0.0843094,0.0748042,0,0,0.193151,0.276026,0.244051,0.000447007,0.185272,0.0610316,0.0586655,0.142239,0.0334821,0.697868,0,0,1,0.130873
11.377777777,0.246309,0.00344321,0.115316,0,0,0.436718,0.0821655,0.150188,0,0,0.15735,0.27297,0.282007,0.00068308,0.190702,0.0763238,0.053651,0.163413,0.0399804,0.827583,0,0,1,0.149669
11.424217687,0.286923,0.00276547,0.122377,0.0289684,0.0184936,0.368669,0.0592006,0.209658,0,0.0145348,0.137691,0.0315692,0.332735,0.000786636,0.222628,0.151469,0.0423048,0.16001,0.134742,0.956847,0,0.00342186,1,0.0222468
11.470657596,0.125914,0,0.125551,0.194412,0.063839,0.137269,0.236377,0.00669448,0.00206189,0,0.236026,0,0.125592,0,1,0.305096,0.209725,0.0380588,0.149978,0.917365,0.000468371,0.00354228,0.947238,1.92125e-05
11.517097505,0,0,0.0624134,0.357628,0.122884,0.0708503,0.147134,0.0228385,0,0,0.199338,0,0,0,1,0.40888,0.210542,0.0148279,0.0878002,0.836703,0,0.0766632,0.89329,0
11.563537414,0,0,0.0106222,0.384526,0.124189,0.0773479,0.00579556,0.0635859,0,0,0.205067,0.0925937,0,0,1,0.318113,0.178001,0.0161877,0.0366223,0.778028,0,0.0965428,0.927084,0.0276402
11.609977324,0,0,0.0604993,0.326263,0.095977,0.0714639,0.00397326,0.0599379,0,0.0320833,0.16899,0.172488,0,0,1,0.200673,0.139438,0.0149563,0.0347047,0.605235,0,0.105209,0.872411,0.0658723
11.656417233,0,0,0.105866,0.157644,0.0768,0.050943,0,0.0426398,0,0.0538697,0.110035,0.23958,0,0,1,0.147024,0.124423,0.0248542,0.0318129,0.402623,0,0.106577,0.828607,0.100321
11.702857142,0.0132767,0,0.11001,0.0425415,0.172602,0.0829318,0,0.0336602,0.0394655,0.0167579,0.0365875,0.281766,0.00357589,0,1,0.1138,0.154409,0.0918296,0.0302604,0.425187,0.00896484,0.0949656,0.806444,0.134335
11.749297052,0.0358805,0.00657143,0.0355304,0.0424391,0.224972,0.0800683,0.0346673,0.0733967,0.0705807,0,0.0928859,0.139016,0.00966393,0.00186924,1,0.0771727,0.104477,0.0810082,0.105389,0.49517,0.0160328,0.0924392,0.849274,0.0682962
11.795736961,0.0885002,0.0257454,0.00367473,0.117556,0.262507,0.0293828,0.0654805,0.020067,0,0.0222374,0.183415,0.190765,0.0238363,0.00732327,1,0.108596,0.0864279,0.0109946,0.170142,0.527345,0,0.100968,0.873393,0.0979565
11.842176870,0.000498094,0.107067,0.00185479,0.121887,0.0883142,0.0539912,0.00396861,0,0,0.0183932,0.112756,0.336738,9.85489e-05,0.0304552,1,0.118373,0.172553,0.0202027,0.0323312,0.530402,0,0.0941846,0.899605,0.149195
11.888616780,0.000537806,0,0.00451256,0.150214,0.254566,0,0,0,0,0.0178487,0.175595,0.388822,0.000106406,0,1,0.166072,0.220354,0,0.0323178,0.558741,0,0.101949,0.923942,0.166625
11.935056689,0.0196629,0.000918494,0.0138023,0.0201839,0.404896,0,0.0250064,0,0,0.0050865,0.257119,0.272794,0.0159119,0.0230334,1,0.107349,0.140192,0,0.0376211,0.516616,0,0.525784,0.800458,0.126398
11.981496598,0.000150788,0.00365077,0.0704872,0.0328398,0.224342,0.0774369,0.0153345,0,0,0.0591718,0.131053,0.0776005,2.98337e-05,0.311545,0.639894,0.0760075,0.0776767,0.0271781,0.024704,0.152493,0.00181262,1,0.110464,0.0545511
12.027936507,0.000398598,0.00334725,0.126955,0.0678963,0.0607363,0.174429,0.0106861,0,0,0.0719166,0.0775268,0.159438,7.88635e-05,0.321149,0.540242,0.0877381,0.0946606,0.0631969,0.0127274,0.0507208,0.00376519,1,0.0190004,0.112081
12.074376417,0.000457964,0.00288597,0.12502,0.0793143,0.0131548,0.219721,0,0,0,0.0781446,0.043425,0.215359,9.06091e-05,0.31409,0.443685,0.102832,0.196082,0.0822161,0.00495066,0.0430478,0.00425668,1,0.0106426,0.151392
12.120816326,0.000378404,0.00244201,0.0812179,0.0728101,0.0284835,0.195074,0,0,0,0.0766964,0.0374538,0.146855,7.48679e-05,0.306843,0.300568,0.0963153,0.218405,0.0700357,0.00358218,0.0346917,0.00429115,1,0.00917922,0.103235
12.167256235,0.000292543,0.00233199,0.0314066,0.0431574,0.0602194,0.136192,0,0,0,0.0742493,0.0720709,0.0417097,0.000148355,0.305702,0.21118,0.0421474,0.206137,0.0463801,0.00368712,0.0275537,0.00398116,1,0.0176632,0.0293208
12.213696145,0.0266049,0.00238824,0.00211748,0.110536,0.0525198,0.0268007,0,0.0870107,0,0.0747797,0.0739728,0.00236507,0.0215296,0.307016,0.165995,0.0426293,0.132096,0.00560897,0.108026,0.0521979,0.00181841,1,0.0184655,0.00166258
12.260136054,0.000200179,0.00301339,0.0120801,0.208423,0.0224464,0.0378397,0.126091,0.123211,0,0.138628,0.0883927,0,3.96058e-05,0.298799,0.161419,0.0671978,0.0792242,0.00791927,0.44219,0.0571706,0,1,0.0228312,0
12.306575963,0.0355566,0.00387347,0.0887975,0.160066,0.00666861,0.0402695,0.158368,0.00927586,0,0.203022,0.146261,0,0.0283636,0.314018,0.199589,0.0516071,0.0451842,0.00842779,0.687049,0.00413897,0,1,0.0372582,0
12.353015873,0.0940969,0.00468811,0.164481,0.14813,0,0.029581,0.206138,0,0,0.230428,0.168861,0,0.0756828,0.334656,0.24467,0.0957256,0.0338967,0.00619084,0.813597,0,0,1,0.0428808,0
12.399455782,0.0970766,0.00484423,0.194497,0.0851589,0,0.0283985,0.208255,0,0,0.273453,0.101253,0.0727893,0.0781357,0.359417,0.301472,0.11645,0.0323261,0.00594336,0.824416,0,0,1,0.0263165,0.0511689
12.445895691,0.0498089,0.00237546,0.07007,0.0144576,0.0714121,0.0189318,0.213547,0,0,0.274568,0,0.185113,0.0886014,0.333109,0.200131,0.122953,0.0564497,0.00572809,0.700662,0,0,1,0.00172013,0.13013
12.492335600,0.0771292,0.00921177,0.0294537,0.0176887,0.0463476,0.0180279,0.260925,0,0.0148311,0.230274,0.0661538,0,0.410832,0.279751,0.0329915,0.0432617,0.0511251,0.0150423,0.572756,0.0121187,0.00336897,1,0.0424872,0
12.538775510,0.194196,0.0043738,0.14713,0.00784033,0.0601669,0.0182374,0.31457,0,0,0.226221,0.0793824,0,0.758576,0.278195,0.164802,0.00158519,0.0573101,0.0038168,0.512411,0.0650026,0,1,0.0438247,0
12.585215419,0.177307,0.013327,0.212634,0.0124505,0.0658735,0.123996,0.240873,0.0820609,0,0.23341,0,0,0.94769,0.276121,0.238174,0.00251729,0.0751507,0.0397457,0.360243,0.177468,0,1,0.00165839,0
12.631655328,0.101535,0.000769679,0.210583,0.00569932,0.0721164,0.268111,0.0241878,0.130769,0,0.211575,0,0,1,0.258153,0.232398,0.00115231,0.097184,0.0923183,0.167593,0.228985,0,0.980013,0.00152921,0
12.678095238,0.0349397,0.00336456,0.18084,0,0.0693763,0.259178,0,0.129779,0,0.242497,0,0,0.934924,0.263099,0.20076,0,0.10916,0.0890535,0.081209,0.22351,0,1,0.0011806,0
12.724535147,0,0.00249394,0.054227,0,0.056866,0.0997027,0,0.230119,0,0.195086,0.0521317,0.00198919,0.679381,0.238088,0.0590749,0,0.21008,0.0315469,0.0672431,0.233074,0,1,0.0133253,0.00139835
12.770975056,0.0133045,0.00154909,0.0571027,0.00818284,0.143355,1.06768e-05,0,0.270755,0.000411139,0.184096,0.0542049,0.11405,0.536468,0.219416,0.0594747,0.00165444,0.306676,2.23449e-06,0.0186287,0.241267,9.33926e-05,1,0.0133728,0.0801738
12.817414965,0.00707508,0.00165045,0.138352,0.0137645,0.00302883,0,0.00847132,0.23257,0.00747033,0.196173,0.0572494,0.153339,0.478255,0.194978,0.149138,0.00278296,0.301801,0,0.00344888,0.200074,0.00169693,1,0.0140307,0.107793
12.863854875,7.84022e-05,0.00215375,0.143201,0.00838111,0,0.0646073,0.160554,0.0989579,0.0286196,0.164565,0.0794193,0.136863,0.418247,0.165489,0.155517,0.00169452,0.294775,0.0241751,0.0653654,0.0800768,0.00650111,1,0.0194642,0.0962111
12.910294784,0,0.00257851,0.123265,0,0,0.196608,0.108605,0.10029,0.00703035,0.0877566,0.0911604,0.124487,0.363671,0.153123,0.133165,0,0.291082,0.0735679,0.0418706,0.0380815,0.00159699,1,0.0223417,0.0827186
12.956734693,0,0.00262749,0.122784,0,0.080966,0.169812,0.0394714,0.0786108,0,0.068219,0.0700734,0.0844715,0.316535,0.165199,0.133674,0,0.325962,0.0600051,0.00845462,0.0183951,0,1,0.0171737,0.0225927
13.003174603,0.0395432,0.00284805,0.105712,0,0.211513,0.00862319,0.0307497,0.00311166,0.103907,0.0658853,0.0696096,0.0776523,0.259889,0.132292,0.117702,0,0.337463,0.0018047,0.00658647,0.000684944,0.0512202,1,0.01706,0.0199028
13.049614512,0.0925679,0.0029088,0.000169441,0.0970749,0.174078,0.00370363,0.0105057,0,0.113751,0.061599,0.0767806,0.0789966,0.250027,0.115205,3.38704e-05,0.131391,0.336646,0.000775113,0.0167567,0,0.0560729,1,0.0188175,0.0202474
13.096054421,0.0334166,0.00318685,0.005987,0.143779,0.0832253,0.0656566,0.000108236,0,0.0534791,0.0929282,0,0.0481403,0.240767,0.11523,0.0056384,0.194606,0.369128,0.0175376,0.0224409,0,0.0216458,1,0,0.0123387
13.142494331,0.000824423,0.0027607,0.0836336,0.13268,0.0664324,0.10414,0,0,0.0155499,0.1725,0,0.061471,0.256458,0.12517,0.0911236,0.179583,0.393399,0.0302448,0.0129305,0,0.00353226,1,0,0.0157555
13.188934240,0.0003011,0.000140624,0.168852,0.0197186,0.0555001,0.156102,0.00872491,0,0,0.160096,0,0.0193268,0.278812,0.169506,0.185811,0.127955,0.397101,0.0503654,0.0492749,0,0,1,0,0.0049536
13.235374149,0.00709214,0,0.159288,0.0105962,0.0392948,0.0583495,0.249316,0,0.0298537,0.22241,0.0335394,0.0259653,0.259641,0.182568,0.177864,0.00214238,0.182515,0.0606584,0.501099,0,0.00678145,1,0.0215888,0.0066551
13.281814058,0,0,0.152363,0.00651863,0.0802477,0.105212,0.292582,0,0.0555703,0.375825,0.0936581,0.0178917,0.244556,0.217126,0.170664,0.00131796,0.0231009,0.146748,0.733572,0,0.0126231,1,0.048238,0.00458578
13.328253968,0.000662447,0,0.136,0.0224169,0.28861,0.312375,0.218053,0,0.0110919,0.398889,0.122386,0.0238574,0.283162,0.27917,0.151546,0.0156736,0.0999292,0.258047,0.926503,0,0.0025196,1,0.0607632,0.00611481
13.374693877,0.0349229,0.00200979,0.0376293,0.00554243,0.30194,0.339168,0.00454397,0,0,0.349781,0.225717,0,0.315554,0.365809,0.0496709,0.0242922,0.104544,0.19501,1,0,0,0.952342,0.0703779,0
13.421133786,0.133381,0.00333859,0.0305834,0,0.214426,0.275953,0,0,0,0.365978,0.0928123,0.066826,0.339813,0.414575,0.0377264,0.0131973,0.0699727,0.209113,1,0,0,0.958834,0.0250361,0.0469769
13.467573696,0.185971,0.00249417,0.0559771,0,0.0790962,0.0833408,0.0715565,0,0.00883261,0.317009,0.164429,0,0.711896,0.22488,0.0627008,0,0.0443848,0.143227,0.912479,0.0129936,0.00200638,1,0.103738,0
13.514013605,0.000594419,0,0.1171,0,0.068825,0.0180147,0.208038,0.0083016,0.0849157,0.264078,0.269922,0,1,0,0.131166,0,0.0483588,0.0037702,0.817855,0.0153379,0.0192891,0.866892,0.168443,0
13.560453514,0.000293164,0,0.134566,0.00679418,0.0438569,0.161831,0.143731,0.0830678,0.0767859,0.240424,0.106979,0.0913546,1,0,0.15073,0.00137367,0.0428992,0.0605548,0.567969,0.119685,0.0174424,0.677241,0.0330481,0.0642198
13.606893424,0.04322,0,0.132544,0.0146938,0.0165931,0.250786,0,0.0958473,0.0145019,0.232084,0.0687188,0.232883,1,0,0.147994,0.00297085,0.0416933,0.0938404,0.395102,0.173915,0.0032942,0.607526,0.0180883,0.0753851
13.653333333,0.0104842,0.00016856,0.0892596,0.0140683,0.0729684,0.306533,0.0120386,0.10622,0,0.135058,0,0.277273,1,3.34397e-05,0.0964301,0.00284438,0.065141,0.131778,0.324728,0.177242,0,0.624146,0.00113995,0.0710671
13.699773242,0.000593306,0.0026445,0.0697446,0.00168455,0.175197,0.147555,0.0324475,0.0922991,0,0.0841782,0,0.248635,1,0.000524627,0.0733956,0.000340588,0.101486,0.0994122,0.288757,0.167215,0,0.621597,0.000854858,0.0637269
13.746213151,0.00061855,0.00193587,0.0636414,0,0.227817,0.0407491,0.095385,0.0137169,0.0307234,0.0990886,0,0.122227,1,0.000384047,0.0696881,0,0.116329,0.00852816,0.287761,0.141595,0.006979,0.628102,0.000614605,0.0402962
13.792653061,0.000323338,0,0,0,0.0601668,0.0554351,0.20587,0.00295287,0.017291,0.210732,0,0.061418,1,0,0,0,0.0570035,0.0135198,0.319441,0.142321,0.00392775,0.670869,0.000467952,0.0431752
13.839092970,0.000589149,0,0,0,0.0213526,0.0530255,0.233941,0,0,0.0970689,0.101778,0.138121,1,0,0.00026794,0.0100121,0.0406903,0.0138632,0.304117,0.144656,0,0.721968,0.0252658,0.0425725
13.885532879,0.000896248,0,0.0643666,0,0.0516732,0.0868875,0.151054,0,0,0.0597991,0.10794,0.280667,1,0.0258883,0.0720979,0,0.048022,0.0270523,0.308649,0.148851,0,0.735242,0.0265859,0.0719368
13.931972789,0.000254442,0.00400609,0.384096,0,0,0.0306978,0.287175,0.0544127,0,0.0835199,0.0149076,0.363937,1,0.000794748,0.704478,0,0.0435687,0.00642457,0.408856,0.226589,0,0.610767,0.00365358,0.0932796
13.978412698,0.125843,0.00555476,0.420869,0.110605,0.0815548,0.0471506,0.113111,0,0,0.289443,0,0.0352675,0.886536,0.00110198,1,0.0356602,0.0550557,0.00986789,0.542338,0.0646931,0.00458571,0.743048,0,0.0091198
14.024852607,0.075966,0.0043886,0.0892232,0.2927,0.286994,0.0646933,0.0313236,0.0214332,0.0783534,0.349473,0,0,0.677724,0.000870631,1,0.0943699,0.103924,0.0147543,0.400847,0.00471792,0.0241478,0.752554,0,0.000119091
14.071292517,0.0548287,0.0030993,0.0233256,0.258432,0.263817,0.0283168,0.0157945,0.0273216,0.076918,0.353086,0,0.0180377,0.540245,0.000614853,1,0.0833215,0.0913449,0.00592627,0.300541,0.00601408,0.0231557,0.629082,0,0.012806
14.117732426,0.0166002,0.00264195,0.0230323,0.213056,0.169635,0.0102207,0.0186853,0.0396687,0.0466413,0.294462,0,0.0766439,0.431463,0.000524122,1,0.0686917,0.0587349,0.00213903,0.239559,0.0386135,0.0154312,0.433218,0,0.0540098
14.164172335,0.000827646,0.00253618,0.159077,0.165304,0.105085,0.00906546,0.0176981,0.0250537,0.0426518,0.16323,0.0264259,0.105632,0.337625,0.00050314,1,0.0532958,0.0363849,0.00189726,0.21649,0.0962339,0.0136258,0.312377,0.0174897,0.0743961
14.210612244,0.00061455,0.00320134,0.182351,0.130245,0.0655089,0.0336194,0.0325725,0.0106099,0,0.126215,0.0889418,0.0773977,0.274889,0.000635097,1,0.0419926,0.022682,0.0178341,0.362828,0.0407539,0.00140952,0.323987,0.0549747,0.0389233
14.257052154,0.0324572,0.00403244,0.00473181,0.0808193,0.0212204,0.115173,0.0184796,0,0.011626,0.158337,0.125203,0.0142292,0.233475,0.00690738,1,0.0260571,0.0043565,0.124567,0.554627,0,0.0652969,0.253936,0.078136,0.00371476
14.303492063,0.0976635,0.0026184,0.00289404,0.0283269,0.0331969,0.141138,0.0221879,0,0.0346547,0.171932,0.147361,0.0267282,0.24945,0.0315734,1,0.00913291,0.00681524,0.157936,0.62874,0,0.194637,0.147566,0.0503622,0.0068749
14.349931972,0.107524,0.000933342,0.00318212,0.0780915,0.111355,0.149784,0.0208519,0,0.0450623,0.160825,0.154348,0,0.254424,0.0354355,1,0.0251776,0.0340494,0.183008,0.654599,0,0.25309,0.0993736,0.0390803,1.70562e-05
14.396371882,0.105534,0.00192184,0.173276,0.0238914,0.245196,0.144986,0.00537128,0,0.0435924,0.0929799,0.134525,0,0.246105,0.0259625,1,0.00770287,0.0848975,0.18162,0.622133,0,0.244834,0.0635534,0.0342137,2.71659e-05
14.442811791,0.0311926,0.000352498,0.262995,0.0119906,0.166374,0.169317,0,0,0.102732,0.13141,0.0301948,0.00743963,0.191803,6.99302e-05,1,0.00242431,0.0576058,0.226124,0.559352,0,0.182019,0.08546,0.00874046,0.00193646
14.489251700,0.000909818,0,0.39195,0.0427429,0.0222551,0.088634,0.155596,0.0125529,0.126583,0.0925156,0,0.0848823,0.388353,0,1,0.0112927,0.0260216,0.188299,0.580967,0.0151019,0.028754,0.148033,0.00151167,0.0596699
14.535691609,0.00117553,0,0.277417,0.362042,0,0.019679,0.256464,0.125863,0.0243045,0,0.235201,0.118289,0.787085,0,1,0.116727,0.0341173,0.0418073,0.666076,0.0437637,0.00552091,0.150383,0.146921,0.0831539
14.582131519,0.00114545,0.000804754,0.295701,0.325921,0,0.0547021,0.137269,0.158499,0,0,0.210257,0.161655,0.9623,0.000159651,1,0.105081,0.0392503,0.0231012,0.553786,0.140884,0,0.167219,0.131438,0.113639
14.628571428,0.00099319,0.00124022,0.268046,0.0302358,0.00426951,0.171012,0.0918891,0.178166,0,0,0.0713923,0.148972,1,0.000246041,0.927118,0.00974835,0.0411987,0.0584676,0.427213,0.220637,0,0.181916,0.173241,0.104723
14.675011337,0.000141505,0.00320301,0.326944,0,0.206236,0.135963,0.0705208,0.214862,0,0,0.0219901,0.0448698,1,0.000635427,0.856762,0,0.109026,0.0465143,0.355526,0.22967,0,0.227854,0.131131,0.0315422
14.721451247,0.0267881,0.00458791,0.342095,0.00208523,0.166338,0.0846002,0.0534948,0.403245,0,0,0.103349,0.0228255,1,0.0459214,0.816557,0.0006723,0.22799,0.0316561,0.365725,0.305945,0,0.381683,0.0602482,0.0160457
14.767891156,0.00102799,0.00485984,0.567212,0.287474,0,0,0.0852124,0.567161,0,0,0.228573,0.171514,1,0.1268,0.905456,0.0926849,0.325001,0,0.27588,0.432998,0,0.908435,0.0671236,0.12057
14.814331065,0.00105282,0.00355338,0.602143,0.0380547,0,0.00467773,0.117438,0.460683,0,0,0.203875,0.236758,0.687988,0.123662,0.663405,0.0515072,0.258125,0.000978977,0.0774097,0.352965,0,1,0.152413,0.129657
14.860770975,0.000726533,0.00430755,0.611615,0,0,0.0383686,0.232487,0.39547,0,0,0.109196,0.246029,0.580411,0.120175,0.644376,0,0.246961,0.00802995,0.094179,0.263054,0,1,0.161646,0.127323
14.907210884,0.000244658,0.00450088,0.627965,0,0.00920829,0.0562806,0.31234,0.347904,0,0,0.071251,0.226879,0.515413,0.117801,0.683114,0,0.246139,0.0117787,0.139681,0.175773,0,1,0.13736,0.0958854
14.953650793,0.00262712,0.00486832,0.49297,0.134304,0.0442751,0.0376091,0.31273,0.339142,0,0,0.0400989,0.166981,0.452021,0.113105,0.731595,0.0433013,0.233642,0.0124165,0.172309,0.146898,0,1,0.00982748,0.0427984
15.000090702,0.000732213,0.00415031,0.199584,0.0232935,0.0936979,0.0771959,0.00228478,0.0697856,0.281825,0,0,0.0311734,0.313465,0.0914554,0.777758,0.00751009,0.207862,0.0278448,0.0635851,0.0618547,0.138924,1,0,0.00798997
15.046530612,0.0146607,0.0036736,0.0453036,0,0.175001,0.171685,0.0269698,0.0322978,0.332016,0,0,0.0976899,0.26248,0.0742062,0.824955,0,0.237908,0.0578856,0.0534455,0.0339187,0.163665,1,0,0.0250386
15.092970521,0.151671,0.00339413,0.00465684,0.0129622,0.29173,0.202256,0.0478016,0.0877082,0.207488,0,0,0.178317,0.359329,0.0424894,0.887028,0.00948619,0.285668,0.0704465,0.0612992,0.0193065,0.133199,1,0,0.0457039
15.139410430,0.205355,0.00140249,0.0083003,0.0649764,0.154909,0.211993,0.037114,0.165273,0.0707709,0,0,0.203682,0.439077,0.0153313,0.927444,0.0678608,0.233301,0.0743539,0.0866405,0.0368084,0.124244,1,0,0.0602978
15.185850340,0.197265,0,0.181757,0.0429349,0.0196993,0.262226,0.0361191,0.288319,0.0439329,0,0,0.192311,0.489959,0.0155577,1,0.0316017,0.178155,0.0981212,0.188485,0.091447,0.109896,0.995955,0,0.0780991
15.232290249,0.0473528,0,0.341325,0.0220523,0.0488925,0.0565265,0.331721,0.183883,0.0321866,0.0887492,0,0.0311699,0.404444,0.0443231,1,0.00445862,0.108614,0.0863968,0.767424,0.305982,0.13204,0.961422,0.00112577,0.0628126
15.278730158,0.206716,0,0.30081,0.0374155,0.0909478,0.0605527,0.419331,0.0863161,0.0697357,0.061875,0.0802387,0.0021137,0.455128,0.0652781,1,0.00756479,0.129055,0.128642,0.939169,0.0799029,0.233,0.750474,0.0212973,0.0843312
15.325170068,0.241706,0.00581793,0.220134,0.0278814,0.191119,0.268221,0.380923,0,0.0726049,0.038605,0.165918,0.00162811,0.502089,0.100045,0.927449,0.00563716,0.0989263,0.130513,1,0,0.220403,0.551495,0.0424219,0.0649573
15.371609977,0.160231,0.00715933,0.192251,0.0801725,0.162372,0.53277,0.235481,0,0.0531521,0.169887,0.093899,0.0630866,0.434142,0.104757,0.997062,0.0245642,0.0562203,0.199354,1,0,0.219944,0.449665,0.0248316,0.0443482
15.418049886,0.073356,0.00508073,0.208936,0.0348057,0.0941682,0.379625,0.0999449,0,0.0828817,0.15727,0.0311807,0.146697,0.285118,0.0582717,1,0.0112218,0.0326051,0.14205,0.793416,0,0.168687,0.389464,0.00923873,0.103124
15.464489795,0.0902711,0,0.413948,0,0.231214,0.153282,0.0342974,0.0158827,0.0704764,0.192738,0.0613659,0.167665,0.590687,0,1,0,0.095132,0.0573559,0.735746,0.012083,0.0569904,0.499693,0.0277807,0.117864
15.510929705,0.0974822,0,0.485375,0.0722638,0,0.0558272,0.145108,0.134258,0,0.0825433,0.379896,0.0159542,1,0,0.941775,0.0978095,0.0375022,0.0116838,0.855666,0.0468215,0,0.411135,0.152014,0.0112154
15.557369614,0.100508,0,0.3333,0.0191346,0.0146401,0.0686024,0.115489,0.308948,0,0.0200686,0.265792,0,1,0,0.666811,0.0258988,0.0373223,0.0143574,0.656683,0.183616,0,0.202954,0.199142,0
15.603809523,0.0653768,0,0.298009,0,0.0560197,0.133476,0.101066,0.335519,0,0,0.0771306,0.0111286,1,0,0.602737,0,0.0544086,0.0374932,0.502608,0.253927,0,0.16389,0.226003,0.00782307
15.650249433,0.0296827,0.001541,0.262661,0,0.104819,0.182773,0.088192,0.331474,0,0,0.0131865,0.0462329,1,0.000305711,0.565777,0,0.0752356,0.0581389,0.408834,0.266806,0,0.132685,0.219403,0.0118498
15.696689342,7.93221e-05,0.00318388,0.212448,0,0.152523,0.185508,0.0791381,0.29602,0,0,0.0571411,0.0545657,1,0.000631633,0.566856,0,0.0944567,0.0633846,0.370179,0.251306,0,0.114063,0.176093,0.0139856
15.743129251,0.000811013,0.00251587,0.137788,0,0.0635487,0.12478,0.0794367,0.151716,0,0,0.0423169,0.0643528,1,0.00049911,0.600922,0,0.0594775,0.0466908,0.397147,0.186058,0,0.115909,0.0374532,0.0164941
15.789569160,0.000941581,0.00324304,0.0865281,0,0.0374032,0.107512,0.229852,0.100757,0,0.0245308,0.000814899,0.0439552,1,0.000643369,0.617634,0,0.0490313,0.0402294,0.419998,0.180569,0,0.113335,0.0138751,0.0289823
15.836009070,0.00118754,0.00325793,0.170601,0,0.00487795,0.28066,0.136539,0.00469861,0.0122607,0.0477621,0,0.0985208,1,0.000646323,0.69531,0,0.052632,0.104624,0.340731,0.177724,0.0688618,0.0921233,0.000309341,0.0886587
15.882448979,0.00109479,0.000453894,0.22327,0,0.012957,0.39076,0.081531,0,0.0110658,0,0.0987932,0.286256,1,9.00455e-05,0.742798,0,0.0710301,0.152624,0.384002,0.169164,0.0621504,0.0237039,0.0243502,0.122185
15.928888888,0.000547955,0,0.412016,0.010737,0,0.446924,0.0571769,0.0320999,0.00155396,0,0.0656194,0.395203,1,0,0.823266,0.00217085,0.052361,0.181863,0.455898,0.181641,0.00872775,0,0.0434624,0.159014
15.975328798,0,0.00839994,0.446219,0,0.00149803,0.341343,0.0837889,0.0492741,0.000244906,0,0.0705904,0.323081,1,0.00793377,0.762809,0,0.053073,0.114632,0.495404,0.179278,0.0013755,0,0.0843982,0.114149
16.021768707,0,0.027989,0.394967,0,0.06786,0.245829,0.102776,0.0258266,0.0504139,0,0.0555762,0.0816572,1,0.0264357,0.640113,0,0.151533,0.0761317,0.496472,0.154819,0.0114518,0,0.0465989,0.0209293
16.068208616,0,0.0184907,0.359383,0.0148566,0.1721,0.40263,0.0634358,0.122852,0.0790813,0,0.00253526,0,1,0.0174646,0.557978,0.00300376,0.277278,0.150658,0.479931,0.17506,0.0179638,0.0147255,0.0425149,0
16.114648526,0,0,0.339778,0.0208645,0.196753,0.374045,0.0533662,0.107264,0.00258193,0.0905335,0.0138318,0.0191215,1,0,0.566147,0.00421847,0.197634,0.139962,0.495275,0.165263,0.0145013,0.0910131,0.229503,0.0134419
16.161088435,0.0425773,0.0299729,0.234721,0.0191239,0.227799,0.154123,0.0466672,0.0883795,0,0,0.141241,0.0218974,1,0.0283095,0.494811,0.00386655,0.117581,0.0576705,0.540951,0.160519,0,0.0989513,0.260599,0.00561247
16.207528344,0.121802,0.0372498,0.319192,0.018644,0.04948,0.0108205,0.145772,0.178241,0,0,0.219286,0,1,0.0351826,0.471944,0.00601104,0.0457153,0.00226456,0.661182,0.188838,0,0.11842,0.193683,0
16.253968253,0.0574185,0.0628851,0.270943,0.0185172,0.0713751,0.093067,0.0999662,0.187897,0,0,0.190073,0,1,0.0593952,0.596004,0.00597014,0.0943277,0.0264754,0.707443,0.204076,0,0.10789,0.122493,0
16.300408163,0,0.0526011,0.247921,0.0172139,0.135458,0.154191,0.106734,0.20248,0,0.0119248,0.118051,0.0226819,1,0.0496819,0.718531,0.00554997,0.205488,0.044078,0.699066,0.168218,0,0.0701144,0.144614,0.0159448
16.346848072,0,0.0779663,0.247365,0.0252387,0.143643,0.239161,0.0586874,0.121991,0.0354689,0,0.0184174,0,1,0.0669111,0.805436,0.00813725,0.187959,0.0776766,0.634463,0.09825,0.00805697,0.0231269,0.210173,0
16.393287981,0,0.182482,0.309911,0.00392101,0.0571002,0.274152,0.000158968,0.0902343,0.120202,0,0.0136106,0.000474375,1,0.172355,0.818951,0.00126418,0.0628683,0.0964826,0.551579,0.151898,0.0273046,0,0.225318,0.0189263
16.439727891,0.0914606,0.150996,0.347684,0.0269464,0.0520943,0.217802,0.277836,0.0571087,0.102388,0,0.0693471,0.000613236,1,0.142616,0.806176,0.00868781,0.0723618,0.177779,0.629003,0.175788,0.0232581,0,0.119264,0.0244665
16.486167800,5.639e-06,0.00225626,0.474291,0.0820151,0.00939718,0.209335,0.285681,0.0983895,0,0.00643085,0.044171,0.00151704,1,0.000447607,0.908506,0.0264426,0.0689751,0.277468,0.635918,0.214915,0,0.00151398,0.0108255,0.0605259
16.532607709,0.177554,0.000193953,0.474966,0.0265002,0,0.22039,0.318906,0.0867198,0,0.0702967,0.00154172,0.0618808,1,3.84773e-05,0.86861,0.00854397,0.0601782,0.326259,0.671192,0.185131,0,0.0165496,0.0255225,0.0633722
16.579047619,0.186082,0,0.425824,0.0339414,0,0.164562,0.242925,0.0509127,0,0.0166797,0.00876213,0.0216642,1,0,0.879529,0.0109431,0.0563807,0.23088,0.676693,0.113512,0,0.00392682,0.145053,0.0801914
16.625487528,0.137945,0,0.404752,0.0119045,0.0320593,0.292639,0.0423319,0.0951229,0.0869974,0,0.0157381,0.0180439,1,0,0.860272,0.00383813,0.100053,0.131599,0.607379,0.110318,0.019762,0,0.260536,0.021998
16.671927437,0,0,0.504678,0.0101507,0.0922387,0.537007,0.0107313,0.136846,0.108792,0,0.0166647,0.0635496,1,0,0.946577,0.0020523,0.176881,0.20094,0.571721,0.206434,0.0247128,0,0.275876,0.0382175
16.718367346,0,0,0.59208,0.0218781,0.069667,0.626821,0.0185913,0.10771,0.0422661,0.0500892,0.0154779,0.0679075,0.957259,0,1,0.0044234,0.136576,0.251802,0.533096,0.230092,0.0196327,0.0376446,0.256229,0.0225011
16.764807256,0,0,0.52977,0.0212343,0.0598183,0.511445,0.0792261,0.0334243,0.0189264,0.0944026,0.0546815,0.101753,0.845642,0,1,0.00429323,0.073086,0.266143,0.496291,0.209988,0.106299,0.053231,0.266417,0.0600908
