0.000000000,0,0,0,0,0,0,0,0,0,0,0,0
0.341333333,0.755003,0.544876,0.431899,0.468592,0.468274,0.692644,0.515584,0.957832,1,0.263487,0.873378,0.371828
0.682666666,0.20108,0.0918211,0.43323,0.110332,0.10366,0.0325543,0.0259524,1,0.177228,0.44396,0.180557,0.0538186
1.024000000,0.225023,0.346888,0.890389,0.135833,0.171399,0.0877799,0.0512661,1,0.342752,0.752437,0.255856,0.0868722
1.365333333,0.22966,0.0149053,0.568289,0.0399407,0.0303213,0.0150511,0.0513283,1,0.036274,0.161664,0.0183735,0.130431
1.706666666,0.1878,0.0221095,0.446184,0.215194,0.110888,0.378576,0.0458897,0.32048,0.031246,0.343351,1,0.0265969
2.048000000,0.197191,0.0430477,0.176658,0.25877,0.0503962,0.430243,0.0292718,0.765312,0.164165,0.0854845,1,0.123865
2.389333333,0.164538,0.042536,1,0.105458,0.163127,0.114917,0.0541864,0.896238,0.0779946,0.715327,0.227487,0.0540154
2.730666666,0.455366,0.116818,0.736547,0.224935,0.0543062,0.567351,0.113615,0.853935,0.0525424,0.265508,1,0.116383
3.072000000,0.184994,0.0317867,1,0.124232,0.0626613,0.162381,0.141895,0.487539,0.080863,0.53034,0.479388,0.0620488
3.413333333,0.068178,0.00991756,0.0255751,0.213678,0.00198711,0.365732,0.032909,0.0516102,0.00159052,0.00798726,1,0.000789376
3.754666666,0.191637,0.00951191,1,0.192791,0.078662,0.273548,0.143,0.692377,0.00482478,0.542732,0.86275,0.0571646
4.096000000,0.238907,0.38245,0.396445,0.108456,0.651334,0.278552,0.635759,0.503606,0.406733,1,0.239776,0.44865
4.437333333,0.186684,0.529477,0.185999,0.0327931,0.637421,0.0708467,1,0.0269545,0.038899,0.87685,0.0839315,0.228698
4.778666666,0.0524424,0.295352,0.216431,0.0233722,0.463904,0.0407083,0.127192,0.105644,0.0239016,1,0.0167773,0.0252194
5.120000000,0.0773147,0.327232,0.220036,0.0126244,0.526685,0.0370262,0.479313,0.188916,0.003331,1,0.00439291,0.176682
5.461333333,1,0.553553,0.322792,0.0626314,0.217561,0.236988,0.699169,0.489387,0.170071,0.638837,0.112667,0.220591
5.802666666,0.0824088,0.596427,1,0.121693,0.223482,0.0660189,0.617887,0.362895,0.0619518,0.845937,0.0496399,0.0944197
6.144000000,1,0.561557,0.782698,0.0593819,0.159814,0.31179,0.943376,0.495029,0.279853,0.937997,0.194221,0.260521
6.485333333,0.0135871,0.210857,0.488128,0.0087328,0.308967,0.028303,0.0570656,0.082989,0.020752,1,0.0163906,0.0187544
6.826666666,0.916477,0.548228,0.730459,0.0264487,0.186541,0.224899,0.877123,0.249435,0.0971656,1,0.0825138,0.204477
7.168000000,0.320603,0.270697,0.772003,0.151976,0.226089,0.128935,0.641182,1,0.147378,0.709513,0.157326,0.209074
7.509333333,0.197729,0.0255362,0.696048,0.0620572,0.0548628,0.0165976,0.0257781,1,0.0505899,0.186539,0.0913162,0.177935
7.850666666,0.16306,0.032992,0.308368,0.217815,0.0107393,0.571064,0.0340404,0.352629,0.0303226,0.233396,1,0.0142227
8.192000000,0.17926,0.0255429,0.151581,0.239347,0.0158226,0.607153,0.0171218,0.679736,0.00886178,0.0157862,1,0.0379385
8.533333333,0.120899,0.0436399,1,0.143069,0.158457,0.0657507,0.124024,0.474201,0.0631739,0.72156,0.559272,0.0746381
8.874666666,0.251563,0.100875,0.971294,0.212806,0.072758,0.953895,0.0657459,0.700179,0.0599556,0.440829,1,0.137122
9.216000000,0.130442,0.0235151,1,0.118263,0.0343812,0.360405,0.137023,0.505574,0.0468648,0.557697,0.517441,0.032048
9.557333333,0.0446991,0.0129817,0.0360228,0.207628,0.00226393,0.518509,0.030367,0.0876084,0.00088739,0.0213199,1,0.00190838
9.898666666,0.155462,0.149513,0.682571,0.249465,0.0810696,0.338655,0.196688,0.460517,0.0563106,0.556885,1,0.10458
10.240000000,0.657086,0.338607,0.303954,0.363688,1,0.301964,0.140983,0.744944,0.409952,0.867744,0.474055,0.522177
10.581333333,0.942485,0.596924,0.160492,0.0309655,0.237963,0.212356,1,0.226663,0.0422896,0.631612,0.0982191,0.216142
10.922666666,0.0445224,0.230411,0.215658,0.010075,0.463768,0.0273679,0.0766007,0.0680635,0.00824483,1,0.00440084,0.0130556
11.264000000,0.051657,0.360591,0.225244,0.0151144,0.444652,0.0336467,0.497588,0.0781397,0.101564,1,0.0433806,0.121663
11.605333333,0.875099,0.534847,0.316031,0.0570041,0.447553,0.253991,0.515949,0.281744,0.179797,1,0.126539,0.21749
11.946666666,0.320225,0.481142,0.839506,0.028905,0.171962,0.113256,0.872271,0.177414,0.0551445,1,0.0615355,0.174947
12.288000000,0.302203,0.374915,0.418549,0.00978187,0.442338,0.107927,0.349409,0.252292,0.0312515,1,0.0198176,0.0846765
12.629333333,0.0294161,0.199217,0.433823,0.00820416,0.29594,0.0325971,0.0722424,0.106549,0.0223984,1,0.0149124,0.0196878
12.970666666,1,0.65381,0.347345,0.037913,0.0718676,0.252086,0.965466,0.632255,0.229574,0.920034,0.0804512,0.243058
13.312000000,0.328428,0.706494,0.485558,0.134894,0.217156,0.124622,0.266633,1,0.141254,0.537511,0.22784,0.172022
13.653333333,0.0964922,0.0338965,1,0.067498,0.115928,0.0541252,0.128869,0.56831,0.0733523,0.546466,0.10037,0.0315656
13.994666666,0.037484,0.0327228,0.333834,1,0.183899,0.0222555,0.0350802,0.107184,0.233416,0.272718,0.118934,0.047246
14.336000000,0.0305154,0.0199108,1,0.0630028,0.198004,0.0490084,0.232356,0.234825,0.0314524,0.557298,0.0517087,0.067068
14.677333333,0.151313,0.0763328,1,0.184939,0.257666,0.494869,0.12754,0.493425,0.0985396,0.815728,0.733171,0.124259
15.018666666,0.186759,0.0358686,0.607762,0.190032,0.123238,0.034123,0.0635331,1,0.0547641,0.228969,0.557907,0.112226
15.360000000,0.0300425,0.144832,0.428404,1,0.0666516,0.0283536,0.0389139,0.189375,0.762096,0.401477,0.118234,0.0356163
15.701333333,0.090238,0.0333934,1,0.21894,0.115642,0.0438258,0.188939,0.358125,0.0595336,0.439674,0.0512651,0.0691558
16.042666666,0.181209,0.179732,0.885559,0.298685,0.151107,0.552903,0.109204,0.344335,0.420544,0.698519,1,0.125682
16.384000000,0.0215232,0.262222,0.241568,0.027171,0.238199,0.371076,0.0640728,0.037466,0.0625219,1,0.122262,0.215105
16.725333333,0.0228219,0.206637,1,0.082648,0.0987607,0.524692,0.255693,0.290325,0.0705687,0.874618,0.211469,0.0510465
17.066666666,0.167039,0.0674266,1,0.149307,0.131395,0.112006,0.234737,0.403001,0.0482195,0.966155,0.041419,0.0895962
17.408000000,1,0.0160794,0.520037,0.030689,0.242772,0.23204,0.0931439,0.336861,0.0542548,0.636016,0.0230676,0.0185671
17.749333333,0.121248,0.605099,0.940779,0.144988,0.161484,0.125652,0.903981,0.50855,0.512665,1,0.29909,0.255964
18.090666666,0.0914648,0.645417,0.862127,0.0556406,0.272926,0.0588614,1,0.197091,0.14604,0.402295,0.0971338,0.194148
18.432000000,0.0433607,0.136436,1,0.00799473,0.128375,0.0262985,0.316457,0.204492,0.0324805,0.690348,0.0355825,0.0625045
18.773333333,1,0.0754529,0.305378,0.0243702,0.286471,0.241043,0.0538508,0.281851,0.277932,0.455613,0.0225711,0.0380256
19.114666666,0.0681752,0.22195,0.653516,0.0551683,0.251389,0.103672,0.13956,0.163977,0.453643,1,0.0644758,0.112387
19.456000000,0.212679,0.0437263,0.224037,0.0499456,0.0497051,0.0050799,0.0292145,1,0.0413278,0.109291,0.020299,0.286154
19.797333333,1,0.0305753,0.557715,0.0647265,0.282313,0.225147,0.225245,0.737236,0.0436238,0.458279,0.0413721,0.212225
20.138666666,0.468435,0.101482,0.828593,0.312156,0.181063,1,0.284534,0.693178,0.105311,0.46698,0.768201,0.180071
20.480000000,0.201412,0.136133,1,0.509908,0.0961336,0.507147,0.151628,0.825336,0.284692,0.937233,0.685743,0.0692789
20.821333333,0.0810112,0.0663106,0.42774,1,0.0884046,0.215823,0.0705128,0.336518,0.254597,0.391391,0.430859,0.0591734
21.162666666,0.0708916,0.0554165,0.975663,1,0.130549,0.172819,0.137083,0.397154,0.234312,0.635274,0.421639,0.054363
21.504000000,1,0.0636644,0.702027,0.606186,0.301733,0.26788,0.176579,0.52954,0.186402,0.597105,0.135122,0.0998742
21.845333333,0.0500266,0.05105,0.42337,0.691039,0.0905841,0.693617,0.0759001,0.0721342,0.149789,0.364942,1,0.0330288
22.186666666,0.387954,0.19019,1,0.147322,0.226575,0.213504,0.236597,0.767871,0.268497,0.530454,0.247301,0.288557
22.528000000,0.0444089,0.0445745,1,0.0942755,0.171882,0.0501841,0.0908682,0.21608,0.0566777,0.454902,0.0651145,0.0699009
22.869333333,0.130123,0.0386674,0.552635,0.189316,0.0155699,0.700955,0.0419431,0.121425,0.00885118,0.0923002,1,0.0139303
23.210666666,0.1006,0.0348433,0.71874,0.0228768,0.527639,0.0495766,0.0315345,0.377016,0.0394598,1,0.038844,0.0295066
23.552000000,0.0806157,0.360856,1,0.0151836,0.188104,0.0697477,0.601878,0.320514,0.261782,0.84533,0.102273,0.110018
23.893333333,0.0153486,0.0348662,1,0.0628309,0.0496217,0.0303702,0.232816,0.202362,0.0437815,0.443736,0.0811232,0.0533858
24.234666666,0.0524068,0.0467925,1,0.0678301,0.0968495,0.517443,0.11216,0.21068,0.0615493,0.494166,0.44572,0.0253896
24.576000000,0.0541822,0.0469772,1,0.082065,0.100328,0.589626,0.0983026,0.337656,0.0108139,0.439519,0.513355,0.0217706
24.917333333,0.0310796,0.0256403,1,0.0201812,0.586346,0.0441044,0.131273,0.179841,0.0150537,0.947581,0.0419247,0.0283133
25.258666666,0.14096,0.297314,0.862883,0.0767717,0.158671,0.108327,1,0.420598,0.302226,0.650451,0.157319,0.296889
25.600000000,0.198095,0.0834033,0.757651,0.0984385,0.0533975,0.0530974,0.0529248,1,0.216021,0.508746,0.175353,0.127891
25.941333333,0.217136,0.132652,0.711758,0.117421,0.0825035,0.043811,0.0412616,1,0.308916,0.236376,0.164971,0.106286
26.282666666,0.642953,1,0.398892,0.192739,0.188071,0.404146,0.841597,0.81162,0.459525,0.581905,0.389243,0.473677
26.624000000,0.250177,0.0155279,0.177077,0.235361,0.00768823,0.301257,0.0390954,0.729384,0.0187518,0.0694832,1,0.00802295
26.965333333,0.311229,0.187967,0.290873,0.144184,1,0.0931074,0.320841,0.71048,0.234764,0.367945,0.123294,0.679916
27.306666666,0.156202,0.16717,0.227391,0.00507266,0.306403,0.956054,0.0250136,0.0361766,0.029323,1,0.192425,0.0411536
27.648000000,1,0.199739,0.683078,0.107085,0.359561,0.41709,0.506646,0.512227,0.191898,0.723605,0.109629,0.293892
27.989333333,0.0853438,0.0404191,0.103638,1,0.10175,0.548429,0.0423877,0.442763,0.214173,0.118838,0.593019,0.192162
28.330666666,0.282573,0.430148,0.258301,0.373951,0.158909,1,0.14964,0.544929,0.0896547,0.760378,0.899179,0.155705
28.672000000,0.0176444,0.158329,1,0.0505438,0.131579,0.134024,0.304582,0.184528,0.0451907,0.740012,0.079046,0.0631466
29.013333333,0.0487818,0.561059,0.939475,0.0384599,0.334169,0.0588814,0.620573,0.204255,0.0791844,1,0.117981,0.179116
29.354666666,1,0.515876,0.54831,0.420244,0.186816,0.290721,0.285782,0.522329,0.140149,0.121398,0.715972,0.40052
29.696000000,0.63519,0.0345323,0.388725,1,0.0383506,0.0805163,0.0445079,0.911342,0.261876,0.0536229,0.554989,0.207882
30.037333333,0.410763,0.0892606,0.441473,0.184746,0.826851,0.202862,0.0852664,1,0.0761323,0.60046,0.466959,0.473456
30.378666666,0.0920239,0.0423235,1,0.173351,0.134035,0.285995,0.0788366,0.406418,0.0415458,0.585096,0.444477,0.280405
30.720000000,0.235809,0.354784,0.53672,0.79105,0.221905,0.275483,0.131231,0.703751,1,0.430781,0.534843,0.470263
31.061333333,0.0936312,0.655929,0.182683,0.044297,1,0.0293805,0.96705,0.00682161,0.0159271,0.877028,0.112482,0.281617
31.402666666,0.589296,0.180211,0.216313,0.0355599,0.508156,0.220946,0.404085,0.104472,0.0529376,1,0.0331667,0.134299
31.744000000,0.194073,0.00928559,0.473812,0.052377,0.0433909,0.00454771,0.0071027,1,0.000692936,0.0696208,0.0594639,0.145353
32.085333333,0.207821,0.0218345,0.519365,0.114834,0.0863667,0.0418212,0.0463189,1,0.0191265,0.0959948,0.173057,0.167783
32.426666666,0.128396,0.0713833,0.248736,1,0.0261302,0.0354497,0.0293721,0.37709,0.477456,0.111994,0.228227,0.0876761
32.768000000,0.100651,0.0692765,1,0.808258,0.203751,0.167292,0.0734065,0.219557,0.263801,0.638659,0.149719,0.075238
33.109333333,0.199073,1,0.467442,0.153286,0.189121,0.363932,0.443614,0.0845614,0.852196,0.82355,0.293664,0.316456
33.450666666,0.0796992,0.0310796,1,0.0288925,0.0781104,0.0467092,0.0758565,0.490008,0.0389773,0.572007,0.0763182,0.011347
33.792000000,0.404932,0.0604864,0.478244,0.233014,0.0432507,0.58075,0.0745416,0.748826,0.0636682,0.179046,1,0.0744759
34.133333333,0.389133,0.0662625,0.659339,0.538759,0.0617038,0.645747,0.0542461,0.837041,0.120795,0.190952,1,0.203555
34.474666666,0.112415,1,0.778615,0.115263,0.195383,0.452794,0.299356,0.372743,0.581097,0.458723,0.206017,0.0899061
34.816000000,0.077941,0.0102583,0.743161,0.0219479,0.233446,0.0714765,0.0890333,0.316389,0.019694,1,0.05948,0.0449114
35.157333333,1,0.540238,0.778524,0.168994,0.379415,0.485821,0.276481,0.242527,0.141768,0.972484,0.426247,0.193486
35.498666666,1,0.127782,0.114031,0.0145769,0.131709,0.227707,0.0458414,0.270709,0.595208,0.447776,0.00927889,0.0186881
35.840000000,0.402763,0.15483,0.181492,1,0.0119307,0.300635,0.132806,0.0789974,0.224884,0.106995,0.799043,0.0484877
36.181333333,0.196572,0.134017,0.523931,0.395238,0.040403,0.0800173,0.486805,0.838712,0.520888,0.0734193,1,0.132736
36.522666666,0.162295,0.439616,0.462465,0.291459,0.0328641,0.243004,0.158951,0.692389,0.237846,0.22351,1,0.0218371
36.864000000,0.0426983,0.639966,0.253428,0.0713973,0.0833998,0.0417814,1,0.0646681,0.159031,0.621232,0.322945,0.218497
37.205333333,0.100899,0.249434,0.325924,0.072217,0.0900426,0.043168,0.604049,0.380415,0.0228561,1,0.177559,0.126862
37.546666666,0.674059,0.139693,0.277065,0.180476,0.164161,0.38412,0.591486,0.814158,0.119721,1,0.0737247,0.159611
37.888000000,0.36811,0.0718387,0.160877,0.25893,0.0479645,0.502848,0.0877311,0.897601,0.149586,0.0617234,1,0.0529946
38.229333333,0.600988,0.341375,0.510984,0.208424,0.291331,0.450487,0.197661,1,0.212026,0.257226,0.282151,0.487102
38.570666666,0.13636,0.0114228,0.107309,0.236549,0.03206,0.264016,0.0330367,0.543341,0.00482292,0.0418456,1,0.125897
38.912000000,0.287874,0.0505885,1,0.216617,0.0441114,0.118822,0.177151,0.976071,0.039219,0.545823,0.645526,0.12721
39.253333333,0.301959,0.138791,0.172745,0.0146408,0.192059,1,0.024338,0.0510498,0.0141462,0.714117,0.205514,0.0238128
39.594666666,0.783706,0.117456,0.137438,0.00852402,0.109352,1,0.0336372,0.301596,0.0172123,0.541657,0.202862,0.0123529
39.936000000,0.200384,0.0699574,0.308666,1,0.154464,0.28596,0.0732714,0.562617,0.206349,0.0909494,0.464707,0.167619
40.277333333,0.165459,0.0394715,0.154017,1,0.0457767,0.628889,0.0435479,0.69471,0.214164,0.0346905,0.578919,0.153507
40.618666666,0.0801127,0.237151,1,0.0887471,0.136718,0.315562,0.472997,0.254394,0.144428,0.793504,0.193983,0.164353
40.960000000,0.0102244,0.699304,0.845213,0.0153675,0.0258634,0.0141425,1,0.163067,0.0102004,0.563199,0.100612,0.18969
41.301333333,0.10954,0.386707,0.280602,0.26308,0.472071,0.0821011,0.811362,0.141941,0.247372,1,0.474464,0.262536
41.642666666,0.0124607,0.125685,0.249078,0.01549,0.0701551,0.043399,0.0462561,0.049329,0.0258607,1,0.0235746,0.0357272
41.984000000,1,0.0465237,0.181489,0.0084035,0.0786284,0.24805,0.0288874,0.280843,0.0306463,0.701641,0.00978057,0.00540013
42.325333333,0.273734,0.211811,0.335943,0.344475,0.130707,0.458848,0.0873528,0.85146,0.507697,0.694448,1,0.0611658
42.666666666,0.0784183,0.0129332,0.390131,0.28098,0.0434864,0.235106,0.383837,0.24737,0.0363437,0.206878,1,0.0685482
43.008000000,0.136752,0.197525,0.501808,0.24089,0.0579471,0.24641,0.482078,0.168037,0.590023,0.167919,1,0.152355
43.349333333,0.384029,0.220241,0.502211,0.41105,0.139118,0.574287,0.150252,0.856687,0.318017,1,0.303059,0.390367
43.690666666,0.111476,0.533842,0.269283,0.0991366,0.419363,0.116004,0.67904,0.0950427,0.339371,1,0.313153,0.420328
44.032000000,0.429293,0.0921233,0.393167,0.305693,0.0293863,0.615189,0.0714673,1,0.0458716,0.11949,0.989019,0.110384
44.373333333,0.0683868,0.228664,0.150311,0.212306,0.0710368,0.664125,0.29001,0.0345047,0.366709,0.260551,1,0.181929
44.714666666,0.136682,0.0309352,1,0.121782,0.0372939,0.285833,0.106579,0.606001,0.0268043,0.226919,0.581908,0.0560812
45.056000000,0.0810141,0.0874143,1,0.0250207,0.0483583,0.207122,0.0587489,0.456822,0.0332685,0.553173,0.131436,0.0334769
45.397333333,0.146422,0.0416596,1,0.0460244,0.122948,0.0734557,0.104597,0.723422,0.0125631,0.627319,0.0646098,0.0879101
45.738666666,0.131201,0.0715265,1,0.262688,0.0355935,0.2684,0.153897,0.672452,0.0667091,0.537767,0.91093,0.142531
46.080000000,0.0929373,0.0154782,1,0.209087,0.0985288,0.290859,0.0606963,0.515194,0.0268337,0.953617,0.905962,0.0176263
46.421333333,0.270091,0.162053,0.565212,0.957632,0.035501,0.135523,0.0644685,1,0.345871,0.743831,0.651308,0.0679207
46.762666666,0.200826,0.117221,1,0.238779,0.299557,0.238627,0.123236,0.559599,0.11703,0.552704,0.223988,0.151992
47.104000000,1,0.163315,0.354336,0.0847114,0.09716,0.241385,0.057349,0.959283,0.0223745,0.116339,0.0572683,0.0125232
47.445333333,0.165378,0.191594,0.285104,0.118075,0.373423,0.0783285,0.022565,0.512532,0.530721,1,0.0191686,0.0454246
47.786666666,0.195322,0.308396,0.269766,0.0397232,0.353441,0.121826,0.877298,0.586332,0.0335696,1,0.0628447,0.267782
48.128000000,1,0.320235,0.239063,0.0562464,0.322499,0.240782,0.429529,0.225174,0.135184,0.559978,0.0795111,0.127066
48.469333333,1,0.0866213,0.490683,0.0568192,0.173913,0.293716,0.0932786,0.275071,0.0229999,0.544786,0.122292,0.0377382
48.810666666,0.134755,0.121639,0.225951,0.217894,0.541563,0.0436566,0.253957,0.344945,0.0568153,1,0.00891759,0.0972775
49.152000000,0.0574743,0.310846,0.518698,0.0191429,0.720268,0.0378511,0.69462,0.108084,0.030034,1,0.0190091,0.161751
49.493333333,0.390606,0.0905807,1,0.0505253,0.0166621,0.0985484,0.594654,0.191058,0.0201062,0.634558,0.231041,0.123914
49.834666666,1,0.211853,0.0908721,0.16706,0.104425,0.793802,0.0903543,0.8323,0.11636,0.0616236,0.427522,0.019949
50.176000000,0.182537,0.0194576,0.118502,0.258859,0.0391037,0.294245,0.0381701,0.74273,0.00742143,0.0298191,1,0.00746377
50.517333333,0.0804176,0.0337855,1,0.13873,0.0917379,0.0539892,0.0279905,0.467365,0.0720208,0.501396,0.170024,0.035042
50.858666666,0.187433,0.0418941,0.122621,0.209449,0.376583,0.566779,0.0940354,0.0746992,0.0726588,0.162356,1,0.064991
51.200000000,0.136284,0.0263135,1,0.0479371,0.0558042,0.0118321,0.0203848,0.766031,0.0332581,0.375581,0.0762478,0.0703571
51.541333333,0.00544719,0.0084741,0.377361,0.226973,0.000546421,0.22,0.0223294,0.102097,0.00356069,0.0353622,1,0.0132583
51.882666666,0.248504,0.0251223,0.319749,0.255901,0.0456091,0.30317,0.0460453,0.933814,0.0237355,0.209261,1,0.0613863
52.224000000,1,0.000958883,0.447284,0.00971406,0.0830203,0.258637,0.258693,0.124705,0.00206864,0.111179,0.0871855,0.0873725
52.565333333,0.090548,0.0189923,1,0.0244284,0.0595962,0.236404,0.0601638,0.20279,0.017753,0.646183,0.165271,0.0217344
52.906666666,0.3473,0.118575,0.834719,0.00430611,0.129437,0.0968651,0.0272363,0.454146,0.0158811,1,0.0363279,0.00636584
53.248000000,0.0463114,0.34261,0.446278,0.145552,0.125631,0.0563523,1,0.123346,0.245897,0.719828,0.437118,0.274059
53.589333333,0.0206054,0.14233,0.565793,0.0296953,0.260823,0.0518984,0.21243,0.104644,0.0440238,1,0.115224,0.0577705
53.930666666,0.0321117,0.434811,0.0863316,0.0194154,0.0154194,0.0255133,1,0.0464182,0.18828,0.101316,0.102372,0.192394
54.272000000,0.530042,0.276089,0.344628,0.172115,0.273468,0.194398,0.158361,1,0.702832,0.403146,0.178501,0.190069
54.613333333,0.0679767,0.326053,0.201176,0.0279897,0.415316,0.0974427,0.189079,0.00564084,0.119559,1,0.0428469,0.0595584
54.954666666,0.172513,0.56225,0.882299,0.0654209,0.133169,0.0825108,0.634799,0.672993,0.476213,1,0.0378838,0.197049
55.296000000,0.154443,0.0870108,0.0592776,0.226717,0.0100805,0.236903,0.0452271,0.579101,0.279784,0.00459905,1,0.0272575
55.637333333,0.15284,0.182082,0.246609,0.0460774,0.199368,0.385907,0.0428864,0.579831,0.0060379,1,0.178948,0.00808817
55.978666666,0.0704216,0.12966,0.267788,0.0674951,0.0233209,0.0189304,0.0305877,0.366431,0.00429193,1,0.00441867,0.0148865
56.320000000,0.23923,0.0977856,0.639066,0.187751,0.0759637,0.0580101,0.0507144,1,0.106431,0.423236,0.30729,0.165544
56.661333333,0.315702,0.335362,1,0.321917,0.287963,0.425564,0.190104,0.519551,0.168598,0.642803,0.407577,0.247153
57.002666666,0.212834,0.00753466,0.589623,0.0139529,0.0278604,0.0424922,0.00200768,1,0.00030909,0.0389165,0.036004,0.0874713
57.344000000,0.293024,0.457102,0.329125,0.244586,0.0396213,0.728268,0.171264,0.710125,0.0266047,0.336727,1,0.0722007
57.685333333,0.46945,0.0285355,0.0485426,0.0641064,0.00635557,1,0.00342746,0.0430376,0.0343517,0.15739,0.21848,0.00926304
58.026666666,0.0905255,0.195575,0.246609,0.00843912,0.276774,0.925405,0.098647,0.0738865,0.03858,1,0.210386,0.0185892
58.368000000,1,0.110831,0.35012,0.405772,0.398739,0.275369,0.0819206,0.638839,0.14172,0.686665,0.12318,0.0532797
58.709333333,0.942413,0.138394,0.0714169,1,0.13091,0.235693,0.0492061,0.368621,0.282593,0.12468,0.103099,0.06106
59.050666666,1,0.139184,0.125261,0.9613,0.393614,0.284711,0.181347,0.656576,0.395608,0.252658,0.377528,0.123647
59.392000000,0.205268,0.084391,0.216104,0.0928652,0.553144,0.1577,0.0787637,0.0880643,0.0698701,1,0.297812,0.671158
59.733333333,1,0.201943,0.314156,0.0302226,0.542515,0.260519,0.0747502,0.360467,0.0512871,0.730224,0.067817,0.505676
60.074666666,0.3484,0.0487275,0.665704,0.204673,0.0581448,0.369725,0.235932,0.37373,0.0220796,0.566449,1,0.116554
60.416000000,0.205587,0.00982464,1,0.113723,0.0408453,0.144086,0.102927,0.955257,0.00261347,0.533414,0.492284,0.172836
60.757333333,0.133113,0.0712949,1,0.181028,0.0697393,0.157861,0.175168,0.526487,0.0281842,0.44067,0.685352,0.1713
61.098666666,0.0379381,0.0677339,0.953758,0.0145567,0.480507,0.0935123,0.291924,0.159622,0.170211,1,0.0580403,0.0611655
61.440000000,0.200485,0.0183725,0.739949,0.0390285,0.0476063,0.0268589,0.0307063,1,0.0522113,0.36757,0.0310651,0.0863981
61.781333333,0.786565,0.0394163,0.181699,0.823208,0.524917,0.385184,0.102075,1,0.181741,0.178845,0.428868,0.143599
62.122666666,0.0325273,0.0723406,0.780118,0.197974,0.349302,0.770489,0.067143,0.152706,0.0388886,0.438869,1,0.0714276
62.464000000,0.110698,0.0448588,1,0.129626,0.0388727,0.051911,0.0926212,0.519186,0.0890252,0.524796,0.0820897,0.033222
62.805333333,0.138783,0.512998,0.243422,0.364119,0.374932,0.058113,0.754716,0.305789,0.219186,1,0.310619,0.267403
63.146666666,0.032168,0.207326,0.229512,0.0369486,0.189349,0.0509785,0.0583709,0.0735731,0.0078873,1,0.0909805,0.015
63.488000000,0.138936,0.414112,1,0.208502,0.183898,0.195502,0.209038,0.645944,0.0518493,0.792346,0.0962851,0.0642269
63.829333333,0.0649683,0.178806,1,0.116043,0.35806,0.212077,0.454288,0.209119,0.295453,0.774195,0.305459,0.131544
64.170666666,0.349052,0.253102,0.832494,0.00808886,0.45611,0.092409,0.527417,0.349862,0.0150116,1,0.0405282,0.100169
64.512000000,0.456276,0.319428,0.974093,0.0346296,0.466334,0.141864,0.698179,0.216906,0.0315958,1,0.090179,0.229124
64.853333333,0.697079,0.437808,1,0.08293,0.40425,0.213471,0.749684,0.311094,0.184698,0.891431,0.219475,0.241599
65.194666666,0.237319,0.115057,0.27982,0.110396,0.0943155,0.0710885,0.119809,1,0.0690715,0.382835,0.201264,0.143522
65.536000000,0.218888,0.0548507,0.23985,0.238157,0.0523971,0.49838,0.0726356,0.682743,0.0224959,0.0938415,1,0.0944317
65.877333333,0.220896,0.0436245,0.264894,0.176574,0.0242183,0.738743,0.0264471,1,0.00627312,0.024999,0.790671,0.0614647
66.218666666,0.217006,0.0421906,0.270253,0.175374,0.0214692,0.53987,0.0274538,1,0.0097903,0.0590807,0.651391,0.0492152
66.560000000,0.34312,0.396363,0.465167,0.301139,0.401401,0.565166,0.153128,0.807604,0.432252,0.164397,1,0.381589
66.901333333,0.171987,0.24197,0.579058,0.0894053,0.149981,0.0449652,0.0163416,1,0.863176,0.597663,0.0810674,0.243208
67.242666666,0.197591,0.0217696,0.442379,0.0732891,0.0242631,0.0173689,0.00185393,1,0.0161467,0.0950127,0.0229712,0.162205
67.584000000,0.16637,0.0645529,1,0.134976,0.0541134,0.0560341,0.183935,0.743093,0.19408,0.413108,0.466242,0.147581
67.925333333,0.0865143,0.150831,0.401717,0.225976,0.0356379,0.455179,0.0646262,0.343935,0.0703806,0.182409,1,0.138827
68.266666666,0.131836,0.0127354,1,0.109075,0.0867669,0.289848,0.184188,0.644437,0.00720023,0.548563,0.441101,0.151159
68.608000000,0.357989,0.0892022,0.460451,0.227394,0.0675434,0.592235,0.10154,0.622522,0.0537658,0.529467,1,0.210981
68.949333333,0.260042,0.0301968,0.782115,0.197442,0.0462688,0.284886,0.0724739,1,0.0136374,0.593525,0.825625,0.156199
69.290666666,0.160162,0.0170452,0.0672275,0.222014,0.00923878,0.532418,0.0318469,0.334125,0.00784967,0.0477744,1,0.00422278
69.632000000,0.123029,0.0308223,0.0491562,0.23234,0.00524453,0.340825,0.029664,0.408077,0.0826354,0.0429989,1,0.00492057
69.973333333,0.111072,0.216691,1,0.123348,0.0454971,0.175701,0.157537,0.568253,0.0910038,0.665609,0.474216,0.0410529
70.314666666,0.226951,0.410711,0.203284,0.0966612,0.629,0.0764019,0.422996,0.269364,0.0483951,1,0.299634,0.322439
70.656000000,1,0.588945,0.200265,0.0478824,0.532758,0.275915,0.576451,0.394586,0.048401,0.689843,0.171769,0.134958
70.997333333,0.0173765,0.0359284,0.219035,0.00980869,0.427322,0.0185846,0.0918488,0.0576541,0.00713353,1,0.00100471,0.0272694
71.338666666,0.556812,0.232385,0.250324,0.0149147,0.255882,0.13788,0.29678,0.182033,0.0227667,1,0.0328534,0.0670015
71.680000000,0.713992,0.270728,1,0.0339529,0.295885,0.192841,0.476408,0.379342,0.0463884,0.752125,0.0669059,0.128277
72.021333333,0.546031,0.334085,1,0.0400161,0.0892727,0.190095,0.797831,0.222478,0.0401954,0.923672,0.171996,0.17623
72.362666666,0.044014,0.39311,0.734738,0.0270831,0.624417,0.0223101,0.191799,0.178789,0.0131095,1,0.0425703,0.0642924
72.704000000,0.0262483,0.332782,0.591892,0.0210492,0.244722,0.0258393,0.439977,0.162452,0.0704655,1,0.0700124,0.139024
73.045333333,1,0.362727,0.714923,0.0247646,0.156881,0.245743,0.381836,0.626867,0.0428634,0.702958,0.0749759,0.0757619
73.386666666,0.195011,0.0318469,0.491684,0.0857611,0.0575056,0.0146769,0.0733966,1,0.0359625,0.0744805,0.115947,0.101283
73.728000000,0.206742,0.0296011,1,0.0864688,0.0195455,0.225369,0.090079,0.772927,0.0214416,0.554029,0.243786,0.0703359
74.069333333,0.0986936,0.0175872,0.0451402,0.225435,0.00275909,0.621947,0.0197415,0.201572,0.00632767,0.0349771,1,0.00823987
74.410666666,0.184323,0.0103239,1,0.090116,0.0150093,0.308901,0.0836704,0.791116,0.00921679,0.55106,0.381891,0.0288504
74.752000000,0.202396,0.231096,1,0.206622,0.0953823,0.478954,0.0897699,0.541671,0.39117,0.835184,0.902115,0.164618
75.093333333,0.262306,0.0544887,0.866763,0.187387,0.0247547,0.259321,0.071339,1,0.0222877,0.433613,0.786455,0.0545317
75.434666666,0.119868,0.0134332,0.0415284,0.20394,0.00670421,0.574973,0.0345246,0.213613,0.00693833,0.0223068,1,0.00330274
75.776000000,0.26037,0.050833,0.231455,0.227674,0.0452541,0.498829,0.0943626,0.912834,0.089318,0.140567,1,0.0976256
76.117333333,0.334988,0.4174,0.363909,0.955537,0.281038,0.264231,0.1802,0.395303,1,0.572732,0.846728,0.298732
76.458666666,0.177723,0.518902,0.182404,0.0991951,0.72286,0.0315246,1,0.48972,0.0119516,0.763397,0.286083,0.282046
76.800000000,0.388711,0.270087,0.224003,0.0171473,0.593668,0.121182,0.240122,0.161368,0.0165288,1,0.028498,0.0575041
77.141333333,0.0201624,0.0512148,0.233912,0.014699,0.281309,0.0353791,0.0264879,0.0447994,0.00187683,1,0.0361021,0.029942
77.482666666,1,0.32279,0.384678,0.0933723,0.0912723,0.237425,0.452215,0.592396,0.0562903,0.583332,0.301471,0.102186
77.824000000,0.431631,0.145006,0.757879,0.0367016,0.403495,0.18008,0.429324,0.403231,0.0384519,1,0.0615916,0.096543
78.165333333,0.822843,0.410836,1,0.0283441,0.069191,0.217122,0.949749,0.37276,0.0601573,0.997251,0.158903,0.213561
78.506666666,0.0149607,0.249746,0.492358,0.0148103,0.539726,0.0209901,0.0858617,0.0658035,0.00336737,1,0.0253011,0.0158315
78.848000000,0.789955,0.393731,0.703565,0.043314,0.410456,0.185981,1,0.434923,0.0398599,0.846974,0.109886,0.236833
79.189333333,0.466566,0.216139,0.327306,0.0360592,0.407902,0.153856,0.246434,0.315875,0.0449081,1,0.0938511,0.130924
79.530666666,0.184162,0.107827,0.743978,0.10708,0.145325,0.0241486,0.150776,1,0.215077,0.129117,0.232748,0.154569
79.872000000,0.0929917,0.0426281,0.855624,1,0.142092,0.0500025,0.0464673,0.540788,0.22558,0.592239,0.0553274,0.149569
80.213333333,0.14761,0.0194055,1,0.573369,0.152061,0.0781862,0.0876389,0.259249,0.136858,0.57043,0.226366,0.108021
80.554666666,0.110642,0.0284714,1,0.0854615,0.09556,0.47612,0.100199,0.204326,0.0782272,0.592795,0.41461,0.0502735
80.896000000,0.207184,0.0584731,0.690222,0.070313,0.111758,0.0275489,0.0266255,1,0.164148,0.290019,0.0919321,0.417471
81.237333333,0.215875,0.31443,0.803736,0.210849,0.121067,0.0528101,0.160367,1,0.32073,0.676745,0.0811188,0.234257
81.578666666,0.222266,0.140415,0.459444,1,0.110621,0.031261,0.0502965,0.90072,0.80258,0.414004,0.0322763,0.0382413
81.920000000,0.00677705,0.00375041,1,0.0202903,0.0704251,0.0178309,0.141209,0.221083,0.00971018,0.454088,0.0298228,0.0343319
82.261333333,0.0754253,0.275865,0.566407,0.0677577,0.157671,0.586307,0.0609437,0.121532,0.20115,1,0.268764,0.117007
82.602666666,0.147376,0.282449,0.376068,0.0974349,0.189122,0.103167,0.099498,0.515901,0.0167027,1,0.0237159,0.166824
82.944000000,0.0221736,0.258063,1,0.0325568,0.109066,0.0288682,0.653145,0.222956,0.43512,0.580235,0.0469352,0.172226
83.285333333,1,0.0471033,0.347607,0.0241361,0.29906,0.25683,0.045911,0.273805,0.196394,0.543306,0.0291341,0.0224115
83.626666666,0.118811,0.192804,0.586493,0.0240313,0.271579,0.0661035,0.107815,0.10593,0.0214643,1,0.0807257,0.120488
83.968000000,0.0301284,0.880725,0.144257,0.0256092,0.0330568,0.0655169,1,0.0244994,0.422538,0.169875,0.160018,0.16784
84.309333333,0.183851,0.288982,1,0.0362916,0.113818,0.0597235,0.538286,0.618451,0.0983092,0.958991,0.0855678,0.115466
84.650666666,0.602476,0.0835436,1,0.0945016,0.138826,0.187401,0.282951,0.284543,0.108097,0.453045,0.0621946,0.0941752
84.992000000,0.742149,0.113982,0.54123,0.0594743,0.260146,0.551476,0.134835,0.124564,0.333143,1,0.115438,0.0855726
85.333333333,0.204101,0.130626,0.47643,0.0650084,0.107158,0.0236744,0.146019,1,0.401543,0.206671,0.0426266,0.442125
85.674666666,0.204069,0.0317654,0.734381,0.0422571,0.184901,0.0223034,0.0644919,1,0.0224577,0.512303,0.0374851,0.424344
86.016000000,1,0.0109565,0.301472,0.0370398,0.386811,0.221169,0.0481844,0.742969,0.0229078,0.601682,0.0268131,0.27964
86.357333333,0.129946,0.0341301,0.313267,0.21566,0.151309,0.628977,0.0735032,0.163406,0.00786661,0.458855,1,0.0623237
86.698666666,0.22079,0.127148,0.532799,0.320459,0.112928,0.0734776,0.100787,1,0.197613,0.563292,0.0879149,0.290795
87.040000000,0.208611,0.0885959,0.387378,1,0.162431,0.168311,0.110266,0.41478,0.252007,0.266426,0.486023,0.0967979
87.381333333,1,0.0148851,0.514524,0.516826,0.264455,0.257165,0.102407,0.401236,0.153442,0.44949,0.117218,0.0553203
87.722666666,0.241908,0.0390008,0.762672,0.75717,0.042337,0.718362,0.0738951,0.174774,0.170039,0.445498,1,0.0460818
88.064000000,0.316347,0.0926576,0.906813,0.513803,0.219238,0.623622,0.108672,1,0.169331,0.559605,0.753591,0.148082
88.405333333,0.0536086,0.0644087,1,0.0348977,0.0510289,0.0342597,0.180829,0.209132,0.0291737,0.523961,0.0787958,0.0489037
88.746666666,0.034793,0.0190306,1,0.0148757,0.0746751,0.0507461,0.133942,0.217923,0.0379686,0.63935,0.0567095,0.0400674
89.088000000,0.116443,0.0423749,0.954099,0.204175,0.0758999,0.662587,0.0543802,0.19939,0.0118443,0.477257,1,0.0237184
89.429333333,0.0392088,0.0248098,0.795051,0.0408069,0.541781,0.0455938,0.0335233,0.139435,0.0172405,1,0.144423,0.0366319
89.770666666,0.149197,0.484188,1,0.100568,0.0950549,0.102976,0.961738,0.488207,0.398168,0.64267,0.260631,0.203023
90.112000000,0.0126946,0.0171855,1,0.0466887,0.0592847,0.0449271,0.15668,0.219802,0.0277397,0.380439,0.071982,0.0470053
90.453333333,0.0993875,0.0342372,0.618455,0.197109,0.0488868,0.550751,0.0477898,0.127671,0.0107594,0.346788,1,0.0148236
90.794666666,0.070442,0.0315882,0.748245,0.0206264,0.548895,0.0504278,0.0175611,0.22742,0.00944281,1,0.0468949,0.017555
91.136000000,0.0593161,0.829382,0.730573,0.0506224,0.258789,0.0854614,1,0.16207,0.686662,0.905936,0.263124,0.19459
91.477333333,0.190085,0.0674562,0.754518,0.100177,0.0297916,0.0326616,0.164203,1,0.143163,0.482691,0.216704,0.094723
91.818666666,0.191928,0.135811,0.38839,0.0619062,0.0594908,0.0143792,0.0442216,1,0.554847,0.162122,0.0908263,0.15238
92.160000000,0.400536,0.772659,0.788785,0.361812,0.219743,0.250044,0.962441,1,0.744666,0.643199,0.777737,0.362785
92.501333333,0.233442,0.196796,0.568903,0.118566,0.0753061,0.0721346,0.077994,1,0.618058,0.295105,0.273967,0.0823833
92.842666666,0.170094,0.210303,0.682482,0.302501,0.0317254,0.462468,0.108396,0.793747,0.0556661,0.432274,1,0.0157672
93.184000000,0.548663,0.214177,0.170147,0.0614799,0.490565,1,0.110439,0.207586,0.570082,0.231688,0.267976,0.389152
93.525333333,0.684938,0.136304,0.239829,0.0113337,0.127713,0.746104,0.0222245,0.264731,0.0314509,1,0.121567,0.0128094
93.866666666,0.182635,0.177667,1,0.268144,0.48791,0.212958,0.480853,0.617756,0.0954188,0.681285,0.261495,0.138239
94.208000000,0.136897,0.0167497,0.387508,1,0.0411986,0.329395,0.0255516,0.658395,0.204677,0.0340841,0.574407,0.206932
94.549333333,0.118192,0.913716,0.132691,0.342988,0.0797362,0.642412,0.158196,0.0813013,1,0.102913,0.179161,0.0622403
94.890666666,0.0145507,0.469944,1,0.0584033,0.246891,0.0590829,0.779932,0.186872,0.0201182,0.903591,0.270093,0.14976
95.232000000,0.242479,0.307744,0.300439,0.133642,0.34831,0.097873,0.356852,0.657642,0.0607639,1,0.19932,0.736557
95.573333333,1,0.026378,0.538315,0.0691605,0.039763,0.190355,0.0378631,0.513373,0.0792669,0.0630599,0.0455048,0.0875864
95.914666666,0.464471,0.0252474,0.326727,0.868279,0.0402601,0.0508047,0.023155,1,0.2253,0.0422372,0.347515,0.137605
96.256000000,0.580115,0.430064,0.365613,0.333944,0.693237,0.652861,0.325686,0.579902,0.395321,0.666145,1,0.655251
96.597333333,0.134721,0.0338188,1,0.128605,0.0175105,0.355696,0.105566,0.230439,0.0140696,0.583056,0.628162,0.0272537
96.938666666,0.172047,0.188135,0.326991,1,0.152132,0.0940951,0.0924307,0.287072,0.745797,0.274836,0.615411,0.268306
97.280000000,0.129984,0.178316,0.193997,0.0856607,0.889166,0.0507896,0.108279,0.314363,0.0383135,1,0.210625,0.445165
97.621333333,0.038863,0.618967,0.166806,0.135697,0.433803,0.0296458,1,0.0290013,0.00155664,0.764744,0.513633,0.277608
97.962666666,0.258748,0.205637,0.463143,0.159083,0.369219,0.153907,0.0284181,0.476478,0.677166,1,0.378154,0.0342921
98.304000000,0.19405,0.0183933,0.524512,0.124767,0.0122216,0.0346009,0.0129491,1,0.0047224,0.065219,0.314241,0.0725325
98.645333333,0.0901936,0.0205449,1,0.0638324,0.0276083,0.0247902,0.0406634,0.489224,0.0200055,0.364291,0.0447384,0.0256361
98.986666666,0.00863574,0.0146541,0.0156342,1,0.00797024,0.0982603,0.00392243,0.0384683,0.234939,0.0155308,0.201561,0.0150023
99.328000000,0.096505,1,0.750982,0.0664633,0.0884256,0.464682,0.274924,0.223304,0.487053,0.720419,0.172094,0.0950682
99.669333333,0.156058,0.028401,1,0.0492239,0.102136,0.0816025,0.0582807,0.840538,0.020152,0.601383,0.069682,0.0617456
100.010666666,0.249231,0.0356298,0.303725,0.241674,0.0639423,0.465949,0.0601932,0.361958,0.03769,0.171434,1,0.01265
100.352000000,0.138729,0.0269504,0.391523,0.70736,0.0415091,0.486869,0.0398881,0.382956,0.125826,0.0866384,1,0.117892
100.693333333,0.184632,0.0505861,1,0.262019,0.14628,0.541391,0.0765067,0.576523,0.0284433,0.759922,0.939964,0.277584
101.034666666,0.0658445,0.427161,0.525877,0.0784838,0.222936,0.412644,0.143685,0.135254,0.321371,1,0.281106,0.147732
101.376000000,0.369974,0.0743783,0.864395,0.0592396,0.431083,0.309258,0.158066,0.427662,0.0549221,1,0.15126,0.211429
101.717333333,0.813322,0.188398,0.32588,0.0881728,0.654155,0.289591,0.0998227,0.113681,0.0901921,1,0.198698,0.116933
102.058666666,1,0.00719654,0.0695455,0.150118,0.102624,0.26616,0.013008,0.767034,0.0483804,0.396069,0.066064,0.020114
102.400000000,0.278663,0.0991053,0.360135,0.206251,0.101261,0.0953118,0.118504,1,0.298909,0.178259,0.135491,0.23726
102.741333333,0.166057,0.00853342,0.249076,0.309115,0.00468442,0.145836,0.0039718,0.776272,0.0471304,0.00381215,1,0.00580043
103.082666666,0.0799795,0.453077,0.612462,0.185275,0.172826,0.122544,1,0.105382,0.22031,0.947698,0.677337,0.226195
103.424000000,0.0188906,0.364196,0.315728,0.0397076,0.0202743,0.0275277,0.635159,0.0866754,0.00375072,1,0.173962,0.122016
103.765333333,1,0.173153,0.309614,0.046105,0.084837,0.248475,0.576647,0.323563,0.0561043,0.464789,0.0132333,0.131816
104.106666666,0.10927,0.0199713,0.20884,0.258968,0.0304666,0.291052,0.0527505,0.340096,0.0146625,0.239117,1,0.0274802
104.448000000,0.75682,0.550141,1,0.331078,0.289079,0.465292,0.410896,0.446943,0.737255,0.957264,0.919786,0.224198
104.789333333,0.148735,0.0135582,0.238977,0.271538,0.0422483,0.227566,0.0418413,0.556763,0.0137411,0.183455,1,0.136915
105.130666666,0.249974,0.0570693,0.925431,0.253401,0.0727041,0.824342,0.224687,0.992087,0.0623665,0.517225,1,0.151072
105.472000000,0.351333,0.0935869,0.138326,0.0179704,0.0632092,1,0.0219106,0.152812,0.0244999,0.538251,0.220229,0.0189001
105.813333333,0.712393,0.0375876,0.187916,0.00795445,0.231616,1,0.0427248,0.128005,0.0255703,0.797298,0.216814,0.0106485
106.154666666,0.181775,0.0828555,0.202351,1,0.204565,0.443995,0.100462,0.45716,0.217166,0.126971,0.664304,0.0799834
106.496000000,0.199504,0.0723852,0.33686,1,0.0160448,0.157333,0.0222421,0.800794,0.219291,0.036817,0.366419,0.0452822
106.837333333,0.123964,0.212909,1,0.0755991,0.268033,0.183986,0.41762,0.21749,0.058844,0.691217,0.143752,0.119621
107.178666666,0.040239,0.61426,1,0.0258251,0.127126,0.0338529,0.978593,0.23933,0.041919,0.553277,0.105221,0.203348
107.520000000,0.110991,0.531989,0.532267,0.279356,0.332209,0.0773169,0.666968,0.151811,0.254381,1,0.393213,0.214144
107.861333333,0.0112399,0.492487,0.264738,0.104892,0.0596758,0.0324507,0.18962,0.0550514,0.556448,1,0.00868413,0.0387139
108.202666666,0.080894,0.301963,0.321781,0.0304996,0.023798,0.0374597,0.447327,0.384847,0.0200822,1,0.0145141,0.0714245
108.544000000,0.733866,0.421977,0.286545,0.0244049,0.15462,0.190937,0.803066,0.272952,0.117942,1,0.105737,0.15595
108.885333333,0.365319,0.577985,0.330915,0.0797904,0.192125,0.194519,0.658731,0.167628,0.50411,1,0.208073,0.294197
109.226666666,0.0269311,0.0100089,0.164267,0.230663,0.00403601,0.196394,0.0202282,0.13346,0.023905,0.0908182,1,0.00224985
109.568000000,0.172,0.0610767,0.214283,0.303282,0.0422319,0.23913,0.0377576,0.657121,0.0354386,0.0786866,1,0.0408859
109.909333333,0.271062,0.022384,1,0.181476,0.04938,0.0964482,0.134718,0.833008,0.0386628,0.531524,0.593969,0.0477715
110.250666666,1,0.506258,0.713508,0.386932,0.515397,0.405825,0.194811,0.463833,0.178961,0.982009,0.751302,0.264183
110.592000000,0.172007,0.226483,0.47852,0.241601,0.357748,0.276228,0.178712,0.371986,0.100163,1,0.704887,0.476545
110.933333333,0.0525579,0.584042,0.262685,0.130227,0.214466,0.124229,0.586444,0.136722,0.431349,1,0.431534,0.155701
111.274666666,0.281599,0.100805,0.108509,0.210254,0.031484,0.370083,0.0722778,1,0.0405628,0.0814894,0.813017,0.0992568
111.616000000,0.225356,0.100609,0.101528,0.246217,0.121491,0.446959,0.0424175,0.350439,0.309451,0.222788,1,0.0669128
111.957333333,0.208317,0.0223458,1,0.18885,0.0325792,0.4094,0.15028,0.846146,0.0284801,0.432487,0.703038,0.0663535
112.298666666,0.00477436,0.143504,1,0.0544104,0.0660989,0.0599451,0.0682761,0.328762,0.244721,0.55822,0.0493047,0.0149315
112.640000000,0.147495,0.00393595,1,0.0264077,0.0818061,0.0575499,0.15191,0.67707,0.0110753,0.84277,0.0326777,0.0326132
112.981333333,0.0661916,0.0641026,1,0.0885328,0.126112,0.0496056,0.148253,0.523558,0.0441892,0.6151,0.157131,0.102023
113.322666666,0.162118,0.0113376,0.522809,0.25936,0.0285113,0.299904,0.09658,0.737928,0.0138891,0.0911603,1,0.0308001
113.664000000,0.226743,0.0275475,0.367885,1,0.0425878,0.0780005,0.054329,0.939917,0.197858,0.0394647,0.981457,0.058819
114.005333333,0.17266,0.065063,1,0.139272,0.137275,0.140834,0.119671,0.650295,0.0741579,0.396671,0.155633,0.107439
114.346666666,1,0.0156215,0.693256,0.0476009,0.0783303,0.274904,0.0374737,0.774163,0.0112282,0.0789884,0.0841066,0.0118597
114.688000000,0.179665,0.119,0.265585,0.165784,0.373562,0.469901,0.0706166,0.258081,0.156769,1,0.25195,0.0424787
115.029333333,0.178714,0.516391,0.209695,0.244092,0.440422,0.125107,1,0.370583,0.399253,0.8288,0.0807917,0.320416
115.370666666,1,0.303604,0.163213,0.0612302,0.32366,0.304758,0.336434,0.271301,0.164862,0.310647,0.172265,0.178163
115.712000000,0.9806,0.503594,0.829713,0.144849,0.570023,1,0.543989,0.617618,0.109613,0.990117,0.394264,0.195736
116.053333333,0.2267,0.168725,0.215281,0.0484982,0.517171,0.102377,0.0606503,0.397079,0.0101307,1,0.0173028,0.195182
116.394666666,0.0724233,0.371681,0.253478,0.0576035,0.573194,0.0832295,0.684074,0.0318744,0.0699637,1,0.162473,0.224474
116.736000000,0.0779473,0.078215,0.908481,0.00938198,0.0343716,0.199161,0.627238,0.415829,0.0240527,1,0.0525807,0.147568
117.077333333,1,0.0523669,0.199297,0.0565589,0.0888432,0.243747,0.0190432,0.349605,0.171085,0.0695002,0.0555297,0.0218507
117.418666666,0.20412,0.0161642,0.162843,0.274287,0.0237583,0.229912,0.0495045,0.786505,0.017957,0.0384148,1,0.064142
117.760000000,0.467677,0.176404,0.790199,0.197474,0.246138,0.372722,0.0671532,1,0.286592,0.168828,0.324977,0.188128
118.101333333,0.127666,0.100211,0.124655,0.208414,0.0554997,0.58985,0.260736,0.100616,0.220588,0.18098,1,0.08822
118.442666666,0.0905871,0.0350056,1,0.249356,0.113477,0.159757,0.0320073,0.405154,0.0687187,0.542212,0.217267,0.0581976
118.784000000,0.142787,0.0270971,0.5133,0.294665,0.0459995,0.0470127,0.05525,0.731272,0.0159273,0.140831,1,0.0689751
119.125333333,0.010593,0.146622,0.34171,0.226182,0.0238112,0.221079,0.0242067,0.0996753,0.606252,0.0818262,1,0.00759365
119.466666666,0.347516,0.109497,1,0.151141,0.238126,0.293768,0.192301,0.418256,0.199748,0.809952,0.417877,0.117491
119.808000000,1,0.00827827,0.473019,0.0546084,0.087288,0.264123,0.0121648,0.215939,0.00491273,0.0906052,0.0839958,0.0130215
120.149333333,0.227618,0.0127369,0.996579,0.210074,0.00441436,0.357178,0.0699334,0.674419,0.00832727,0.804478,1,0.010239
120.490666666,0.214666,0.0635778,0.808069,0.0335145,0.0480747,0.0910757,0.0322333,0.290712,0.00495355,1,0.0656693,0.0250041
120.832000000,0.167163,0.191622,0.59357,0.114045,0.483134,0.0408852,0.746372,0.509684,0.0424977,1,0.0945376,0.190115
121.173333333,0.248428,0.449236,0.551235,0.143915,0.329312,0.539366,0.717569,0.543786,0.0887567,1,0.516141,0.233508
121.514666666,0.340861,0.95274,0.685039,0.458242,0.468025,0.241141,1,0.85988,0.549335,0.745735,0.584601,0.305201
121.856000000,0.475018,0.309766,0.261513,0.667618,0.338319,0.189809,0.25433,0.64761,1,0.716901,0.0929894,0.14461
122.197333333,0.0452058,0.387823,0.136024,0.056991,0.493388,0.0582981,1,0.00474912,0.251826,0.660699,0.0233619,0.264836
122.538666666,0.0928951,0.202486,0.897272,0.279663,0.0596901,0.349719,0.142183,0.318454,0.430762,0.470237,1,0.0790413
122.880000000,0.145723,0.13078,0.0933036,0.246261,0.0300147,0.264621,0.173086,0.556668,0.441721,0.0252987,1,0.0677516
123.221333333,0.174498,0.286111,0.266705,0.104151,0.291147,0.0935361,0.0868503,0.674073,0.057376,1,0.0351289,0.0491449
123.562666666,0.140816,0.133972,0.887658,0.0714376,0.111855,0.0762824,0.0429523,0.56172,0.0539677,1,0.053405,0.107539
123.904000000,0.698674,0.614147,1,0.329224,0.412491,0.583053,0.443942,0.652373,0.669053,0.454242,0.50204,0.675771
124.245333333,0.226143,0.202239,0.650045,0.0661993,0.0645504,0.420503,0.0189851,1,0.487846,0.0948357,0.144056,0.134434
124.586666666,0.174371,0.115967,0.177744,0.270789,0.0710336,0.290911,0.0440055,0.829197,0.458279,0.160806,1,0.176409
124.928000000,0.0618432,0.057444,0.0662071,0.0298416,0.0156208,1,0.0410975,0.0187448,0.0136384,0.257093,0.302341,0.0264913
125.269333333,0.0592644,0.0783514,0.0492727,0.0320157,0.0271229,1,0.0115173,0.0212644,0.00872151,0.17602,0.259803,0.0245016
125.610666666,0.0476112,0.177259,0.239936,0.0215827,0.317823,0.626259,0.0357006,0.192808,0.00652029,1,0.148494,0.00892555
125.952000000,1,0.30044,0.211013,0.196345,0.607015,0.242308,0.109643,0.711893,0.0868915,0.341243,0.0459252,0.123103
126.293333333,1,0.117474,0.153492,0.810927,0.312766,0.206531,0.0652386,0.900052,0.224168,0.185761,0.41136,0.0556025
126.634666666,1,0.18787,0.205929,0.563341,0.344931,0.235397,0.126669,0.69155,0.252623,0.207168,0.195782,0.119981
126.976000000,1,0.494292,0.591435,0.380119,0.684135,0.472615,0.2675,0.579286,0.42167,0.892676,0.207079,0.505867
127.317333333,1,0.0185225,0.215757,0.0229694,0.341766,0.249545,0.0165787,0.263567,0.052294,0.924806,0.0578695,0.358332
127.658666666,0.480405,0.125132,0.733274,0.196833,0.078796,0.732907,0.136781,0.341212,0.0838437,0.699661,1,0.189285
128.000000000,0.175466,0.0236892,1,0.173449,0.0274284,0.242598,0.084589,0.706392,0.0127204,0.384875,0.640917,0.0586786
128.341333333,0.207983,0.0162048,0.980038,0.154976,0.0665484,0.0650008,0.0575507,1,0.00752067,0.369361,0.546113,0.16678
128.682666666,0.571331,0.251611,1,0.0652442,0.25535,0.457512,0.267931,0.359351,0.140112,0.624947,0.150647,0.0740756
129.024000000,0.174582,0.0461435,1,0.0538131,0.314962,0.266487,0.0704685,0.845273,0.0909321,0.667561,0.126722,0.151096
129.365333333,1,0.0299946,0.496663,0.0822492,0.661474,0.210165,0.0403073,0.494761,0.0539173,0.301922,0.10364,0.263835
129.706666666,0.744971,0.244096,0.149922,0.287776,0.275107,0.647501,0.0947327,0.339692,0.486753,0.407082,1,0.129453
130.048000000,0.165073,0.0730882,1,0.110522,0.325722,0.404763,0.220433,0.224544,0.0613576,0.467338,0.505633,0.11563
130.389333333,0.307203,0.184243,0.416259,0.102968,0.197524,0.0525731,0.137852,1,0.178509,0.236577,0.0759816,0.18225
130.730666666,0.00360832,0.103775,0.227771,0.151292,0.264413,0.0220649,0.016883,0.00314842,0.467177,1,0.530349,0.036687
131.072000000,0.0100691,0.24062,0.227513,0.022298,0.267755,0.0421349,0.0478331,0.0116606,0.258501,1,0.0227419,0.0641451
131.413333333,0.044729,0.30585,0.454421,0.0484302,0.244946,0.0759564,0.575689,0.0698553,0.378702,1,0.156541,0.175709
131.754666666,0.0993321,0.215446,1,0.0422679,0.334639,0.129361,0.205326,0.315995,0.0444428,0.821368,0.120488,0.0653321
132.096000000,0.521303,0.246553,0.894161,0.0424765,0.580259,0.146485,0.88726,0.384483,0.0446382,1,0.244593,0.176494
132.437333333,0.489546,0.136952,0.927421,0.0656843,0.400577,0.115026,1,0.460881,0.0266184,0.998268,0.256804,0.197626
132.778666666,0.283655,0.236614,1,0.0865636,0.410926,0.0840333,0.983259,0.340808,0.039171,0.774155,0.290493,0.282829
133.120000000,0.301623,0.17468,1,0.1923,0.433311,0.232117,0.652319,0.302172,0.103537,0.655894,0.424151,0.261944
133.461333333,0.322365,0.48159,0.436398,0.478235,0.272767,0.276628,0.256011,1,0.606393,0.455899,0.648375,0.362574
133.802666666,0.23162,0.0876511,0.561386,0.272942,0.0314408,0.486106,0.0534538,0.898441,0.0358241,0.115518,1,0.160676
134.144000000,0.201908,0.0324255,0.305752,0.237509,0.0211607,0.481331,0.0346512,0.946187,0.00647326,0.058497,1,0.117757
134.485333333,0.209813,0.0877957,0.370905,0.210767,0.0437856,0.438081,0.0396801,1,0.230287,0.0466752,0.869819,0.13013
134.826666666,0.169057,0.100695,0.354346,0.250906,0.0515308,0.244817,0.06497,0.619601,0.033198,0.149068,1,0.183533
135.168000000,0.374778,0.193484,0.597554,0.222695,0.164827,0.290752,0.103824,1,0.32556,0.563772,0.416545,0.285686
135.509333333,0.207354,0.0130485,0.585941,0.207064,0.0173811,0.122612,0.084185,1,0.0300224,0.100481,0.769598,0.0465722
135.850666666,0.213719,0.0118444,0.299312,0.252389,0.00408141,0.24144,0.0699536,1,0.00230943,0.100969,0.793323,0.0286936
136.192000000,0.217671,0.0223244,0.357004,0.187573,0.0134212,0.170333,0.0444051,1,0.00395118,0.139554,0.626336,0.0120394
136.533333333,0.249814,0.0505959,0.40078,0.202373,0.0298395,0.196574,0.0571214,1,0.0104701,0.182977,0.672552,0.0450506
136.874666666,0.256492,0.0805859,0.322269,0.202577,0.0668322,0.406791,0.113446,1,0.0746633,0.234567,0.677417,0.062574
137.216000000,0.278382,0.0993786,0.370862,0.314364,0.199557,0.565976,0.211686,1,0.110828,0.326471,0.760895,0.137486
137.557333333,0.307111,0.142501,0.46831,0.232905,0.175351,0.467821,0.176585,1,0.0929891,0.244524,0.607667,0.136086
137.898666666,0.445107,0.245833,0.551871,0.33173,0.1783,0.531887,0.213059,1,0.278922,0.290447,0.672798,0.219011
138.240000000,0.400042,0.28041,0.546169,0.33795,0.296006,0.520688,0.293135,1,0.311845,0.364597,0.439755,0.323185
138.581333333,0.572029,0.335454,0.572359,0.554786,0.467534,0.651596,0.440966,1,0.623086,0.374382,0.506232,0.49345
138.922666666,0.567377,0.371057,0.860055,0.589657,0.49152,0.687617,0.382468,1,0.435729,0.515024,0.767811,0.497191
139.264000000,0.456203,0.60746,0.894424,0.44207,0.368061,0.559717,0.358062,1,0.841311,0.345108,0.498352,0.341966
139.605333333,0.283255,0.315484,0.608529,0.508986,0.316483,0.769281,0.510487,1,0.691186,0.300717,0.566675,0.411106
139.946666666,0.471074,0.334555,0.391807,0.26826,0.227795,1,0.481048,0.922355,0.799573,0.184675,0.446746,0.199907
140.288000000,0.425032,0.25243,0.246638,0.199572,0.0650629,0.148241,0.146718,1,0.482602,0.290194,0.118012,0.119444
140.629333333,0.76172,0.726545,0.844035,0.682866,0.873717,0.738929,0.882969,0.909233,1,0.695411,0.313347,0.829777
140.970666666,0.347827,0.341729,0.337662,0.676401,0.989623,0.238615,0.717572,0.549067,0.68464,1,0.582258,0.512667
141.312000000,0.639145,0.654218,0.439538,0.669413,0.395474,1,0.357386,0.587626,0.910245,0.331608,0.606376,0.491775
141.653333333,0,0,0,0,0,0,0,0,0,0,0,0
141.994666666,0,0,0,0,0,0,0,0,0,0,0,0
142.336000000,0,0,0,0,0,0,0,0,0,0,0,0
142.677333333,0,0,0,0,0,0,0,0,0,0,0,0
143.018666666,0,0,0,0,0,0,0,0,0,0,0,0
