0.000000000,0.184604,0,0,0,0,0.00762259,0.251855,0.391105,0,0.0359216,0.0310328,0.0160079,0.123227,0,0.451848,0,0,0.00159529,0.102536,1,0.00550927,0.0118182,0.00760554,0.183687
0.046439909,0.255783,0,0,0,0,0,0.185348,0.454053,0,0.0499013,0.0761171,0.0042541,0.174175,0,0.497595,0,0,0,0.0724883,1,0.00327833,0.015276,0.0186549,0.167727
0.092879818,0.271215,0.0491577,0,0.00909463,0,0.00854796,0.0564335,0.617376,0,0.0851054,0.0619638,0,0.190332,0.0139829,0.657171,0.00183879,0,0.00178896,0.0494849,1,0,0.118947,0.0151862,0.190643
0.139319727,0.282767,0,0,0.0214396,0,0.0228751,0.0305474,0.821092,0.0526008,0.161898,0,0,0.228752,0,0.949367,0.00433473,0.00595439,0.00478742,0.171067,1,0.0259292,0.414418,0,0.180911
0.185759637,0.317198,0,0.0073769,0.00416844,0.00942263,0,0,0.730088,0.139588,0.120368,0,0,0.256687,0,1,0.00084279,0.0151712,0,0.188152,0.854568,0.0438452,0.461531,0,0.143873
0.232199546,0.322379,0,0,0.0246387,0,0,0.0040385,0.481056,0.242426,0.149248,0.00470712,0,0.26088,0,1,0.00498155,0.0165073,0,0.177997,0.701689,0.115807,0.444992,0.0779242,0.106758
0.278639455,0.348095,0,0,0.0233854,0,0,0.0310053,0.202019,0.333934,0.153456,0.0228549,0,0.262451,0,1,0.00472815,0.0144326,0,0.132895,0.655,0.174738,0.426464,0.378795,0.131928
0.325079365,0.288011,0,0,0.0108188,0,0.0361786,0.0363187,0.113767,0.354062,0.172141,0.0370438,0,0.244598,0,1,0.00218738,0.00670963,0.0268135,0.024781,0.652797,0.204404,0.37406,0.635651,0.111007
0.371519274,0.203201,0,0,0,0.0351762,0.0715134,0.0187842,0.112944,0.353675,0,0.111743,0,0.225966,0,1,0,0.0104868,0.0433248,0.0066049,0.63627,0.199163,0.273433,0.958908,0.0400706
0.417959183,0.21263,0,0.00703507,0,0.0155367,0.0492237,0.00591711,0.0698338,0.274754,0,0.0946889,0.0421437,0.212096,0,0.859921,8.98118e-05,0.00318964,0.0632807,0.00126742,0.451142,0.143001,0.149545,1,0.0121007
0.464399092,0.221622,0,0.0719302,0.0104447,0,0.0402826,0.00498677,0.0650891,0.21317,0,0.0529191,0.106864,0.192818,0,0.731745,0.00312311,0,0.13335,0.00106815,0.333166,0.110909,0.063079,1,0.0273901
0.510839002,0.289264,0,0,0.0465636,0.093787,0.0386998,0.0232833,0.0546521,0.215074,0,0.0335717,0.0988584,0.183981,0,0.657358,0.0149617,0.0324731,0.148629,0.00498719,0.197442,0.111135,0.0752842,1,0.0253381
0.557278911,0.300929,0,0,0.033102,0.0202482,0.0215558,0.0342398,0.0421975,0.245931,0,0.0380865,0.109323,0.171942,0,0.612426,0.0106725,0.00701081,0.147896,0.00733404,0.127764,0.123237,0.0745775,1,0.0280204
0.603718820,0.282974,0,0,0.000654628,0,0.0165318,0.0377078,0.0659033,0.233429,0,0.0392278,0.140387,0.165895,0,0.583063,0.000132355,0,0.144008,0.00807686,0.118365,0.11707,0.0545207,1,0.0359821
0.650158730,0.194334,0,0.00796406,0.00905236,0,0.0283996,0.027331,0.223215,0.192006,0,0.0251892,0.138918,0.139944,0,0.538714,0.00183024,0,0.141619,0.0058542,0.185297,0.0947476,0.0404751,1,0.0356058
0.696598639,0.0109977,0.0028009,0.0159329,0,0,0.0225661,0.0309934,0.427738,0.108996,0,0.0278766,0,0.00953561,0.000555656,0.481375,0,0,0.144124,0.00953538,0.456757,0.0268309,0.0488553,1,0.0207022
0.743038548,0.000253517,0.00415677,0.0321136,0,0,0.000412548,0.0845721,0.365025,0.0607645,0.0353619,0.0295956,0,5.01589e-05,0.000824639,0.483437,0,0,0.137072,0.0308492,0.671934,0.0153225,0.011804,1,0.0432274
0.789478458,0.000500288,0.00407707,0.0503501,0,0,0,0.1042,0.350455,0.0427344,0.0543085,0.0330554,0,9.89828e-05,0.000808829,0.463584,0,0,0.132194,0.0424224,0.759407,0.0106835,0.0171633,1,0.0550185
0.835918367,0.000682142,0.00366976,0.0623492,0,0,0,0.0496604,0.405951,0.0410712,0.0836296,0.0340725,0,0.000134963,0.000728023,0.484646,0,0,0.128118,0.020218,0.774911,0.0102194,0.0240789,1,0.0605121
0.882358276,0.000811766,0.00377767,0.0572566,0,0,0,0.00527663,0.313676,0.014541,0.0980492,0.0709801,0,0.000160609,0.000749433,0.746977,0,0.0122369,0.116453,0.00214825,0.766122,0.00467834,0.188373,1,0.0577441
0.928798185,0.0421667,0.00534658,0.066827,0,0.000177473,0,0,0.420335,0.0106751,0.0964292,0.226596,0,0.0334667,0.00143424,0.986136,0,0.0237663,0.130676,0.00229289,0.789901,0.00542079,0.449393,1,0.0454128
0.975238095,0.148767,0.00347815,0.0600558,0.100347,0.0456298,0.00558909,0.0134477,0.72544,0,0.0168962,0.28261,0,0.120222,0.000989359,1,0.032353,0.0377795,0.152892,0.0408304,0.720596,0.00149564,0.508685,0.814075,0.0324531
1.021678004,0.174931,0,0.045664,0.0292299,0,0.0337724,0.0539911,0.731296,0,0,0.19716,0,0.14156,0,1,0.00832546,0.0274603,0.166565,0.0961568,0.635366,0.00143532,0.474997,0.61088,0.0165771
1.068117913,0.250996,0,0.00209324,0.0122797,0,0,0.0223511,0.849788,0.00224824,0,0.0318546,0.00789075,0.174954,0.00182812,1,0.00430591,0.0308031,0.134755,0.0402867,0.725892,0.0149003,0.484417,0.606259,0.0222306
1.114557823,0.166885,0,0.000927101,0.0150393,0,0,0.14647,0.966042,0.00787497,0,0.0223742,0,0.120612,0.0100957,1,0.0275731,0.0370417,0.0926715,0.0596315,0.966687,0.065801,0.521958,0.505295,0.0468943
1.160997732,0.0963911,0.0153817,0.000692427,0.00962003,0,0,0.130931,0.927355,0.00955406,0,0.0127173,0,0.078003,0.0177952,0.848808,0.0372315,0.0375885,0.0596237,0.0533053,1,0.0848783,0.468517,0.330484,0.0880075
1.207437641,0.0804674,0.0266827,0.00142469,0.00786653,0.00524551,0,0.0786743,0.890275,0.00623107,0,0.0108025,0.018366,0.065117,0.0186349,0.737951,0.0408792,0.0381375,0.0385501,0.0320302,1,0.0888057,0.414096,0.259838,0.10453
1.253877551,0,0.0202529,0.00373305,0.017839,0,0,0.00680676,0.860039,0.0122658,0.0404994,0.0128302,0.0833223,0.0175784,0.00777911,0.71125,0.0477217,0.0353626,0.00592095,0.00145798,1,0.0901449,0.405304,0.35265,0.0896993
1.300317460,0,0.000170559,0.00499614,0.010775,0,0,0.0188814,0.888123,0.0479295,0.0384731,0.471128,0.0226691,0.242099,0.0182152,0.77495,0.042944,0.0150087,0.0755187,0.0169493,1,0.115808,0.346058,0.843907,0.0412711
1.346757369,0,4.92775e-05,0.0020475,0,0,0,0.0385686,0.358362,0.0120597,0.0427047,0.554272,0,0.247469,0.0224548,0.591107,0.013149,0.00443935,0.0853579,0.0242815,0.682765,0.117708,0.0922004,1,0.0291074
1.393197278,0,0,0,0,0,0,0.0207767,0.27364,0.010838,0.0109839,0.570435,0,0.215932,0.0220427,0.483122,0.0114352,0.00651387,0.113923,0.00826719,0.488876,0.0959587,0.0183911,1,0.0196843
1.439637188,0,0.000780428,0.000911417,0,0,0.000780608,0.023539,0.206349,0,0,0.544864,0,0.188169,0.0160255,0.533791,0.0063706,0.00437201,0.177,0.00756767,0.378306,0.0367392,0,1,0.0151465
1.486077097,5.23583e-05,0.00291836,0.00139158,0,0,0.000100234,0.0619012,0.199879,0,0.030484,0.550359,0.00139313,0.0764577,0.000578959,0.690956,0,0,0.200565,0.0947328,0.628538,0.0208615,0.00761198,1,0.0419016
1.532517006,0.00322887,0.00257403,0.00315676,0,0,0,0.0752592,0.217202,0.0347649,0.0851735,0.619054,0,0.000841812,0.000510648,0.722786,0,0,0.197911,0.210208,0.943765,0.0102853,0.0211298,1,0.0565812
1.578956916,6.07376e-05,0.00197781,0,0,0.00534822,0,0.0596326,0.205159,0.0559423,0.12568,0.603253,0,1.20171e-05,0.000392367,0.648776,0,0.00109798,0.162933,0.166561,1,0.014117,0.0309378,0.879201,0.0595505
1.625396825,0.000372667,0,0.0323251,0,0.0268775,0,0.0606512,0.0335845,0.0057153,0.0756043,0.637105,0,7.37329e-05,0,0.67856,0,0.00551788,0.144824,0.16273,1,0.00391826,0.0361341,0.802033,0.0629801
1.671836734,0.000125521,0,0.0908824,0,0.022623,0.0262547,0.0772025,0.00928213,0.0406082,0,0.739128,0,0.0129972,0,0.92908,0,0.00464444,0.0996528,0.237963,1,0.00922439,0.260434,0.795517,0.0493007
1.718276643,0,0,0.0214279,0,0.0160826,0.0517368,0.0586519,0.0550045,0.00329663,0,0.668523,0,0.0300045,0,1,0,0.00330172,0.037501,0.248828,0.799892,0.00074885,0.383623,0.69289,0.0189612
1.764716553,0,0,0.000561784,0.00489054,0,0.0444318,0.0393446,0.064447,0,0,0.598899,0.0740908,0.0324663,0,1,0.000988787,0.0094361,0.0145729,0.168368,0.645564,0.000214672,0.404661,0.63854,0.01899
1.811156462,0,0,0.00345601,0.0229276,0,0.0184648,0.0449574,0.0486126,0.0081861,0.00369167,0.469316,0.136258,0.0454387,0,1,0.00463559,0.0100503,0.13655,0.0901841,0.535659,0.0589611,0.375425,0.545414,0.0349238
1.857596371,0,0,0.0152172,0.0242798,0,0.00701954,0.0263779,0.112401,0.00430351,0,0.552325,0.167808,0.0657428,0,1,0.00573027,0,0.320934,0.00565004,0.64988,0.0826571,0.338045,0.845954,0.0430105
1.904036281,0.00224542,0,0.000564545,0.0148949,0,0,0,0.117747,0.000123075,0,0.543196,0.0982661,0.0563961,0,0.81074,0.00571659,0,0.425932,0,0.612246,0.0640913,0.201535,1,0.0251863
1.950476190,0.011734,0,0.00262511,0.00786771,0.0139141,0,0.00969828,0.147213,0,0,0.481908,0,0.046872,0,0.518661,0.00439701,0.00607538,0.394548,0.00394841,0.492419,0.0474518,0.0404751,1,0
1.996916099,0.0140287,0.0151557,0,0.00612832,0.0213204,0,0.00343667,0.141756,0,0,0.467353,0,0.0396112,0.00431104,0.266355,0.00346479,0.00889775,0.372859,0.00139915,0.418618,0.0307273,0.00364829,1,0
2.043356009,0,0.0427121,0,0.0295305,0.0178538,0,8.99966e-05,0.0713159,0,0,0.446343,0,0.0108969,0.0121494,0.185608,0.00857883,0.00568696,0.354555,0.000251372,0.351748,0.0105954,0.00175395,1,0
2.089795918,0,0,0.00144592,0.0138423,0,0,0.0153994,0.0591834,0,0,0.441457,0.0535197,0,0,0.140659,0.00342834,0,0.317153,0.00329849,0.313119,0.00182314,0,1,0.0137175
2.136235827,0,0,0.00232594,0.00626633,0,0,0.0175515,0.0695522,0,0,0.43589,0.0864428,0,0,0.0782538,0.00126695,0,0.287735,0.00375947,0.292958,0.00184661,0,1,0.0221559
2.182675736,0,0.0318736,0.00111617,0.00614655,0,0,0.0189919,0.0725582,0,0,0.429223,0.0992353,0,0.00906643,0.0610866,0.00124273,0,0.290518,0.00406799,0.270478,0.00186715,0,1,0.0254347
2.229115646,0,0,0,0.0115645,0,0,0.0234117,0.0796141,0,0,0.442348,0.161303,0,0,0.0813344,0.00372851,0,0.294691,0.00501471,0.291599,0.00176193,0,1,0.0413432
2.275555555,0.0838038,0,0,0,0,0,0.0318877,0.0997025,0.00561118,0,0.432339,0.10239,0.0225714,0,0.110715,0,0,0.311422,0.0569317,0.475576,0.0020875,0,1,0.0262432
2.321995464,0.0754215,0.00135605,0.000356548,0,0,0,0.0288025,0.126339,0.0426473,0,0.434824,0.0207147,0.02031,0.00026902,0.155113,0,0,0.340874,0.0728693,0.70294,0.00968761,0,1,0.0149877
2.368435374,0.0457454,0.00236238,0.00164253,0,0,0,0.0311145,0.152771,0.0147053,0,0.445236,0,0.0123184,0.00046866,0.18944,0,0,0.309127,0.0705858,0.817946,0.0115449,0,1,0.0134797
2.414875283,0.000172648,0.00344601,0.00167181,0.0314643,0,0,0.0341318,0.0821735,0,0.0194285,0.474439,0,0.0106324,0.000683636,0.658528,0.0101444,0,0.171668,0.072219,0.753252,0.000195294,0.0440206,1,0.00146773
2.461315192,0.000456643,0.00270187,0.000599731,0.00846954,0.00819532,0,0.00961451,0.167565,0.00084042,0.00254883,0.540396,0,0.0239938,0.000536009,0.851997,0.00273067,0.00507747,0.100977,0.0252385,0.769538,0.00549022,0.290924,1,3.52992e-05
2.507755102,0.0238792,0,0.000580468,0,0.00498817,0,0.00457583,0.353506,0.0118172,0,0.590251,0,0.0341601,0,0.950285,0,0.0144895,0.0790232,0.0764192,0.799872,0.0671196,0.394064,1,5.11313e-05
2.554195011,0.0606119,0,0.000643521,0,0.00238334,0,0.00326309,0.425637,0.0124275,0.00170371,0.567938,0.0368836,0.0435404,0,1,0,0.0239397,0.0750257,0.101336,0.79249,0.0703675,0.420095,0.956045,0.00950726
2.600634920,0.129389,0.000300356,0.000753611,0,0.0163695,0,0.00293953,0.483243,0.00284888,0.0309892,0.524556,0.102849,0.0541992,5.9586e-05,1,0,0.0390778,0.0802141,0.0983284,0.811394,0.00197012,0.441562,0.8923,0.0264025
2.647074829,0.110447,0.000461089,0.00360529,0.00575467,0.013328,0,0.00726922,0.512943,0.21162,0.0686636,0.410298,0.0696721,0.031029,0.0435675,1,0.00703088,0.0387898,0.107788,0.0587998,0.885871,0.104404,0.472887,0.867163,0.017879
2.693514739,0.0535917,0,0.00164804,0.0289131,0,0,0.00784523,0.601152,0.40973,0.147091,0.0195861,0.0277879,0.0144342,0.189194,1,0.0163231,0.0239675,0.148704,0.234968,0.969066,0.19597,0.525006,0.781688,0.0182768
2.739954648,0,0,0.236835,0,0.0465188,0,0,0.81052,0.448286,0.256895,0.0137051,0,0,0.210425,0.872674,0.0122359,0.0293215,0.178726,0.718726,1,0.235621,0.514964,0.622846,0.0548737
2.786394557,0,0.0545576,0.137052,0,0.0649542,0.0336805,0,0.762683,0.0931528,0.173589,0.00205535,0,0.0714695,0.364475,0.45328,0.0175474,0.0338089,0.146239,1,0.5128,0.17102,0.956286,0.232463,0.0775737
2.832834467,0,0,0,0,0.0582639,0.0397144,0.0642354,0.445274,0.331488,0.506061,0.00722225,0,0.130057,0.421599,0.00953745,0.0226908,0.313663,0.00902605,0.82166,0.348808,0.177521,1,0.0997754,0.198022
2.879274376,0,0,0.000697484,0.00821167,0.0499979,0.0343046,0.00485199,0.200696,0.379134,0.663404,0,0,0.0508501,0.280512,0.00791684,0.0235209,0.541877,0.00717943,0.684759,0.261573,0.201256,1,0.105701,0.211097
2.925714285,0,0,0.00136821,0.0134436,0.0449687,0.0269951,0.0036103,0.168462,0.187405,0.758114,0,0,0.00532615,0.13729,0.0242957,0.0240829,0.650537,0.00650486,0.586029,0.204045,0.106898,1,0.111494,0.186162
2.972154195,0,0,0.00282636,0.0190525,0.030553,0.022702,0.0028445,0.149026,0.00254216,0.778205,0,0.0181152,0.00181469,0.139687,0.0201162,0.0239873,0.667885,0.00585539,0.500498,0.150897,0.0225145,1,0.116264,0.156378
3.018594104,0,0,0.00602861,0.0235884,0,0.0320386,0.0101799,0.111131,0.00032347,0.840204,0,0.128269,0,0.369444,0.00120509,0.0182419,0.566291,0.00670518,0.853419,0.0667732,0.00911899,1,0.121335,0.120657
3.065034013,0,0.0154854,0.00843211,0.0148859,0,0.00916786,0.0443821,0.0319311,0,0.713717,0.00493546,0.0699473,0,0.327173,0.00168553,0.00545181,0.311699,0.00191869,1,0.0204189,0,0.805946,0.0941834,0.0478274
3.111473922,0,0.0010852,0.00617311,0.0080469,0,0.0133806,0.0135781,0.00462331,0,0.656546,0,0.0161242,0,0.270874,0.00123397,0.00162695,0.188237,0.00280035,1,0.0177587,0,0.698146,0.0752681,0.0126704
3.157913832,0.000150367,0.00725407,0.00178956,0.0117659,0,0,0.00564586,0.0138708,0,0.639762,0,0,0.0169145,0.247848,0.000357723,0.00240302,0.166308,0,1,0.00305326,0,0.628987,0.0630809,0
3.204353741,0.00237361,0,0,0.0161071,0,0.00313168,0,0,0.0093543,0.61819,0,0.0476425,0.519904,0.157437,0,0.00510961,0.103533,0.000655413,1,0,0.00212489,0.596172,0.0341985,0.0122111
3.250793650,0.00298449,0,0.00268804,0.013165,0.0264505,0.00686342,0,0.00592765,0,0.585105,0,0.00784262,0.839594,0.112341,0.000537324,0.00266174,0.0821663,0.00143641,1,0.0440919,0,0.511745,0.0116666,0.00201012
3.297233560,0.00361345,0,0.00330408,0.0141979,0.0374119,0.00333133,0,0.0168391,0,0.57453,0.0194201,0,1,0.0934137,0.000660467,0.00287059,0.0950098,0.000697195,0.982639,0.139217,0,0.385923,0.0120359,0
3.343673469,0.00368904,0,0.104483,0.00228473,0.0418016,0.0289976,0.00155983,0.00799328,0.000136362,0.558403,0,0.023918,1,0.116122,0.039513,0.000461935,0.176137,0.00869692,0.826081,0.126365,0.000765869,0.423324,0.00349101,0.00613036
3.390113378,0.00343176,0,0.151112,0,0.0430533,0.0476282,0.00748857,0,0.0280571,0.597827,0,0.0260014,1,0.241353,0.0489199,0,0.353996,0.0612643,0.656021,0.107978,0.0150849,0.97652,0.000475736,0.00666435
3.436553287,0.00192309,0,0.0134101,0,0.0207296,0.0437728,0.0208004,0,0.019744,0.475177,0,0,0.598537,0.203403,0.0040498,0,0.251341,0.0438424,0.369688,0.0611847,0.00448498,1,0.000348822,0
3.482993197,0.00096378,0,0,0,0.0171825,0.0364999,0.040442,0.00379673,0,0.443129,0,0,0.361743,0.201785,0,0,0.244801,0.0432389,0.288837,0.0364664,0,1,0.000358953,0
3.529433106,0.00016142,0,0.00651068,0,0.00453873,0.0278324,0.0437088,0.0152847,0,0.446962,0,0,0.139474,0.2011,0.0019662,0,0.265204,0.0150536,0.266593,0.0249148,0,1,0.000382817,0
3.575873015,0.0325189,0,0.000557968,0.0137537,0,0,0.0335095,0.0421284,0,0.44863,0,0.00573366,0.0131239,0.172627,0.000111535,0.00436894,0.295547,0.00206341,0.258865,0.0209526,0,1,0.000313005,0.00146958
3.622312925,0.0321972,0.0289442,0.00237522,0.00879725,0,0.00123799,0.0301806,0.0207052,0,0.430224,0,0,0.00867187,0.161877,0.000474793,0.00177866,0.319463,0.000826009,0.277333,0.00718628,0,1,8.75162e-05,1.46808e-05
3.668752834,0.0372897,0.0700645,0.00288701,0.0140391,0,0.00551868,0.0229852,0.00498807,0,0.434557,0,0,0.0100435,0.161024,0.000577097,0.00283848,0.343322,0.00119294,0.318998,0.0211986,0,1,0,6.90345e-05
3.715192743,0.0736143,0.0112692,0.0423735,0.0151731,0.0200573,0.0165275,0.0393724,0.0166591,0,0.492762,0,0,0.019827,0.163058,0.0126273,0.00306775,0.394681,0.00345894,0.363271,0.0665323,0,1,0,0.000103852
3.761632653,0.0759512,0.00436916,0.0318031,0.00650801,0.0318168,0,0.0639651,0.0161227,0,0.496422,0,0,0.0204564,0.175249,0.00956629,0.00131581,0.345843,0,0.425763,0.0633355,0,1,0,0.000112832
3.808072562,0.0416629,0,0,0.00342001,0.0421716,0,0.0686678,0.0478184,0,0.40399,0,0,0.0112213,0.217147,0,0.00069147,0.348576,0,0.71401,0.183676,0,1,0,7.58483e-05
3.854512471,0.0287079,0,0,0.00412675,0.0431739,0.00226378,0.0545791,0.0749341,0,0.438223,0,0,0.00773209,0.21849,0,0.000834362,0.301141,0.000473775,0.905775,0.22954,0,1,0,8.57403e-06
3.900952380,0.0232099,0.0322903,0.00120331,0.00772096,0.0250488,0.00542497,0.0414874,0.0963595,0.034478,0.442806,0,0,0.00625126,0.229464,0.000240535,0.00156105,0.262774,0.00113536,1,0.230468,0.00783188,0.968036,0,0
3.947392290,0.0449399,0.0939974,0.00421976,0.00926465,0.0118862,0,0.0244694,0.0602315,0.0883423,0.426852,0,0,0.357174,0.230148,0.000843506,0.00187316,0.241957,0,1,0.106695,0.0200675,0.944483,0.000291445,0
3.993832199,0.0557028,0.148985,0.00564469,0.0200202,0,0,0,0.0721711,0.0798723,0.367115,0,0,0.708402,0.210143,0.00112834,0.00404776,0.201202,0,1,0.0790156,0.0181435,0.946102,0.000711799,0
4.040272108,0.00377603,0.0261782,0.00385811,0.0212099,0,0,0,0.0463238,0.0159647,0.401396,0,0,0.925268,0.127467,0.0115921,0.00428829,0.135646,0,1,0.228381,0.00362648,0.957954,0.00101777,0
4.086712018,0.00438776,0,0,0.00501155,0.0062107,0,0,0.0511108,0.0171734,0.421875,0.0465013,0,1,0.0830894,0.0280972,0.00101325,0.0603082,0,0.909581,0.278255,0.00723548,0.916812,0.0125195,0
4.133151927,0.00460433,0,0.00187109,0.00698386,0.0215346,0,0,0.0421461,0.065255,0.395101,0.0825691,0,1,0.0829323,0.0467822,0.00141202,0.004421,0,0.867976,0.26321,0.0316875,0.866908,0.0214806,0
4.179591836,0.00490781,0.0184312,0.00144061,0.00480016,0.0279726,0,0,0.0201154,0.316514,0.385707,0.144146,0,1,0.0869652,0.040624,0.000970514,0.0057427,0,0.909895,0.238212,0.200236,0.864737,0.0364816,0
4.226031746,0.00472442,0.0416591,0,0,0.0139463,0,0.0133399,0.0251575,0.496226,0.355318,0.191373,0.0239272,1,0.0986272,0.0288407,0,0.00286314,0,0.930003,0.317845,0.244611,0.809095,0.047372,0.00613272
4.272471655,0.00465305,0.00382545,0.000940728,0,0.0116698,0,0,0.239978,0.255441,0.124766,0.108704,0.128113,1,0.0761423,0.0250175,0,0.00239578,0,0.932875,0.329871,0.125918,0.726198,0.0272094,0.0328362
4.318911564,0.0119084,0.164536,0.104519,0.0531559,0.0457067,0,0,0.308253,0.181097,0.0267012,0.149075,0,1,0.136631,0.138325,0.017138,0.0125825,0,0.993932,0.21045,0.0892704,0.779698,0.0375358,0
4.365351473,0.029478,0.113024,0.345167,0,0.048261,0.011672,0.0325126,0.504808,0.173184,0.0414218,0.107523,0,0.887271,0.104359,0.386626,0.0258535,0.0303188,0.0983881,1,0.225249,0.126671,0.909162,0.0273531,0
4.411791383,0.000625902,0,0.561761,0,0.047097,0.00877684,0.0488083,0.61678,0.212757,0.0535853,0.065375,0,0.479515,0,0.639621,0.0381151,0.116586,0.129606,0.919578,0.275213,0.223659,1,0.0171268,0
4.458231292,0,0,0.664398,0.00508067,0.0471264,0,0.0522815,0.511082,0.193493,0.0335429,0,0,0.16569,0,1,0.0471782,0.15005,0.10022,0.834007,0.228049,0.2121,0.870086,0.00122269,0
4.504671201,0,0,0.568417,0.00216342,0.0355018,0,0.0314601,0.37315,0.123454,0.00621518,0,0,0.148161,0,1,0.0426826,0.123495,0.0205968,0.667712,0.160859,0.137909,0.574732,0.000981171,0
4.551111111,0,0,0.550057,0,0.0366908,0,0.0116061,0.387297,0.134254,0.0156164,0,0,0.120844,0.0223589,1,0.0371275,0.102744,0,0.779738,0.168051,0.14181,0.566994,0.000737469,0
4.597551020,0,0,0.57874,0,0.0496871,0.00318865,0.00604818,0.438684,0.0806248,0.0709129,0,0,0.0195949,0.222016,0.986723,0.0165734,0.0423883,0.000667336,1,0.208825,0.135323,0.530311,0.000593249,0
4.643990929,0.000117882,0,0.558313,0,0,0.0351208,0.0236501,0.393144,0.0974255,0.137269,0.00993595,0.0736,0.00683934,0.237067,0.882714,0.000730871,0.0233258,0.00735023,1,0.188988,0.189725,0.433711,0.0068716,0.0188642
4.690430839,0.0141086,0,0.523313,0,0.00578442,0.0303464,0.00378057,0.407641,0.105103,0.18577,0.0188368,0.0731729,0.0187275,0.235589,0.836034,0,0.0189712,0.00635104,1,0.190854,0.177879,0.426156,0.0125215,0.0187547
4.736870748,0.000654711,0,0.542962,0,0.023507,0.00956133,0,0.262278,0.130396,0.218305,0,0.0611509,0.367805,0.208053,0.659682,0,0.0111268,0.00200104,1,0.117031,0.103714,0.457212,0.000469979,0.0156734
4.783310657,0.00223529,0,0.495805,0,0.0367785,0,0,0.237272,0.112597,0.255263,0,0.0280273,0.694122,0.118023,0.509698,0,0.00755054,0,1,0.101554,0.127494,0.446274,3.72063e-05,0.00895583
4.829750566,0.0033183,0.00112157,0.400267,0,0.0341976,0,0,0.265732,0.0280788,0.245162,0.00131343,0,0.877599,0.065017,0.455086,0,0.00702067,0,1,0.153909,0.157703,0.417481,0.000321896,0
4.876190476,0.00379749,0.00529999,0.358115,0,0,0,0,0.23953,0.0369082,0.307,0.0752059,0,0.991001,0.0794971,0.410971,0,0,0,1,0.150806,0.211896,0.559175,0.0184316,0
4.922630385,0.00305416,0.00426478,0.316057,0,0,0,0.0390032,0.233626,0.016012,0.238198,0.0384684,0,0.892922,0.0955784,0.374829,0.00516131,0.185208,0.000839654,0.816019,0.126064,0.0836794,1,0.00942789,0
4.969070294,0.00128928,0.00132412,0.260171,0,0,0,0.0231719,0.302853,0.0912607,0.0694189,0,0,0.530173,0.112924,0.308534,0.00752424,0.271936,0.04771,0.459693,0.123492,0.0506085,1,0,0
5.015510204,0.000362653,0.000395525,0.296936,0.000852965,0,0,0.0198654,0.338877,0.0587226,0.0700111,0,0,0.298724,0.142593,0.34012,0.00777835,0.326318,0.0370273,0.321783,0.151435,0.0326527,1,0,0
5.061950113,0,0,0.324662,0.00173292,0,0,0.0182139,0.345699,0.0257341,0.0993219,0,0,0.0976603,0.175857,0.368869,0.00708579,0.370317,0.0213514,0.276636,0.155298,0.0125437,1,0,0
5.108390022,0.000269223,0,0.398094,0.0108668,0,0,0.0103814,0.285761,0.0058455,0.11894,0,0,5.32663e-05,0.215364,0.350474,0.00739775,0.384452,0.000327031,0.263271,0.122456,0.00412827,1,0,0
5.154829931,0.000381557,0,0.416215,0.0127207,0,0,0.00176611,0.205357,0,0.263094,0,0.101997,7.54919e-05,0.192255,0.347018,0.00641636,0.377045,0,0.212998,0.0818628,0,1,0,0.0261426
5.201269841,0,0.0214496,0.447382,0.000746627,0,0,0,0.175861,0,0.386235,0.0140781,0.0864925,0,0.183967,0.397617,0.00342339,0.388224,0,0.161101,0.0833582,0,1,0.00345028,0.0221687
5.247709750,0,0.000265103,0.430016,0,0,0,0.0663882,0.078059,0.0294355,0.413013,0,0,0,0.177597,0.463175,0.00338149,0.389959,0,0.140414,0.039624,0.00668645,1,0,0
5.294149659,0.000740363,0.000876683,0.530645,0,0,0,0.0312437,0.000552613,0.0385398,0.429403,0,0,0.000146482,0.214325,0.491445,0.0011616,0.408439,0,0.130051,0.00620634,0.00875456,1,0,1.37234e-05
5.340589569,0.000561514,0.00207233,0.473103,0,0,0,0.0909176,0.00923935,0.0323021,0.419904,0,0,0.000111097,0.220163,0.473964,0,0.343064,0,0.447597,0.0380335,0.00733763,1,0.000574987,1.15347e-05
5.387029478,0.000385007,0.000825763,0.403543,0,0,0,0.173128,0.0291516,0.0600822,0.408068,0,0,7.61744e-05,0.198173,0.452015,0,0.225802,0,0.745281,0.11346,0.0243091,1,0.00121267,0
5.433469387,0.000259253,0.0386552,0.357686,0,0.0137974,0,0.079963,0.293729,0,0.374312,0,0,5.12938e-05,0.201166,0.408576,0,0.129246,0,0.870364,0.156043,0,1,0.00159615,0
5.479909297,0.00135854,0.097552,0.298397,0,0.0333597,0.00576437,0.0226396,0.323491,0,0.425407,0.00736981,0,0.341136,0.227636,0.334238,0,0.0894862,0.00120639,0.933796,0.144344,0,1,0.00359909,0
5.526349206,0.00351895,0.17108,0.286628,0,0.0465198,0.0152505,0,0.0630276,0,0.457986,0.0459398,0,0.826296,0.24521,0.321056,0,0.0913043,0.00319169,1,0.0327382,0,0.880207,0.0124232,0
5.572789115,0.0043767,0.204403,0.273334,0,0.0384813,0.0200831,0.0011373,0.0393658,0.0967363,0.334914,0,0,1,0.178637,0.306165,0,0.0721041,0.00420309,0.959519,0.0928268,0.084954,0.81347,0.000270957,0.000571328
5.619229024,0.00464699,0.0849738,0.247873,0,0,0.019097,0.0208121,0,0.0489345,0.311518,0,0,1,0.100687,0.27503,0,0.0264504,0.00405781,0.818958,0.0984808,0.0870919,0.73072,0,0
5.665668934,0.00389009,0.00466668,0.209937,0.0438855,0,0,0.0168548,0.0318036,0,0.326035,0.0303115,0,1,0.0630505,0.208697,0.0464118,0.000826899,0,0.731488,0.0823864,0,0.682345,0.00742877,0
5.712108843,0.00399095,0.00490208,0.290333,0,0,0,0.0956459,0.0175897,0.0886389,0.2595,0.021142,0,1,0.0532088,0.360536,0.00905171,0.00710079,0.0210411,0.782422,0.0609543,0.0462785,0.656389,0.00518151,0
5.758548752,0.00425438,0.0050546,0.408061,0,0,0,0.137889,0.130422,0.116871,0.260368,0,0,1,0.034227,0.523192,0.0224061,0.00683005,0.00786538,0.887191,0.0972468,0.0617547,0.735336,0,0
5.804988662,0.00505179,0.00454888,0.531009,0,0,0,0.019078,0.217873,0,0.158727,0.00815012,0.00385937,0.991657,0.0226991,0.684915,0.0297663,0.00369066,0,1,0.133387,0.00462046,0.837056,0.00199744,0.000989183
5.851428571,0.00467185,0.0592565,0.551394,0.0273638,0,0,0.0377779,0.207869,0.00447512,0.123318,0.0195403,0.0735752,0.844929,0.084989,0.714484,0.0381276,0,0,1,0.126736,0.00415096,0.843291,0.00478897,0.0188579
5.897868480,0.00321783,0.0628839,0.535838,0.0103966,0,0.00522341,0.198799,0.50896,0.0394926,0.0326563,0,0.12009,0.61707,0.212645,0.698038,0.0179106,0.0475511,0.0369649,1,0.326811,0.0182643,0.865693,0.0728241,0.0307798
5.944308390,0.0899843,0.20563,0.480412,0,0,0,0.232609,1,0.0176704,0,0,0.0104095,0.0986616,0.491331,0.733249,0.000232146,0.0616114,0.144055,0.740191,0.764788,0.0375502,0.826572,0.155435,0.0307939
5.990748299,0.169441,0.0517857,0.170151,0,0,0,0.155634,1,0.00820343,0,0,0.0349286,0.137118,0.333401,0.667976,0,0.0591287,0.148176,0.251686,0.743787,0.0532182,0.483978,0.142255,0.112657
6.037188208,0.094383,0.0377929,0.133404,0.0146509,0,0,0.0945005,1,0.00819285,0.00241192,0,0.0165662,0.106941,0.107654,0.813791,0.00296217,0.0567777,0.140568,0.0384734,0.844528,0.0761499,0.290388,0.145738,0.148151
6.083628117,0.0308558,0.0939239,0.112579,0.0165181,0,0.0182669,0.0192731,0.825408,0.0337589,0,0.00153538,0.00903668,0.0083106,0.0889926,0.758546,0.0033397,0.0385516,0.0624492,0.00420324,1,0.0997278,0,0.119642,0.159203
6.130068027,0.0521754,0.0836037,0.0520966,0.00979331,0,0.00874873,0.0364831,0.674443,0.0323768,0,0.00163695,0.0268887,0.0140527,0.0789639,0.686801,0.00198005,0.0119421,0.0212694,0.00781455,1,0.0909272,0,0.0551722,0.1563
6.176507936,0.0141784,0.0538368,0,0,0,0.00125691,0.0732645,0.443627,0,0,0.00913706,0.0472486,0.00381877,0.050849,0.668645,0,0.00738052,0.0224119,0.015693,1,0.0724212,0,0.0287671,0.17087
6.222947845,0,0.00876432,0.00346113,0,0,0.0350989,0.10088,0.45649,0,0,0.0509364,0,0,0.00827793,0.668634,0,0.00605777,0.0386917,0.0216082,1,0.0262135,0,0.0216933,0.159951
6.269387755,0.0113355,0,0,0,0.0179372,0.0191976,0.115116,0.613275,0,0.104027,0.0101078,0,0.00344557,0,0.856654,0,0.00368246,0.0181562,0.0376986,1,0,0.270964,0.00313877,0.178056
6.315827664,0.000770667,0,0,0,0.0348518,0,0.117183,0.703106,0,0.13021,0.000138384,0,0.0373125,0,0.970102,0.00407819,0.00715498,0.00206896,0.198964,1,0.00103596,0.466293,0.00229088,0.106378
6.362267573,0.000841034,0.0239608,0,0,0.0326958,0,0.170354,0.641137,0.0912261,0.00168823,0,0,0.0438863,0.0220213,1,0,0.00671236,0,0.287459,0.914074,0.0226481,0.478712,0,0.0583889
6.408707482,0,0.00395948,0.00283964,0,0,0.0413957,0.205402,0.535604,0.0715533,0.0797604,0.0131388,0,0.0385382,0.0007855,1,0,0.00466804,0.00866348,0.296377,0.77108,0.104933,0.600963,0.217507,0.0353194
6.455147392,0,0.00150349,0.012804,0,0,0.0262575,0.172395,0.432702,0.0521346,0,0.0620958,0,0.0600956,0.00029827,1,0,0.00646402,0.0951682,0.212918,0.693642,0.0127436,0.484368,0.448077,0.0499421
6.501587301,0,0,0.0341059,0.000726868,0,0.0221255,0.183237,0.540726,0.0252437,0.00664389,0.042084,0,0.0674702,0,1,0.000198812,0,0.311691,0.0878762,0.692557,0.0259788,0.493361,0.696681,0.041908
6.548027210,0,0,0,0,0,0.0117302,0.187171,0.588612,0.0037403,0.0335278,0.0604064,0,0.07382,0,0.990256,0.00404083,0,0.522506,0.0579352,0.743057,0.0381397,0.521768,1,0
6.594467120,0,0,0,0,0,0.00122131,0.119842,0.342806,0.199312,0.0278852,0.0510476,0,0.0570414,0,0.62478,0.00331631,0,0.442306,0.0356132,0.550113,0.128944,0.313981,1,0
6.640907029,0.0255735,0,0.0703946,0.00243353,0,0,0.0454223,0.130259,0.200672,0,0.115073,0,0.0366789,0,0.378975,0.00262768,0.00469912,0.327892,0.00972928,0.351909,0.11104,0.0281342,1,0
6.687346938,0,0.0259017,0.0408397,0.00266824,0,0.0103481,0.0381225,0.22272,0.141257,0,0.114968,0,0,0.00736772,0.257949,0.000539475,0.000794115,0.282557,0.00816569,0.329205,0.0715602,0.0145095,1,0
6.733786848,0,0.0288654,0.00710509,0,0,0.0223308,0.0391094,0.30892,0.119726,0,0.100222,0,0,0.00821074,0.227018,0,0,0.26485,0.00837709,0.288351,0.06112,0.0422658,1,0
6.780226757,0,0,0.0190727,0,0,0.0258106,0.0450604,0.258648,0.171384,0,0.0570552,0,0,0,0.260192,0,0,0.260009,0.00965178,0.261841,0.0865817,0.0129899,1,0
6.826666666,0.0891545,0,0.0257548,0.0028373,0,0,0.0297608,0.17603,0.187182,0.0803528,0.0293166,0,0.0240126,0,0.274417,0.000914776,0,0.253366,0.00637464,0.259533,0.0899451,0.0189171,1,0
6.873106575,0.128998,0.00265761,6.7912e-05,0,4.69045e-05,0,0,0.28715,0.10585,0.0850797,0.0329626,0,0.0347438,0.00052723,0.260537,0,9.62937e-06,0.24902,0,0.455881,0.0488371,0.0200299,1,0
6.919546485,0.142886,0.00269394,0.0274579,0,0,0,0,0.449118,0.103558,0.0677511,0.0371605,0,0.0384845,0.000534436,0.270255,0,0,0.273063,0,0.672168,0.0362925,0.0159503,1,0.0169739
6.965986394,0.156009,0.003212,0.017609,0.00261454,0,0,0.0019762,0.470177,0.164842,0.0859185,0.0407694,0,0.0420188,0.000637211,0.283773,0.000528617,0,0.318488,0.00551976,0.835678,0.0590195,0.0202274,1,0.0328664
7.012426303,0.172833,0.00428006,0.00461379,0.00289877,0,0,0.121245,0.255017,0.170891,0.13966,0.0454704,0,0.0465501,0.000849099,0.784982,0.000586085,0,0.32322,0.0493617,0.944246,0.0755432,0.140495,1,0.0273274
7.058866213,0.159496,0.0117067,0.00212938,0.0292363,0,0,0.0511687,0.58346,0.00351412,0.168242,0.0429999,0.0523613,0.053556,0.00687332,1,0.00942613,0,0.168957,0.0274706,0.773638,0.00148416,0.394325,0.827985,0.021253
7.105306122,9.31143e-06,0.00578251,0.000614545,0.0452224,0,0.010136,0.0118304,0.520773,0,0.187236,0.0786553,0.0468009,0.0179541,0.00114716,1,0.0145802,0.013169,0.139644,0.0251135,0.649029,0.00154683,0.450023,0.701066,0.0195295
7.151746031,0.0252123,0.00356722,0.000776955,0.0482499,0,0,0.00628523,0.495323,0.00726154,0.160069,0.164967,0.0247323,0.0457922,0.000707682,1,0.0155563,0.0205494,0.0977044,0.103384,0.627187,0.00330678,0.462104,0.690791,0.0173967
7.198185941,0.0245369,0,0.00144878,0.0237766,0.000818575,0,0.00377953,0.429809,0.0335666,0.141252,0.0356705,0,0.049634,0,1,0.00480724,0.0239251,0.0368914,0.159566,0.614192,0.037885,0.441216,0.675697,9.18085e-06
7.244625850,0,0,0.00482885,0.0259553,0,0,0,0.314843,0.224824,0.319101,0.0278138,0,0.024575,0.00217922,1,0.00524773,0.0247792,0.00980942,0.17159,0.627809,0.118205,0.587522,0.634513,1.77652e-05
7.291065759,0,0,0.00391799,0.0260249,0.0077759,0.00887207,0,0.158711,0.260254,0.536695,0.0135716,0,0.0135552,0.00967465,1,0.00855607,0.016478,0.00185679,0.151959,0.619626,0.139993,0.761643,0.531197,0.00729244
7.337505668,0,0,0.00456977,0.0301758,0,0,0,0.0932634,0.199389,0.661751,0.00583183,0,0.0101137,0.0117813,1,0.0136078,0.121231,0,0.134527,0.646027,0.111557,0.860793,0.474042,0.0233246
7.383945578,0,0,0.00445675,0.0297346,0.00220499,0,0,0.0624067,0.101671,0.716202,0.00426374,0.0791499,0.0038981,0.0125567,1,0.0119808,0.193752,0,0.0903714,0.640386,0.0622081,0.913312,0.518438,0.0382391
7.430385487,0,0,0.00233952,0.0286692,0.00456888,0,0.0330601,0.0286819,0.0219237,0.639037,0.0753029,0.0653533,0.00670147,0.00588089,1,0.00896165,0.128168,0.0609877,0.0105915,0.564666,0.017407,0.817594,0.757988,0.114509
7.476825396,0,0,0.0034681,0.0114302,0,0,0.125726,0.0442602,0.0293368,0.294957,0.51003,0,0.0548475,0.000323508,0.81856,0.00511639,0.0553878,0.267538,0.0486805,0.483504,0.0563978,0.400234,1,0.0613931
7.523265306,0,0.000253675,0.00559318,0.00329702,0,0,0.0330324,0.0977912,0.0113193,0.0319396,0.613752,0,0.0519379,5.03252e-05,0.668221,0.00373046,0,0.363022,0.0127604,0.41831,0.0858861,0.205409,1,0.0706019
7.569705215,0.000274521,0.00312822,0.00271543,0,0,0,0,0.148263,0.005064,0,0.627654,0,0.0323731,0.00062059,0.621292,0.00424063,0.000662827,0.40964,0,0.371415,0.0449092,0.153098,1,0.0650797
7.616145124,0.000807039,0.00249446,0.000412847,0,0,0.00858584,0,0.103284,0.0280076,0,0.688522,0.00907654,0.000159674,0.000494863,0.712006,0.000890677,5.58438e-05,0.458392,0,0.46797,0.0347713,0.157748,1,0.0591525
7.662585034,0.00026029,0.00352245,0.00104031,0,0,0.0380171,0.00360426,0.32511,0.0479792,0,0.857004,0.0116711,5.14988e-05,0.0006988,0.897534,0,0,0.448987,0.0100671,0.977024,0.0235948,0.180082,1,0.074646
7.709024943,0.0817392,0.00208652,0,0,0,0.0270281,0.0173528,0.275982,0.0373124,0,0.746456,0.0242947,0.0220154,0.000593509,0.796425,0,0,0.265279,0.00867478,1,0.0118015,0.104518,0.817834,0.074014
7.755464852,0.117394,0,0,0,0,0,0.0300467,0.147064,0.00262123,0,0.713326,0.0574055,0.0316185,0,0.803708,0,0,0.196778,0.00643589,1,0.000595428,0.110933,0.825765,0.0827453
7.801904761,0.0184435,0,0.0825676,0,0.013709,0,0.0235032,0.102294,0,0,0.756111,0,0.00496752,0,0.824713,0,0.00281443,0.195089,0.0121239,1,0,0.293757,0.831156,0.0408215
7.848344671,0,0.029039,0.0594542,0.00246934,0.0272262,0,0.00519481,0.126567,0,0,0.780055,0,0.0301854,0.00826013,1,0.00094065,0.00558948,0.1216,0.127687,0.8388,0.00120556,0.429197,0.76617,0
7.894784580,0,0.0820069,0.0387903,0,0.0207274,0,0,0.194121,0.00126556,0.025321,0.740335,0,0.0347362,0.0233268,1,1.08529e-05,0.00425527,0.0339054,0.171253,0.721268,0.00851436,0.452974,0.693934,0
7.941224489,0.0105638,0.0105909,0.0705868,0,0.0147099,0,0,0.158076,0.00901387,0.0703844,0.702916,0,0.0215876,0.00301257,1,0.000421828,0.0030199,0.19819,0.10495,0.604326,0.019418,0.458164,0.558153,0
7.987664399,0.0623646,0.00340539,0.08465,0.00755888,0.03082,0,0.00628463,0.108483,0.0031474,0.0612534,0.750704,0.0430932,0.0525178,0.00096866,1,0.00944048,0.00632726,0.462634,0.00134614,0.624542,0.0260373,0.447076,0.736339,0.0110451
8.034104308,0.0433135,0,6.60313e-05,0.00156105,0.00958566,0,0,0.158264,0.00459663,0.00258798,0.657357,0,0.0460399,0,0.769988,0.00696038,0.00196791,0.487852,0.000314324,0.582223,0.0619412,0.304091,1,0
8.080544217,0,0,0.00114513,0.0147769,0.0015742,0,0,0.166022,0.00173052,0,0.479837,0.000450838,0.0302889,0,0.531125,0.00817194,0.00429519,0.399209,0.00074122,0.463276,0.0363251,0.12846,1,0.000115553
8.126984126,0,0.0143753,0.00149948,0.0172501,0.00250885,0,0,0.158454,0.00829029,0,0.427638,0.0262982,0.0293027,0.00408905,0.333169,0.00774429,0.00971377,0.372237,0.000960896,0.402464,0.0207581,0.00825803,1,0.00674041
8.173424036,0.000589106,0.0624542,0.00152675,0.0162773,0.00807134,0,0,0.124047,0.0311428,0,0.421781,0.00853862,0.014987,0.0177651,0.142981,0.00613847,0.010825,0.354412,0.00105912,0.348479,0.0155601,0.00332895,1,0.00218851
8.219863945,0.0426393,0.079427,0.000593078,0.0143925,0.0142034,0,0.00103475,0.0784177,0.0480691,0,0.422972,0,0.0114843,0.022593,0.118143,0.00290993,0.00836365,0.352056,0.00330355,0.297864,0.0133685,0.00168622,1,0
8.266303854,0.0694971,0.048814,0,0.00819297,0.0161428,0.0065531,0.000615735,0.0744007,0,0.0303115,0.441109,0,0.0187181,0.0138851,0.0777014,0.00796076,0.00522286,0.337343,0.00171982,0.275308,0.00151667,0.00767545,1,0
8.312743764,0.00383297,0.0837376,0,0,0,0.00396575,0,0.0808344,0,0.00133209,0.479862,0.0111001,0.00103236,0.0238191,0.0584913,0.00218999,0.00123221,0.349569,0,0.293,0.00156878,0.000313607,1,0.00284504
8.359183673,0.000145552,0.00299612,0.00135964,0,0,0.0102056,0.0082308,0.0401258,0,0.00212409,0.490079,0,2.87978e-05,0.000594385,0.105396,0,0.00125708,0.404002,0.00176301,0.256002,0.00135003,0.000500064,1,0
8.405623582,3.14711e-05,0.00269381,0.00179731,0,0,0.019061,0.00846143,0.0387423,0,0.00226923,0.477081,0,6.22661e-06,0.00053441,0.166,0.00201357,0.000699998,0.353216,0.00181241,0.42598,0.00303433,0.000534234,1,0
8.452063492,0,0.00128488,0.00131458,0,0,0.0216215,0.00898267,0.127622,0.0126645,0,0.458059,0,0,0.0002549,0.175892,0,1.02323e-05,0.379506,0.00416826,0.60953,0.0723165,0,1,0
8.498503401,0,0.000927873,0.0112405,0,0,0.0205443,0.019183,0.22107,0.0189196,0,0.449849,0.0184797,0,0.000184076,0.343289,0,0,0.370405,0.0247676,0.69464,0.106261,0,1,0.00473649
8.544943310,0.0498396,0,0,0,0.00497427,0.0229403,0.0156345,0.245746,0.0673829,0,0.483812,0.0490751,0.0134236,0,0.702941,0,0.0010212,0.335784,0.0422621,0.74107,0.115927,0.103561,1,0.0154874
8.591383219,0.109536,0,0,0,0.0246671,0.0346754,0.00267006,0.317208,0.10405,0,0.502762,0.0148336,0.0314878,0.0200505,0.870269,0,0.00506409,0.242564,0.0258565,0.788555,0.108438,0.333625,1,0.0293314
8.637823129,0.0882707,0,0.0249034,0,0.00982317,0.0678935,0.0280242,0.513513,0.0141703,0.00069394,0.497661,0.0379782,0.0281041,0.156232,0.987307,0,0.00632101,0.21822,0.0354839,0.88112,0.043565,0.47958,1,0.00987015
8.684263038,0.0362835,0,0,0,0.0149924,0,0.000162062,0.524863,0.0810173,0.0245249,0.433383,0.131347,0.0107733,0.2344,1,0.00246953,0.00837178,0.192018,0.0419242,0.788906,0.120298,0.687202,0.799809,0.0336975
8.730702947,0.0214996,0,0,0,0.0305789,0,0.133113,0.254486,0.582066,0.0107935,0.054858,0,0.00579062,0.323566,1,0.0035539,0.012125,0.23703,0.0824543,0.552547,0.320689,0.716688,0.265838,1.00376e-05
8.777142857,0,0,0.00207044,0.043402,0.0168885,0,0,0.299407,1,0.000453004,0,0,0.155207,0.465145,0.421377,0.298617,0.00346717,0.216799,0,0.191158,0.582446,0.663021,0.0215974,0.0146276
8.823582766,0,0.00895177,0.00269683,0.0162536,0.00658652,0,0,0.225755,0.761456,0.00239904,0.000199827,0,0.220665,0.204788,0.00975735,0.573392,0.0149164,0.0669792,0,0.20999,1,0.0806878,0.0457123,0.0608406
8.870022675,0.0149413,0.00840294,0.0150827,0.00661866,0.0144359,0,0,0.209678,0.661619,0,0,0,0.222867,0.0728632,0.0140018,0.62862,0.010224,0,0.0124534,0.152552,1,0.0711403,0.0995407,0.0358137
8.916462585,0.0141518,0.00538942,0.0525489,0,0.0371888,0.00330928,0,0.226269,0.689036,0,0.0676371,0,0.289656,0.0896963,0.0339269,0.657266,0.085803,0.000692582,0.00667872,0.150659,1,0.149265,0.207341,0.0353308
8.962902494,0,0.0662506,0,0,0.0615331,0.0270722,0,0.503709,0.929818,0.222981,0,0.0131444,0.505362,0.314259,0.0570619,0.431954,0.994413,0.0056658,0,0.325092,1,0.667501,0.51912,0.127819
9.009342403,0,0.0452786,0,0,0.0364835,0.00453954,0,0.500086,0.177307,0.878895,0.00746283,0,0.292926,0.488427,0.0917017,0.0571228,1,0.000950055,0,0.379956,0.173459,0.905255,0.368003,0.231688
9.055782312,0,0.0480735,0,0.0303916,0.0141807,0,0.0122254,0.281382,0.0761772,1,0,0,0.147059,0.512987,0.0529072,0.0250135,0.724505,0,0.139051,0.198222,0.0539916,0.939092,0.20102,0.100636
9.102222222,8.7857e-05,0,0,0.0340052,0,0,0.0109169,0.125577,0.0323759,0.950346,0,0.0158893,0.0446356,0.45389,0.00228747,0.0137803,0.521495,0,0.795015,0.0506,0.0952498,1,0.181821,0.00407253
9.148662131,0.000278741,0.0210916,0,0.0157579,0,0.00215018,0.0306728,0.0406532,0.0430119,0.788834,0,0.071938,5.51494e-05,0.312865,0,0.00462952,0.315474,0.000449999,1,0.0543814,0.157416,0.79666,0.0812849,0.0184382
9.195102040,0.000197329,0,0,0.0132679,0,0.0161595,0.0256515,0.0493652,0.036454,0.671036,0,0.0301016,3.90418e-05,0.261501,0,0.00427772,0.222325,0.00338193,1,0.149054,0.204742,0.595565,0.0243445,0.00771527
9.241541950,0.0205549,0,0.000292154,0.00429144,0,0.0143875,0.00345863,0.0520819,0.0179807,0.659255,0.0433108,0.00949163,0.0497356,0.240206,0.000327246,0.00138361,0.200154,0.00301108,1,0.200052,0.0147674,0.532879,0.0248465,0.00243277
9.287981859,0.00189159,0,0.0178788,0.00615828,0,0.0191646,0.0117556,0.0494565,0.0931763,0.565665,0,0,0.605318,0.165963,0.00477849,0.0012451,0.175848,0.00401086,1,0.116378,0.0211656,0.480556,0.000771112,0
9.334421768,0.002926,0.0566624,0.00542603,0.00638375,0,0.0242792,0.00683977,0.0828525,0.117199,0.536192,0,0,0.897947,0.160506,0.00108463,0.00129069,0.16654,0.00508126,1,0.253433,0.0266224,0.296262,0.000328278,0
9.380861678,0.0346301,0.0166264,0,0,0.00011834,0.0246253,0.0563988,0.146209,0.036483,0.433832,0,0,1,0.110343,0,0,0.1121,0.00515369,0.894689,0.313112,0.00828733,0.239869,0.000213621,0
9.427301587,0.00373501,0.0288548,0,0,0.00316806,0.0130466,0.0513834,0.108884,0.00359945,0.459927,0,0,1,0.0929553,0,0,0.0884338,0.00273046,0.787546,0.268988,0.0202162,0.255835,0,0
9.473741496,0.0036523,0.0767978,0,0.000717043,0.023865,0,0.00700949,0.0714228,0.0111344,0.616759,0,0.00298746,1,0.133292,0.0116154,0.000144974,0.264523,0.0154255,0.614409,0.0957711,0.062536,0.824594,0,0.000765706
9.520181405,0.00198894,0,0.00044769,0.00286495,0.0174064,0,0.00680381,0.0441736,0.00650355,0.512025,0,0,0.66235,0.106202,0.0044707,0.00121679,0.28029,0.00327061,0.396615,0.0527399,0.0365269,1,0,0
9.566621315,0.0288861,0,0.000841269,0.00227231,0.0022577,0,0.00631379,0.0147886,0.0218995,0.469426,0,0,0.424342,0.107836,0.00591469,0.00193067,0.28422,0.00911379,0.302886,0.0241063,0.0124146,1,0,0
9.613061224,0.0344684,0.0128864,0.000655944,0,0,0,0.0103256,0.00877217,0,0.46571,0.00855403,0,0.205443,0.122899,0.00597439,0.00171511,0.298146,0.00713756,0.258834,0.0187354,0,1,0.00209643,0
9.659501133,0.0336294,0.018393,0.000366215,3.99725e-06,0,0,0.0217577,0.0185589,0,0.469278,0.0287035,0,0.0403103,0.166298,0.0024468,0.00047758,0.311663,0.00274699,0.233408,0.00489675,0,1,0.00703469,0
9.705941043,0.0223904,0.00702371,0.0098958,0.0027722,0,0.0090638,0.0212371,0.00689728,0,0.456251,0.0243235,0,0.00603055,0.168698,0.00974547,0.000560493,0.346483,0.00341313,0.2173,0.00284102,0,1,0.00596122,0
9.752380952,0.0634642,0.039081,0.0242201,0,0,0.0014305,0.00304126,0,0.0041403,0.440349,0.01134,0,0.0170932,0.158694,0.0261562,0,0.330019,0.000986969,0.191859,0.00157372,0.000940496,1,0.00277923,4.21088e-05
9.798820861,0.0436865,0.0698912,0.0192761,0.00145016,0,0,0.00268608,0.00463909,0.00726604,0.436369,0.0752594,0,0.0117664,0.157685,0.0200099,0.000293198,0.316519,0.000227064,0.162226,0.0194491,0.00165052,1,0.0184446,6.96651e-05
9.845260770,0,0.00680517,0.0619471,0.00552556,9.99403e-05,0,0,0.0241001,0.000615141,0.464781,0.0725893,0.0606352,0,0.164848,0.0258858,0.00111718,0.343387,0,0.130536,0.0389774,0.000139733,1,0.0177903,0.015639
9.891700680,0,0,0.0817288,0.00685234,0.00310613,0,0.00157906,0.0472815,0.00307973,0.451757,0.0497707,0.0638449,0,0.18641,0.0319457,0.00138543,0.320935,0,0.280036,0.0663502,0.0172972,1,0.0121978,0.0164918
9.938140589,0,0,0.053978,0.0143882,0.0109244,0,0.00370996,0.0580131,0.0240543,0.435175,0.0139828,0.041916,0,0.165367,0.0579074,0.00290905,0.28215,0,0.576535,0.127103,0.0704307,1,0.0034906,0.0108575
9.984580498,0.0101774,0,0.0888729,0.0152915,0.0300817,0,0.00339244,0.0363087,0.00850535,0.48721,0,0.00126362,0.00274116,0.190692,0.0968759,0.0030917,0.259322,0,0.778938,0.139466,0.0477699,1,0.000339259,0.000405067
10.031020408,0.00830963,0,0.0727021,0.0211551,0.0184826,0,0.000974056,0.026441,0.00112751,0.507734,0,0,0.272194,0.187384,0.0450447,0.00427722,0.240505,0,0.89008,0.101563,0.00633263,1,0.000497403,8.05901e-05
10.077460317,0.0584952,0,0.055313,0.0236012,0.0170965,0,0,0,0,0.513678,0,3.90629e-05,0.724322,0.199754,0.0159896,0.00477177,0.24878,0,1,0,0,0.992498,0.000396989,8.82982e-05
10.123900226,0.0032935,0,0.168499,0.020174,0.0179717,0.0272223,0.00167895,0.0303872,0.0282173,0.478274,0,0,0.917287,0.172271,0.0499366,0.00407885,0.235681,0.0101862,1,0.0710827,0.0139095,0.906091,0.000268474,1.2583e-05
10.170340136,0.00367134,0,0.201503,0.010958,0.0206638,0.023434,0,0.033275,0.0178709,0.430395,0,0,1,0.130434,0.0624838,0.00221553,0.16163,0.00876866,0.937918,0.180264,0.005871,0.856754,0.000123544,0
10.216780045,0.0390689,0,0.0826433,0,0.022603,0.0126815,0,0.184047,0.158875,0.230195,0.00100034,0,1,0.130762,0.0410739,0,0.122303,0.00265405,0.858176,0.148225,0.0581065,0.872668,0.000618309,0
10.263219954,0.00397937,0.00326918,0.00167296,0,0.012938,0,0,0.115557,0.221742,0.359532,0,0,0.918731,0.151923,0.0295188,0.00470407,0.145851,0,0.766522,0.128926,0.114688,1,0.00176213,0
10.309659863,0.00327336,0,0.0026735,0.0153465,0,0,0,0.0647006,0.19444,0.471112,0,0,0.76726,0.155331,0.0309379,0.0115213,0.245729,0,0.616315,0.103749,0.102924,1,0.0261161,0
10.356099773,0.00302363,0,0.001415,0.0194077,0,0,0,0.0977319,0.0572491,0.572392,0,0,0.746525,0.157213,0.0271175,0.013493,0.331534,0,0.558884,0.11942,0.0357109,1,0.0447678,0
10.402539682,0.00300962,0,0.0472231,0.00586826,0.0346075,0.00179286,0,0.0996036,0,0.636832,8.76272e-05,0,0.808986,0.158222,0.037218,0.010599,0.385549,0.000375218,0.595294,0.109285,0.00793101,1,0.0513364,0
10.448979591,0.0474706,0.0330558,0.37788,0,0.0484962,0.00245326,0.00838994,0.0221556,0.0146629,0.727983,0,0,1,0.128957,0.338294,0.0232509,0.437243,0.000513429,0.779888,0.00487693,0.0212276,0.958887,0.0249376,0
10.495419501,0.00314489,0,0.572288,0,0.058233,0.0136718,0.00836336,0,0.0729099,0.715537,0,0,1,0.00701023,0.656551,0.035098,0.446118,0.00286129,0.826982,0,0.207934,0.970427,0.000871404,0
10.541859410,0.00228942,0,0.625767,0,0.0429071,0.0307626,0.00771328,0.0279645,0.0750439,0.804512,0,0,0.85517,0,0.743413,0.0372292,0.356846,0.00643813,0.756427,0.00615559,0.128068,1,0.000895915,0
10.588299319,0.00191556,0,0.621654,0,0.0386799,0.00398441,0.00592729,0.0764708,0.0587779,0.752237,0.0165407,0.0327562,0.743366,0,0.72509,0.0368616,0.289943,0.000833876,0.717577,0.0168329,0.0574427,1,0.00485539,0.00839565
10.634739229,0.00181968,0,0.710036,0.0138252,0.0176921,0,0,0.0757635,0.0622643,0.716575,0.000547038,0.0935316,0.668963,0.134429,0.702446,0.0290055,0.199249,0,0.800425,0.0166772,0.0225148,1,0.00078675,0.0239728
10.681179138,0.00164346,0,0.700507,0.0256468,0,0,0,0.0460285,0.077232,0.640658,0,0.0586385,0.575333,0.281648,0.62326,0.00518537,0.0129288,0,1,0.0165579,0.0175437,0.873915,0.000606883,0.0150295
10.727619047,0.00129598,0.0315577,0.519372,0.0249098,0.00569267,0,0,0.0380773,0.0577299,0.335722,0,0,0.479784,0.287548,0.548303,0.00503635,0.00563601,0,1,0.0517763,0.0131137,0.597286,0.000948566,0
10.774058956,0.00120582,0.0100983,0.505176,0.0242508,0,0,0,0.0317568,0.000105482,0.278471,0,0,0.461826,0.278153,0.526163,0.00490312,0.00144677,0,1,0.0567847,0.000592434,0.526324,0.00105001,0
10.820498866,0.00090961,0.00107831,0.490563,0.0181282,0,0,0.00893477,0.0195067,0.0901835,0.250556,0,0,0.453946,0.224087,0.513962,0.00366523,0,0,1,0.00725895,0.0949798,0.458545,0.000872765,0
10.866938775,0.0550609,0.0404173,0.477209,0.0224708,0,0,0.00409658,0.0217697,0.139412,0.237068,0,0,0.700493,0.173608,0.502489,0.00454322,0,8.05114e-05,1,0.024663,0.192411,0.406289,0.000535756,0
10.913378684,0.0597091,0.036282,0.477353,0.0267553,0,0,0,0.0236223,0.0426044,0.277173,0,0,0.920321,0.127931,0.468648,0.00540947,0,0.000181283,1,0.0899717,0.198206,0.395634,0.000286256,0
10.959818594,0.00342829,0.000897465,0.475866,0.0206355,0,0,0,0.0449103,0.023089,0.338707,0,0.0203826,1,0.143416,0.391662,0.0067471,0.122452,0,0.893785,0.107894,0.131975,0.596961,0,0.00522421
11.006258503,0.0025667,0.00145103,0.523726,0.00939488,0,0,0,0.0240124,0.0120423,0.465881,0.028652,0.00606651,0.803147,0.195273,0.359309,0.00949977,0.340753,0.0258027,0.5835,0.0577149,0.0694694,1,0.00702207,0.00155489
11.052698412,0.00132159,0.000605545,0.438807,0.000745152,0,0,0.00117483,0.0310283,0.0350402,0.447639,0.00601653,0.00249509,0.493736,0.207984,0.335603,0.00739202,0.358078,0.0172303,0.35077,0.0142936,0.0180777,1,0.00147454,0.000639511
11.099138321,0.000565967,0.000791971,0.367815,0,0,0,0.00215874,0.0853402,0,0.452252,0,0,0.306218,0.216582,0.355417,0.00670172,0.37098,0.0123964,0.287088,0.0337566,0.000521642,1,0,0
11.145578231,0,0,0.313779,0.00348509,0,0,0.00792145,0.111044,0,0.445284,0,0,0.112176,0.227559,0.348203,0.00645225,0.38608,0,0.256227,0.0349136,0.000222502,1,0,0
11.192018140,0,0,0.331248,0.0136552,0,0,0.00201501,0.0802273,0,0.458398,0,0.0866477,0,0.244232,0.380031,0.00679885,0.39556,0,0.225151,0.0188555,0,1,0,0.0222084
11.238458049,0,0,0.376759,0.0192653,0,0,0,0.0428609,0,0.441653,0,0.0847653,0,0.225906,0.436785,0.00693375,0.427178,0,0.230898,0.0198428,0,1,0,0.021726
11.284897959,0,0.000238744,0.375348,0.0187105,0,0,0,0.00746711,0,0.426883,0.0771822,0,0,0.189536,0.454188,0.00775961,0.443478,0,0.265226,0.00689672,0,1,0.0189159,2.36668e-05
11.331337868,0.000255026,0.00218418,0.370803,0.010772,0,0,0.00465642,0,0,0.42653,0.0803364,0,5.04574e-05,0.170528,0.460656,0.00696348,0.421051,0,0.246483,0.00369918,0,1,0.0196889,5.28375e-05
11.377777777,0.000473939,0.00346703,0.391044,0.0535211,0,0,0.00736655,0,0,0.448323,0,0.00134525,9.37697e-05,0.195515,0.484598,0.0202976,0.41596,0,0.267199,0.00256778,0,1,0,0.000411641
11.424217687,0.164964,0.00335597,0.415049,0.0258399,0.00159212,0,0.00245269,0.0083457,0.006892,0.47044,0,0.0173812,0.0446289,0.215395,0.46152,0.00833109,0.382883,0,0.530423,0.0329755,0.00156556,1,0.000476979,0.00445493
11.470657596,0.169769,0.00260954,0.424362,0,0.00500424,0,0.00691182,0.027162,0.0233062,0.495074,0,0.014745,0.0458859,0.225217,0.471908,0,0.311337,0,0.831165,0.104332,0.0102468,1,0.00085112,0.00377926
11.517097505,0.000706806,0.00331852,0.414359,0,0,0,0,0.0372056,0,0.529209,0,0.0116345,0.00226582,0.21739,0.46065,0,0.186653,0,0.975748,0.142911,0,1,0.00102423,0.00298201
11.563537414,0.000824228,0.00282279,0.408452,0.0089154,0,0,0,0.0146869,0,0.515782,0,0,0.114725,0.207755,0.454372,0.00287443,0.101055,0,0.999409,0.0564139,0,1,0.00113186,0
11.609977324,0.0026695,0.00258758,0.356155,0,0,0,0,0,0,0.487033,0,0.020952,0.576168,0.152651,0.395113,0,0.0291126,0,0.982495,0,0,1,0.00122666,0.00537014
11.656417233,0.00369511,0.00104037,0.298533,0,0,0,0,0,0.00725651,0.530094,0,0,0.843722,0.0776539,0.341979,0,0.0152688,0,1,0,0.00164836,0.983865,0.00106241,0
11.702857142,0.00418395,0.0160793,0.26174,0,0,0,0,0,0.015076,0.559076,0.145585,0.0235497,1,0.0615992,0.306513,0,0,0,0.979325,0.0148311,0.00470052,0.93038,0.0366668,0.00603596
11.749297052,0.00355022,0.037014,0.210822,0,0.0167881,0,0,0.0827188,0.0847036,0.508486,0.0677276,0.0435629,1,0.0985028,0.237874,0,0.0858031,0.000367195,0.85791,0.0529501,0.0625243,0.887613,0.017427,0.0111655
11.795736961,0.0128587,0,0.00120042,0.000536038,0.0209476,0,0.00200007,0.16859,0.0574836,0.444142,0.00470924,0.0460209,0.802461,0.11381,0.0080081,0.000108378,0.162486,0.00275178,0.640617,0.077567,0.0244716,1,0.00145148,0.0117955
11.842176870,0.00141112,0.0135107,0.000515904,0.00608251,0.0201985,0,0.00833221,0.189206,0.00594115,0.399282,0,0.0184042,0.592465,0.162769,0.000103126,0.00122978,0.192191,0.00316258,0.464654,0.0803585,0.00134957,1,0,0.00471712
11.888616780,0.000984288,0.00487365,0.00154932,0.0113043,0.0114109,0,0.0287664,0.198279,0,0.337383,0,0.0138227,0.460771,0.177688,0.0003097,0.00228555,0.19118,0.00312584,0.372853,0.0792431,0,1,0,0.00354286
11.935056689,0.000908685,0.017752,0,0,0.0248414,0,0.011308,0.143603,0.0975288,0.253403,0,0.0328773,0.370989,0.193752,0,0,0.191396,0.00293354,0.344319,0.0494983,0.0480762,1,0,0.00842668
11.981496598,0.000541613,0.00189447,0.000586621,0,0.0201029,0.0238652,0.0409489,0.107695,0.210514,0.102508,0.000846039,0.00817759,0.314645,0.170662,0.0287914,0,0.196918,0.0170458,0.348536,0.103115,0.103772,1,0.000207348,0.00209597
12.027936507,8.02354e-05,0.00850786,0.0368197,0,0,0,0.210033,0.752132,0.282107,0.0859642,0,0.00519217,0.286852,0.239721,0.423773,0,0.111099,0.0576159,0.374511,0.473734,0.139063,1,0.0506598,0.0476129
12.074376417,0,0.0619771,0,0,0,0.00178545,0.131914,1,0.13648,0.0432948,0,0,0.0383717,0.359612,0.553009,0,0.0283858,0.104745,0.0997993,0.727709,0.0949694,0.560846,0.114879,0.144303
12.120816326,0,0.0661949,0,0.00164321,0,0.00948641,0.0789593,1,0.059642,0.0150013,0,0,0,0.186535,0.561633,0.00033223,0.0252378,0.107877,0.0303037,0.957651,0.0743329,0.2753,0.125336,0.252725
12.167256235,0,3.20279e-05,0.00281263,0.00331838,0,0.0203721,0.0495211,0.89498,0.0144076,0,0,0,0,0.00547353,0.611481,0.000670921,0.0232414,0.174534,0.0106072,1,0.0656207,0.155108,0.115337,0.205627
12.213696145,0.0571865,0,0.0017794,0.0177069,0,0.0189376,0.0625493,0.811691,0.00368297,0,0,0,0.0461604,0,0.750733,0.00358005,0.0238041,0.20557,0.0142097,1,0.0628712,0.114745,0.100042,0.213895
12.260136054,0.171688,0,0,0.00814717,0.0522968,0.0163818,0.198219,0.68877,0,0,0.0251634,0,0.138935,0,0.814096,0.00251429,0.0354757,0.204237,0.0806997,1,0.0661027,0.0519721,0.0980356,0.245549
12.306575963,0.210968,0.0135759,0,0,0.0566564,0.0349457,0.237802,0.632237,0.00261612,0,0,0,0.177235,0.00386166,1,0,0.0627067,0.176862,0.114455,0.947251,0.0591344,0.132473,0.104422,0.205148
12.353015873,0.192735,0.00702289,0,0,0.039405,0.050052,0.184253,0.750826,0,0,0,0,0.171358,0.00199766,1,0.0132185,0.0622565,0.0932716,0.154749,0.865522,0.0404014,0.205562,0.0245536,0.104262
12.399455782,0.193964,0.0345708,0,0.00388848,0.00458233,0,0.192999,0.497536,0,0,0,0.0036393,0.171819,0.00983364,1,0.0107988,0.052002,0.0590641,0.216127,0.695776,0.0169704,0.185637,0.000668541,0.112935
12.445895691,0.222947,0.00417148,0,0,0,0,0.220443,0.388743,0,0,0,0.000220712,0.194861,0.000827557,1,0.00301066,0.0481161,0.0461007,0.237621,0.560941,0.0112897,0.171841,0.000647978,0.115252
12.492335600,0.288387,0.00300491,0,0,0,0,0.252827,0.418566,0.0159894,0.0167559,0,0.000988298,0.177925,0.000596127,1,0.231844,0.0492174,0.0359968,0.204308,0.541712,0.0117674,0.184716,0.000392465,0.112567
12.538775510,0.188884,0.136523,0,0,0,0.0200074,0.3527,0.507107,0.0982258,0.0814548,0.0116796,0,0.0797845,0.0397667,0.767478,1,0.0690566,0.0487355,0.154366,0.721545,0.0957115,0.605937,0.00721915,0.0854506
12.585215419,0,0.105234,0,0,0,0.0582587,0.379518,0.337208,0.100758,0.124479,0,0,0.0280752,0.0488551,0.505828,1,0.0640956,0.0483821,0.149708,0.468931,0.261376,0.679057,0.0269656,0.0922378
12.631655328,0,0,0,0,0,0.0578721,0.258645,0.462406,0.339227,0.0805956,0,0,0.0192317,0.0254825,0.409021,1,0.0553312,0.02177,0.099167,0.48678,0.217528,0.648285,0.0480799,0.0818171
12.678095238,0.000635415,0.000705066,0,0,0,0,0.0377508,0.576003,0.236802,0.0198605,0,0,0.0142798,0.0221487,0.270268,1,0.0460337,0,0.0153692,0.549736,0.0978934,0.502501,0.0457714,0.0593887
12.724535147,0.000863514,0.00237333,0,0,0,0,0.00548068,0.354522,0.198076,0.00585128,0,0,0.01624,0.0156483,0.163364,1,0.0409558,0,0.00596663,0.532286,0.0747249,0.409003,0.0245378,0.0961626
12.770975056,0.0421707,0.00595492,0.00049613,0,0,0,0.000332255,0.387347,0.262837,0,0,0,0.0356717,0.00208196,0.240765,1,0.0381575,0,0.0271679,0.516592,0.115608,0.518501,0,0.118497
12.817414965,0.136111,0.00201529,0.0440473,0,0,0.0528387,0.0584455,0.387804,0.54224,0,0,0.031338,0.0666564,0.000399803,0.485942,1,0.0458207,0.0176567,0.0899786,0.580037,0.260546,0.704697,0,0.142798
12.863854875,0.098748,0,0.0440665,0.015227,0.0570011,0.00250759,0.085183,0.766335,0.413437,0,0,0,0.055649,0,0.670309,1,0.0746165,0.0278865,0.178752,0.601406,0.205138,0.743507,0,0.0666361
12.910294784,0,0.0510028,0.0827129,0.0291406,0.0513425,0.00332007,0.0162251,1,0.0867599,0.125988,0.0433983,0,0.0266428,0.0145077,0.950157,0.821096,0.0829376,0.0225354,0.283009,0.625409,0.0435041,0.690147,0.0106361,0.00595602
12.956734693,0,0.0719111,0.02058,0,0.0139968,0,0.0486728,0.508067,0.136145,0.242642,0.0264639,0,0.0174458,0.022661,1,0.12974,0.0390975,0,0.245965,0.356535,0.126001,0.408573,0.00648581,0.016539
13.003174603,0,0.0288348,0.00102855,0,0.00093165,0,0.264995,0,0.357798,0.133809,0.0113339,0,0.012961,0.0106352,1,0.0210236,0.0311,0.00383937,0.287385,0.0961041,0.17129,0.262106,0.00277772,0.073694
13.049614512,0,0.0165726,0,0,0.0014853,0,0.179077,0.190022,0.403994,0.0832578,0,0,0.0148103,0.00471406,1,0.000551811,0.0363529,0,0.25604,0.347158,0.189351,0.30056,0,0.0382649
13.096054421,0,0.0430133,0,0.00131255,0.00645142,0,0.0757087,0.409555,0.252542,0.0631391,0,0,0.016918,0.0122351,1,0.00117962,0.0388354,0,0.223629,0.477243,0.108078,0.287149,0,0.0367133
13.142494331,0.0653037,0.0675978,0,0.00222166,0.0200046,0,0.0175046,0.56174,0.169893,0.0784043,0,0,0.0477071,0.0192282,1,0.0127532,0.0438611,0,0.194891,0.484988,0.0786579,0.330644,0,0.0556993
13.188934240,0.000158156,0.000675358,0.0139657,0,0,0.0387505,0.0194666,0.439057,0.231191,0.001511,0,0.0585653,0.0172407,0.000133981,1,0.0035965,0.0395815,0.00810987,0.176406,0.498973,0.114983,0.326469,0,0.118833
13.235374149,0.000621257,0.00326423,0.000570432,0,0,0,0.0190194,0.0864793,0.254478,0.0245162,0.00947016,0.0126719,0.0140867,0.000647572,1,0,0.0388829,0,0.149165,0.332378,0.118364,0.343102,0.156774,0.176576
13.281814058,0.000409739,0.00352501,0,0,0,0,0.00262113,0.00770996,0.23155,0.0491518,0.0330811,0.000241807,0.00414428,0.000699308,1,0,0.0449735,0.0634848,0.125647,0.0460968,0.102079,0.304143,0.547642,0.0623223
13.328253968,0.000294168,0.0388149,0,0,0,0,0.00206606,0.104993,0.232769,0.0776671,0.0402288,0,5.82018e-05,0.0110409,1,0,0.0623154,0.266023,0.0350416,0.0444089,0.118442,0.34726,0.722208,0
13.374693877,0.000253902,0.0691,0,0,0.0232682,0.01631,0,0.322882,0.141774,0.192551,0.0492516,0,0.00120968,0.0196554,1,0,0.0716886,0.424845,0.0103301,0.139449,0.0734981,0.476679,0.988517,0
13.421133786,0,0.0617021,0,0,0.0257608,0.022881,0.0228013,0.439101,0.0952636,0.117383,0.0474009,0.0922486,0.00479207,0.0175511,0.813265,0,0.0662865,0.410111,0.0172303,0.189008,0.0546953,0.427536,1,0.023644
