0.000000000,0,0,0,0,0,0,0,0,0,0,0,0,0,0,0,0,0,0,0,0,0,0,0,0
0.341333333,0,0,0,0,0,0,0,0,0,0,0,0,0,0,0,0,0,0,0,0,0,0,0,0
0.682666666,0,0,0.000642844,0,0,0,0.0984403,0.796042,0.0192746,0,0,0,0,0.0102641,0.536106,0,0.042428,0.0674649,0.0400774,1,0.145623,0.147881,0.0979163,0.122559
1.024000000,0.346248,0,0,0,0,0,0.352152,0.738171,0,0,0,0,0.280196,0.0161435,0.877448,0,0.045529,0.0544743,0.14337,1,0.213985,0.230446,0.108839,0.177483
1.365333333,0.286043,0,0,0,0,0,0.0378797,0.833452,0.0189498,0,0,0.000641208,0.231476,0,0.82466,0,0.00236897,0,0.159076,1,0.00934118,0.315036,0,0.175943
1.706666666,0,0,0,0,0,0,0.0046674,0.0326181,0,0,0.0341239,0,0.0290973,0,0.704402,0,0,0.1184,0.0130366,0.422784,0.0245987,0.0737275,1,0
2.048000000,0,0,0.0534158,0,0,0,0.0550833,0.529822,0.0738863,0,0.0347638,0,0,0,0.430269,0,0,0.129411,0.0224258,0.791733,0.0372923,0.00431826,1,0.0576744
2.389333333,0.0856105,0,0,0,0,0,0.167089,0.947807,0.025495,0,0.0138839,0,0.0692789,0.0134645,0.849837,0.0338302,0.0371395,0.0625559,0.0680258,1,0.0896059,0.476378,0.348468,0.0834219
2.730666666,0,0,0,0,0,0,0.0533375,0.26284,0.0027631,0,0.545183,0,0.0647609,0,0.689679,0,0,0.206942,0.148978,0.674952,0.0160388,0.00147805,1,0.0432399
3.072000000,0,0,0.00755202,0,0,0,0,0.0679172,0.00497855,0.0034388,0.605515,0,0.0591906,0,1,0,0.00476301,0.184426,0.0242513,0.619875,0.0594576,0.385186,0.704247,0
3.413333333,0,0,0,0,0,0,0.0033525,0.0419628,0,0,0.438089,0,0,0,0.0463545,0,0,0.282472,0.00936393,0.282816,0.00184014,0,1,0
3.754666666,0,0,0.00728792,0,0,0,0,0.391275,0.0145377,0,0.565657,0,0.0283486,0,0.966361,0,0.0167332,0.0796444,0.0807839,0.806014,0.0823237,0.398427,1,5.41803e-05
4.096000000,0,0,0,0,0,0,0,0.23994,0.495786,0.601429,0.000733765,0,0.0897243,0.344968,0.00869204,0.0221886,0.44527,0,0.73768,0.30251,0.258672,1,0.102361,0.21343
4.437333333,0.00151581,0.00111925,0,0,0,0,0,0,0.012785,0.616575,0,0.000179036,0.388556,0.190679,0,0,0.111609,0,1,0,0.00630227,0.60939,0.0377949,0.00714306
4.778666666,0,0,0,0,0,0,0,0,0.00470374,0.445808,0,0,0.0702669,0.193764,0,0,0.264125,0.00298662,0.25913,0.0187688,0.00231868,1,0.000398162,0
5.120000000,0,0,0,0,0,0,0.0478304,0.13204,0,0.449865,0,0,0,0.218135,0,0,0.260224,0,1,0.265063,0,0.983987,0,0
5.461333333,0.00471763,0,0,0,0,0,0,0.0628726,0.519506,0.31421,0.00199055,0,1,0.0830831,0.028373,0,0,0,0.94224,0.324761,0.256087,0.811527,0.00155617,0
5.802666666,0,0,0.564688,0,0,0,0.00746677,0.418514,0.0900714,0.0234003,0,0,0.0511077,0.0940584,1,0.0337797,0.0834073,0,0.791015,0.201946,0.129154,0.561743,0.000495467,0
6.144000000,0.0038265,0,0.438868,0,0,0,0,0.0404471,0.193788,0.3638,0,0,1,0.091169,0.519689,0.00161288,0.0861668,0,0.954876,0.0901491,0.175496,0.813597,0,0
6.485333333,0,0,0.391539,0,0,0,0.00020329,0,0.00503091,0.424985,0,0,0,0.171562,0.497047,0.00345664,0.384045,0,0.134395,0.00494812,0.00247996,1,0,0
6.826666666,0.00398023,0,0.287973,0,0,0,0,0,0.210826,0.324518,0,0,1,0.0988004,0.322562,0,0.0476952,0.000195744,0.907228,0.100069,0.163829,0.767628,5.96856e-05,0.0116632
7.168000000,0.118673,0.185186,0.413797,0,0,0.025537,0.167229,1,0.0482594,0.0124666,0,0,0.195164,0.382225,0.524585,0,0.0463843,0.102534,0.737741,0.602981,0.0370391,0.826348,0.120742,0
7.509333333,0.0120907,0.0143788,0.00486974,0,0,0,0.172325,0.705908,0,0,0.00821996,0,0.0108627,0.0135808,0.801572,0,0,0.0105609,0.0701575,1,0,0.241174,0.0236093,0.172139
7.850666666,0,0,0.0911456,0,0,0,0.117232,0.198186,0.220714,0,0.0452964,0,0.0481676,0,0.487013,0.00384342,0.00132391,0.367735,0.0477278,0.472,0.134256,0.149672,1,0
8.192000000,0.0403881,0,0.0128675,0,0,0,0.00614677,0.53648,0.217686,0,0.0404655,0,0.0326834,0,0.255458,0,0,0.306508,0.0171687,0.838506,0.107318,0,1,0.0343251
8.533333333,0,0,0,0,0,0,0,0.172445,0.299835,0.574287,0.0278499,0,0.0112183,0.0111401,1,0.00448555,0.0115449,0,0.151074,0.640354,0.160009,0.790255,0.548356,0.00886428
8.874666666,0,0,0,0,0.0155766,0,0.00441034,0.325284,0.00838909,0,0.731608,0,0,0,0.746708,0,0.0260537,0.460804,0.0123186,0.664409,0.0187006,0.180033,1,0.0564887
9.216000000,0,0,0,0,0,0,0.000995485,0.0561243,0.0136111,0.0141146,0.704823,0,0.026962,0,1,0.00628544,0,0.379903,0.00278051,0.593577,0.0842832,0.441371,0.577396,0
9.557333333,0,0,0.00389106,0,0,0,0.0011348,0.0436271,0,0.000164287,0.465178,0,0,0,0.0638158,0.00412146,0.00135876,0.351995,0.00316963,0.28539,0.00156137,9.02488e-05,1,0
9.898666666,0,0,0.0520783,0,0,0,0.00104774,0.681458,0.0249679,0.0399664,0.466285,0.0524427,0.00427727,0.201972,1,0.00177625,0.00628342,0.192256,0.0487054,0.932061,0.0272027,0.669157,0.923328,0.0369032
10.240000000,0,0.0227349,0,0,0.0324414,0,0,0.629177,0.346656,0.970244,0.00736071,0,0.308761,0.499591,0.0926828,0.0173183,1,0,0,0.448102,0.237648,0.916933,0.393461,0.243949
10.581333333,0.00328512,0,0,0,0,0,0,0.0691237,0.0206466,0.544257,0,0,0.950689,0.135451,0,0,0.150751,0,1,0.316114,0.0101776,0.300604,0.000300007,0
10.922666666,0,0,0,0,0.0018644,0,0,0.0272499,0,0.465907,0,0,0,0.168368,0,0,0.321371,0.00193055,0.222687,0.0133619,0,1,0,0
11.264000000,8.52358e-05,0,0.0572532,0,0,0,0.00836106,0.0367074,0.00186132,0.544924,0,0,0.117824,0.184765,0.0641301,0,0.240478,0,0.898583,0.140997,0.010454,1,0.000533525,8.57446e-05
11.605333333,0.00297296,0,0,0,0,0,0,0.133817,0.0365839,0.584206,0.000580803,0,0.764122,0.152817,0.0252912,0.00980232,0.357709,0,0.557122,0.136233,0.0257811,1,0.0586335,0
11.946666666,0.00157997,0,0.560848,0,0,0,0,0.0148143,0.00501866,0.562364,0,0,0.521997,0.282312,0.628214,0,0.0048044,0,1,0.0605471,0.0281871,0.687206,0.000914466,0
12.288000000,0.00138789,0,0.344223,0,0,0,0,0.03613,0.0635871,0.503759,0,0,0.49722,0.197774,0.386672,0.00705464,0.344903,0.0180192,0.365187,0.0209236,0.0322291,1,0,0
12.629333333,0,0,0.403541,0,0,0,0.00715153,0.00348207,0,0.488035,0,0,0,0.202578,0.492402,0.0025091,0.409205,0,0.275088,0.0155706,0,1,0,5.96462e-05
12.970666666,0.00382777,0,0.241365,0,0,0,0,0.0920567,0.0668268,0.490524,0,0,1,0.0695787,0.285174,0,0,0,0.914415,0.0756269,0.0863517,0.809143,0.00089313,0
13.312000000,0,0.0708302,0,0,0,0,0.151079,1,0.135918,0.04162,0,0,0,0.361591,0.553981,0,0.0289572,0.109018,0.0677931,0.770101,0.113264,0.523976,0.122077,0.179752
13.653333333,0.293954,0,0,0,0,0,0.258208,0.752872,0,0,0,0.00666539,0.257178,0,1,0.00992746,0.0555547,0.0519227,0.291606,0.743899,0.0152463,0.243001,0.000752784,0.109752
13.994666666,0,0,0,0,0,0,0.0135834,0.529014,0.340093,0,0,0,0.0224902,0.00494263,0.172803,1,0.0381086,0,0.0190118,0.588654,0.167928,0.457791,0,0.103031
14.336000000,0.0137362,0,0.0222445,0,0,0,0.0344453,0.395808,0.245847,0.0034423,0,0,0.0279131,0,1,0.00289936,0.0377011,0,0.200542,0.467469,0.12311,0.289085,0,0.0348644
14.677333333,0.0149182,0,0.00282366,1.0722e-05,0,0,0.19239,0.502666,0,0.0148452,0.0553508,0,0.0136971,0,0.811252,1.45123e-05,0.0432313,0.411869,0.0819397,0.283783,0.029346,0.4124,1,0
15.018666666,0,0.0222054,0.0108989,0,0,0,0.128083,0.483569,0.0285614,0,0.0198783,0,0.00354283,0.0216171,0.490681,0,0.0294629,0.0214186,0.0521458,1,0.019385,0.0931229,0.329075,0.0639595
15.360000000,0,0,0,0,0,0,0.166657,0.193227,0.713889,0.0116794,0,0,0.000155509,0.0314045,0.359002,1,0.0240251,0.00287408,0.220246,0.513061,0.352706,0.510368,0.156987,0.0274315
15.701333333,0,0,0,0,0,0,0.340291,0.214645,0.137041,0.274917,0,0,0.0255907,0,1,0.0520212,0.0304079,0,0.341575,0.350033,0.117499,0.296337,0,0
16.042666666,0,0,0,0,0,0,0.010654,0.316174,0.356937,0.0197009,0.051976,0,0.0564803,0,0.745554,0.017883,0.0475058,0.241889,0.0579794,0.453005,0.229751,0.225731,1,0
16.384000000,0,0.00695138,0.0251205,0,0,0,0.00167161,0.114722,0.25184,0.0746648,0.00172994,0,0,0.10422,0.132461,0.00382878,0.0798794,0.278912,0.004669,0.0856053,0.124143,1,0.0513582,0.0636826
16.725333333,0,0.00118494,0.0302017,0,0,0,0.00234997,0.429828,0.162148,0.0339345,0,0,0.0164223,0.0434909,1,0,0.0440038,0,0.182794,0.277374,0.07993,0.640987,0.000368327,0
17.066666666,0,0.00730073,0.0239845,0,0,0,0.172771,0.624787,0.0358711,0.0169419,0,0,0.234611,0.00689557,1,0,0.0437898,0.0163578,0.284975,0.354985,0.0185732,0.795924,0,0
17.408000000,0.00370604,0,0,0,0,0,0.212027,0.425393,0.0993446,0,0,0,1,0,0.239484,0,0.0642279,0,0.131916,0.273983,0.0868804,0.64738,0.0107785,0
17.749333333,0,0,0,0,0,0.0066466,0.442559,0.413019,0.0119304,0.314528,0.00933155,0,0.00897546,0.183619,1,0.00325006,0.0452037,0.0141204,0.959765,0.184293,0.0728329,0.834199,0.173487,0.000971115
18.090666666,0,0,0,0,0,0.0143724,0.239052,0,0,0,0.00776162,0,0.146068,0.213767,0.965557,0,0.0536162,0.0305335,1,0,0,0.0837643,0.128942,0.0335351
18.432000000,0,0,0,0,0,0.00120159,0.166003,0.0449003,0.261245,0.000360154,0,0,0.0308278,0.0105053,1,0,0.0348977,0.00255274,0.633895,0.020109,0.129208,0.273653,0,0.00463626
18.773333333,0.00321172,0,0,0,0,0.011634,0.135064,0.0159067,0.326512,0.007069,0,0,1,0,0.153092,0,0.156806,0.0252111,0.445001,0.123642,0.161578,0.350776,0.000678667,0
19.114666666,0,0.0268162,0.0846,0,0,0,0,0.131172,0.280156,0.0801029,0,0,0,0.140328,0.193263,0.000505311,0.236621,0.00122213,0.0455788,0.0915295,0.138101,1,0,0.054242
19.456000000,0.000556369,0.0870102,0.00702066,0,0,0,0.111186,0.48216,0.0893024,0,0,0,0.108782,0.0875363,0.272035,0.00207611,0,0.0690765,0.0452666,1,0.0500945,0.0224678,7.89619e-05,0.296412
19.797333333,0.00289054,0,0,0,0,0,0.203372,0.539035,0.00655492,0.00328837,0,0,1,0,0.0884983,0,0.161702,0,0.0901426,0.719403,0.00339307,0.317636,0.0102041,0
20.138666666,0,0,0,0,0,0,0.145885,0.437471,0.485237,0.0143047,0.060387,0,0.410821,0,0.894958,0,0.0513444,0.550702,0.0698714,0.610147,0.24378,0.554852,1,0
20.480000000,0.00320675,0,0,0,0,0,0.0202464,0.138261,0.394167,0.106457,0.0605359,0,0.00259501,0,1,0,0.0451272,0.369197,0.0720894,0.80954,0.198196,0.459396,0.844274,0
20.821333333,0,0,0,0.510223,0,0,0,0.351629,0.420589,0,0.0341763,0,0,0.137143,0.358345,1,0.0299724,0.0790899,0.0125034,0.66455,0.214503,0.366878,0.598056,0.000203871
21.162666666,0,0,0,0.482448,0,0,0.00885378,0.323214,0.228675,0.00747445,0.0343678,0,0.0164753,0.0107311,1,0.718461,0.0551475,0.00474369,0.104161,0.23764,0.114298,0.238085,0.579949,1.41865e-05
21.504000000,0.00430032,0,0,0.296651,0,0,0.00245032,0.270592,0.151545,0.00629942,0,0,1,0,0.463776,0.401519,0.0508808,0,0.090467,0.238109,0.0768941,0.348762,0.0165587,0
21.845333333,0,0,0,0.316899,0,0,0,0,0.340978,0,0.0508678,0,0,0,1,0.428925,0.0444313,0.402133,0.0231485,5.75111e-05,0.181791,0.203661,0.842093,0
22.186666666,0,0,0.358691,0.0129435,0,0,0.0244472,0.239052,0.278134,0,0,0,0.211549,0.0573337,0.815132,0.0584446,0.0363058,0.0289061,0.0533808,1,0.181081,0.266605,0.0241574,0.116408
22.528000000,0,0,0.36151,0,0,0.019663,0.0014183,0.013405,0.258631,0.0440615,0.00228766,0,0.0184528,0,1,0.0207551,0.015052,0.0417732,0.129843,0.0514902,0.162916,0.358272,0.0380108,0.00206271
22.869333333,0,0,0.303226,0,0,0,0,0.288957,0.0497773,0,0.0388324,0,0.0266643,0,0.439313,0.00461868,0,0.358992,0.00265845,0.128935,0.033406,0.182339,1,0
23.210666666,0,0,0.352239,0,0,0,0.0035546,0.319212,0.0657735,0.0673041,0,0,0.000369771,0.0412444,0.599709,0.0116081,0.34171,0.00509773,0.00144716,0.158415,0.0324226,1,4.49361e-05,0
23.552000000,0,0,0.399864,0,0,0.00687678,0.298636,0.410958,0.0917936,0.0174012,0,0,0.00843537,0.281663,1,0,0.175515,0.0146094,0.803374,0.183373,0.257739,0.474042,0.0181677,0
23.893333333,0,0,0.422471,0,0,0.000785058,0.00543548,0.268054,0.182694,0.00401736,0.00196569,0,0.0255227,0,1,0.00974065,0.0134206,0.00166782,0.299322,0.119608,0.215075,0.321436,0.0535167,0.00451528
24.234666666,0,0,0.36081,0,0,0,0,0.13821,0.275891,0,0.0375389,0,0.00367079,0,1,0.00115229,0.0362195,0.470512,0.000749177,0.0616706,0.202017,0.242502,0.651901,0
24.576000000,0,0,0.317891,0,0,0,0.0670268,0.338089,0.0125989,0,0.044883,0,0,0,1,0,0.0418512,0.296874,0.0368868,0.150858,0.0166019,0.203314,0.743018,0
24.917333333,0,0,0.346256,0,0,0.00800867,0,0.288774,0.0400018,0.0680735,0,0,0.0173338,0,1,0,0.176136,0.0170141,0.148437,0.128906,0.0198316,0.791895,0.000194323,0
25.258666666,0,0,0,0,0,0,0.208946,0.241989,0.169208,0,0,0,0.0207333,0.0749995,1,0,0.0344138,0.0130062,0.670653,0.419787,0.270955,0.0600584,0.0107398,5.07964e-05
25.600000000,0,0,0,0,0,0,0.195207,0.370279,0.0852353,0,0,0,6.86687e-05,0.00827052,0.490479,0,0,0.117719,0.0818592,1,0.11221,0.00338691,0.0322494,0.229787
25.941333333,0.0176949,0,0,0,0,0,0.0616634,0.717644,0.0146958,0,0,0,0.0201025,0.00204387,0.59525,0.00175541,0,0.0608794,0.0251047,1,0.193593,0.000905005,0.0123181,0.153801
26.282666666,0.183584,0.0473708,0,0,0,0.0369442,0.226086,0.391662,0.204437,0,0,0,0.336168,0.393322,0.0523816,0,0,0.198743,1,0.53875,0.275479,0.176116,0.142295,0
26.624000000,0.048478,0,0,0,0,0,0.0198763,0.0716791,0,0.187744,0.0638259,0,0.03923,0.031751,0.219906,0.0200811,0,0.0256067,0.055517,0.556963,0.00206918,0.104635,1,0
26.965333333,0.0259297,0,0,0.0189213,0.302578,0,0.0204539,0.49121,0.235847,0,0,0,0.0504648,0.1553,0.0463894,0.0602201,1,0.0219095,0.0783318,0.288705,0.223778,0.00103136,0,0.5103
27.306666666,0,0,0,0,0.00346403,0.226136,0,0,0,0.000463481,0.00158413,0,0,0.0892783,0,0,0.146238,0.971676,0,0,0,1,0.0262245,0
27.648000000,0,0.00662967,0.629515,0,0,0.225765,0.227878,0.0420164,0.425727,0.303692,0,0.000281632,0.647342,0.00626175,1,0,0.0925424,0.223787,0.143679,0.402819,0.210587,0.635801,0.027436,0.0112364
27.989333333,0,0,0,0.483455,0,0,0,0.0736772,0.587966,0.056731,0,0,0,0.0775369,0.00593903,1,0.0329453,0.0772597,0,0.718534,0.296276,0.13826,0.448156,0.096724
28.330666666,0.0113192,0,0.182401,0.415425,0,0,0.509962,0.598023,0.0498403,0.0307935,0,0,0.00915987,0.453393,0.209976,0.578969,0.0852135,0.757793,0.207618,0.311763,0.0292938,0.820221,1,0
28.672000000,0,0,0.507231,0,0,0,0.227264,0.0876018,0.331904,0.129792,0,0,0.0414442,0.0430662,1,0.000739264,0.0273842,0.0827296,0.346275,0.148533,0.228391,0.469514,0.000123988,0
29.013333333,0,0,0.60683,0,0,0,0.1573,0.471944,0.350795,0.00157825,0,0,0,0.371476,0.933396,0,0.227568,0,0.814573,0.224614,0.200001,1,0,0
29.354666666,0.812339,0,0,0,0,0,0.0465947,0.508653,0.148779,0.000312661,0.0141162,0.103931,1,0.0417468,0.362847,0,0.168661,0.0717006,0.136138,0.463471,0.0739048,0.00368414,0.433099,0.184095
29.696000000,0.856768,0,0,0,0,0,0.0794601,0.574684,0.403443,0.00723109,0,0,0.963066,0,0.357789,0.928704,0.00664085,0,0.222018,1,0.198874,0.070417,0.155182,0.217379
30.037333333,0,0,0,0,0,0,0.00496478,0.255883,0.0909715,0.761873,0.45628,0,0,0.0971094,0.375468,0.0197083,0.667092,0.0615559,0.033685,1,0.0485362,0.873063,0.342731,0.158697
30.378666666,0,0,0,0,0.00314703,0,0.0418233,0.0103412,0.00134892,0.0480453,0.763484,0,0,0,1,0.0153183,0.0175327,0.102646,0.123669,0.483026,0.00902079,0.45042,0.614211,0.100056
30.720000000,0.00596334,0,0,0,0,0,0,0.409378,1,0,0,0,0.352976,0,0.26726,0.814537,0.00309888,0.0102409,0,0.85982,0.750189,0.119024,0.18837,0.0993754
31.061333333,0,0,0,0,0,0,0.0901983,0.00252198,0,0.790046,0,0,0,0.28169,0,0,0.398379,0,1,0.00968722,0,0.563489,0.0745023,0.00706056
31.402666666,0.00293828,0,0.0192363,0,0.020938,0.00672344,0.138703,0,0.0607289,0.414852,0,0,0.912454,0.146558,0.0215469,0,0.454544,0.0142837,0.551597,0.0276041,0.0415128,1,0,0.000169519
31.744000000,0.0132512,0,0,0,0,0,0.0910377,0.541191,0.0458154,0,0.0101004,0,0.0107233,0,0.480776,0,0,0.00364883,0.0370637,1,0.0225844,0.0484599,0.167208,0.138836
32.085333333,0.00333768,0.0289102,0,0,0,0,0,0.770403,0.0637069,0,0.0172769,0,0.0280354,0.0273058,0.556545,0,0.0181485,0.0025666,0.00350967,1,0.0329421,0.187708,0.286012,0.115856
32.426666666,0.0595255,0,0,0,0,0,0,0.541988,0.298979,0.000693823,0,0,0.128139,0.0273427,0.0046152,1,0,0.0184193,0,0.25013,0.320896,0.245887,0.266886,0
32.768000000,0,0,0.00185872,0,0,0.00311104,0.346122,0.320284,0.445441,0.201605,0,0,0.0716923,0,1,0.303004,0,0.0277592,0.160203,0.427779,0.221775,0.842968,0,0
33.109333333,0,0,0,0,0,0.0343325,0.456373,0.213927,0.297834,0.0809434,0.0100431,0,0.0907289,1,0.158473,0.00262857,0.0374852,0.179942,0.206503,0.32238,0.287037,0.417813,0.166444,0
33.450666666,0.000263141,0,0,0,0,0,0.162708,0.732471,0.0943533,0,0.00131548,0,0.0495188,0,1,0,0.0384754,0.215657,0.129515,0.535012,0.0658001,0.383753,0.0416458,0.0730755
33.792000000,0,0,0,0,0,0,0.00934352,0.342793,0.0370153,0.00437843,0.639938,0,0.131097,0.00893482,0.401766,0.0840922,0.00338132,0.219823,0.0263703,1,0.025311,0.0691106,0.92436,0
34.133333333,0,0,0,0,0,0,0.0125872,0.186419,0,0,0.771807,0,0.0266843,0.0277523,0.232622,0.573285,0,0.364117,0.0351575,1,0,0.0829638,0.8528,0
34.474666666,0,0,0.0618514,0,0,0,0.0047936,0.159481,0.335281,0.0184207,0,0,0,1,0.145589,0,0.0326419,0.19856,0.0260314,0.471371,0.248607,0.338702,0.000211298,0.0087652
34.816000000,0,0,0,0,0,0.0292212,0,0.0970307,0,0.662036,0.000774853,0,0.017124,0,1,0,0.136599,0.0620792,0.103816,0.044794,0.00149935,0.931356,0.00984244,0.00262764
35.157333333,0.000218737,0,0.0253711,0,0,0,0.00104003,0.398427,0.382944,0.057539,0,0,0.788244,0.270399,0.731604,0,0,0.288839,0.0153875,0.177782,0.18877,1,0.0086731,0
35.498666666,0,0,0,0,0,0,0.00281638,0.0446179,0.366805,0.100921,0,0,1,0,0,0,0.1315,0,0.0120902,0.122371,0.180814,0.558689,0.00130864,0
35.840000000,0,0,0,0,0,0,0.0182492,0.668046,0.348715,0,0.00715287,0,0.341554,0,0.000364243,1,0,0,0.0509723,0.31854,0.236797,0.173684,0.211192,0
36.181333333,0,0.00334889,0,0,0,0,0.0196226,0.210412,0.390499,0.00192161,0,0,0,0.00316303,0.366465,0.0960478,0,0,0.0548082,0.798169,0.204691,0.0474691,1,0
36.522666666,0.000357439,0,0,0,0,0,0.00908551,0.206165,0,0,0,0,0.0697753,0,0.697172,0,0,0,0.0598459,0.801406,0,0.179967,1,0
36.864000000,0.000127189,0,0,0,0,0,0.221253,0,0,0,0,0.000144074,0.0248285,0.359758,0.0352035,0,0.00785078,0,1,0.00434834,0.0280211,0.54925,0.239807,0.00577548
37.205333333,0.000191302,0,0,0,0,0.00634222,0.216624,0,0,0,0.0022833,0,0.0373439,0.303744,0.00574888,0.00199108,0.0382382,0.107852,0.639017,0.0590398,0,1,0.0380297,0
37.546666666,0,0,0,0,0,0.00897476,0.144027,0.000678793,0,0,0,0,0.574489,0.0851299,0,0,0.0980069,0.0190665,0.402284,0.160485,0,1,0.000156102,0
37.888000000,0.0257387,0.0332216,0,0,0,0,0.00430813,0.525063,0.175403,0,0,0,0.0585658,0.0313779,0.0811936,0.0310464,0,0.0943453,0.0120331,0.564545,0.0886865,0.0742413,1,0
38.229333333,0.000294798,0,0,0,0,0,0.0112495,0.174207,0.219067,0.222189,0,0,0.164691,0.107229,0.0334446,0,0.00272019,0.109953,0.0427746,1,0.107988,0.211294,0,0.328807
38.570666666,0.0925328,0.0187374,0,0,0,0,0.00409173,0.552404,0.0836351,0,0,0,0.0748807,0.088608,0.157744,0,0.0187335,0.138195,0.0114287,0.788071,0.0412274,0.0022855,1,0.0769201
38.912000000,0,0,0,0,0,0,0.0429975,0.711317,0.076865,0,0,0,0,0,0.711656,0.00408981,0,0,0.0683986,1,0.0378901,0.155458,0.845143,0
39.253333333,0,0,0,0,0,0.19382,0,0,0,0.00261033,0.00056054,0.0010315,0.110223,0.0425112,0,0.0127764,0.0307137,1,0,0.00829515,0,0.753563,0.00927947,0.041186
39.594666666,0,0,0,0,0.00021214,0.265992,0.0145281,0.300049,0.152257,0,0,0,0.498184,0.0204746,0,0,0.0425212,1,0.0405788,0.320749,0.0750541,0.551942,0.000503712,0
39.936000000,0,0,0,0.3327,0,0,0.059355,0.354803,0.164373,0.0234622,0.0200753,0,0.00880076,0.0376428,0.0164887,1,0,0.136549,0.0248883,0.712892,0.0810267,0.215482,0.207876,0.0811182
40.277333333,0,0,0.00482118,0.317671,0,0,0.0119607,0.0063093,0,0,0,0,0,0.0283244,0.0155973,1,0,0.14286,0.0334077,0.692189,0.00708582,0,0.232766,0.0718924
40.618666666,0,0,0.500386,0,0,0,0.00964524,0.317364,0.0979441,0.091526,0.00848201,0,0.0364075,0.0162136,1,0.00761138,0.0116995,0.107816,0.310737,0.156435,0.0503198,0.580094,0.00999279,0
40.960000000,0,0.00312677,0.470836,0,0,0,0,0.0421267,0,0.0262787,0,0,0.000339205,0.263883,0.953634,0,0.00656235,0,1,0.161813,0.0010825,0.599704,0.0018494,0
41.301333333,0.000219452,0.0377037,0,0,0,0.00341277,0.205348,0.276676,0.220314,0,0.102861,0,0.0522284,0.210958,0,0.1725,0.0292029,0.00725028,0.951608,0.153954,0.219354,1,0.108953,0.000330091
41.642666666,0.000252801,0,0,0,0,0.00287079,0.135494,0,0,0,0.00102763,0,0.0493491,0.226635,0,0.118296,0.12076,0.0518649,0.416538,0.00413396,0,1,0.017012,0.000122396
41.984000000,0,0,0,0,0,0,0.180161,0.419152,0.192509,0,0,0,1,3.49315e-05,0,0,0.0340972,0,0.378912,0.336772,0.0948959,0.698421,0.000173501,0
42.325333333,0,0,0,0,0,0,0.0167443,0.125013,0,0,0.266621,0.0555792,0,0.0165146,0.127215,0,0,0.0594591,0.0467689,0.523537,0.00443797,0.48565,1,0.0390706
42.666666666,0,0,0,0,0,0,0.00721217,0.173706,0.00199846,0,0,0,0,0,0.69788,0.0519432,0,0,0.0549246,0.667223,0.0112243,0.171906,1,0
43.008000000,0,0.0274174,0.0552202,0,0,0,0.0233502,0.0403235,0.000384352,0,0,0,0,0.186324,0.598614,0,0.0003167,0,0.077169,0.220971,0.00567797,0.00209285,1,8.50298e-06
43.349333333,0.151591,0,0,0,0,0,0.0573088,0.562243,0.144287,0,0.00775582,0.00761097,0.378688,0.0828707,0.0124034,0.230526,0,0.1423,0.0499694,0.305625,0.21662,1,0.128394,0.344237
43.690666666,0,0,0,0.0640674,0.0159737,0,0,0.00410788,0.00299588,0.0848754,0,0,0,0.219092,0.0659608,0.0867156,0.0835972,0.042973,0.558234,0.0157788,0.0250477,1,0.0731805,0.0272734
44.032000000,0,0,0,0,0,0,0.0142247,0.0133732,0,0,0.0486372,0,0,0.049774,0.15119,0,0.120415,0.115086,0.0428247,1,0,0.0862554,0.912431,0.0745302
44.373333333,0,0.0166987,0,0,0,0,0.20053,0.145958,0.340586,0,0.0154209,0.0164233,0,0.0332559,0.0443305,0.0125717,0.0252998,0.15681,0.0817597,0.237367,0.168231,0.0876119,1,0.0115451
44.714666666,0,0,0,0,0,0,0.0399703,0.666415,0.198292,0,0.00678949,0,0,0.0445758,1,0,0,0.102129,0.0517746,0.41261,0.0977468,0.298446,0.685462,0
45.056000000,0,0,0,0,0,0,0.0055651,0.029295,0.0472702,0.00380902,0,0,0,0.318457,1,0,0,0.167322,0.0437196,0.112525,0.270527,0.509038,0.0952096,0
45.397333333,0.153479,0,0,0,0,0,0.16032,0.818345,0.176327,0,0,0,0.132001,0,1,0,0.0178057,0.055912,0.18587,0.481943,0.0869191,0.420644,0.0157507,0.27667
45.738666666,0.056444,0,0.032052,0,0,0,0.313983,0.73722,0.0885884,0,0,0,0.0456764,0,0.741441,0.0032042,0,0.17826,0.12783,0.601564,0.0497754,0.205974,1,0.0230245
46.080000000,0,0,0,0,0,0,0.00556482,0.152721,0.011016,0,0,0,0,0,1,0,0.0140967,0.0776607,0.0202107,0.912212,0.0618706,0.346983,0.919427,0
46.421333333,0,0,0.104771,0.0579062,0,0,0.487191,0.78725,0,0,0,0,0.0200896,0.000545043,0.63988,1,0,0,0.198347,0.929568,0.013445,0.54453,0.372391,0
46.762666666,0.175501,0,0.0707196,0,0,0.323607,0.542452,0.546723,0.0538252,0.231433,0,0,0.14827,0.194193,0.900126,0.0738334,0.265022,0.169092,0.268989,1,0.0265328,0.132775,0.061981,0.110537
47.104000000,0,0.0142967,0.422835,0.0365037,0,0,0.0247042,0.792179,0.0361332,0,0,0,1,0.0135032,0.473624,0.0583087,0.0227156,0.230641,0.0605572,0.518086,0.0178116,0.0871403,0.000859225,0
47.445333333,0,0,0,0,0,0,0,0.0189098,0.0151745,0.0534977,0.000250153,0,0,0.169012,0,0,0.23227,0.00603753,0.00172057,0.11564,0.0852267,1,0.00438661,0
47.786666666,0,0,0,0,0.0347243,0,0.00971265,0.0818981,0,0.0247443,0,0,0,0.221724,0.0133015,0,0.139288,0.0248644,0.795037,0.31458,0,1,0,0
48.128000000,0.00372644,0,0,0,0,0,0.141016,0.294384,0.308499,0,0,0,1,0,0.0682347,0,0.107183,0.0120201,0.754892,0.238765,0.254968,0.551712,0.00153535,1.42889e-05
48.469333333,0.00260115,0,0.289458,0,0,0,0.377596,0.140522,0.207492,0.0911914,0,0,1,0,0.324226,0.00221951,0.0303827,0.0481783,0.317963,0.199711,0.171814,0.521389,0.00177227,0
48.810666666,0,0,0,0,0,0.0326099,0.0943344,0.0473132,0.00112495,0,0,0,0,0.0816709,0.00866964,0.0441219,0.0841752,0.0692785,0.263487,0.193375,0.00631823,1,6.80067e-06,0
49.152000000,0,0,0,0,0,0,0,0,0,0.0800229,0,0,0,0.0721667,0.58002,0,0.0492555,0.000769315,0.71029,0.0199627,0,1,0,0.00693964
49.493333333,0.00193193,0,0,0,0,0.0245375,0.0406995,0.0464412,0.0132095,0.00945355,0,0.00071032,0.37713,0,0.894531,0,0,0.0521289,1,0.178386,0.0741907,0.764723,0,0.02834
49.834666666,0.00302184,0,0,0,0,0.0174231,0.0308181,0.513809,0.0806478,0,0,0,1,0,0.00330955,0.0254633,0.00814905,0.251496,0.0860787,0.513618,0.0504262,0.0111445,0.0510306,0
50.176000000,0,0.0613779,0,0,0,0,0.0391179,0.637567,0.0238018,0,0,0,0,0.266395,0.0751008,0.0296625,0,0.138429,0.0159258,0.341009,0.0117329,0.00029551,1,0
50.517333333,0,0,0,0,0,0,0.00811448,0.17463,0.00181432,0,0,0,0.0414647,0,1,0.00565955,0.0348382,0,0.0310804,0.938016,0.0104308,0.410623,0.216581,0
50.858666666,0,0,0,0,0,0,0,0,0,0,0.0354718,0,0.0325779,0,0.121173,0,0.0104494,0.383803,0.00812011,0.0588992,0,0.00093524,1,0.000506336
51.200000000,0,0,0,0,0,0,0.149758,0.925375,0.116884,0,0,0,0.0154178,0,1,0,0.032655,0.00208121,0.0696884,0.641711,0.12396,0.389575,0.0809349,0.272343
51.541333333,0,0,0.0188935,0,0,0,0.217441,0.525571,0,0,0,0,0,0,0.560783,0.00464638,0,0.10413,0.0885254,0.261247,0,0,1,0
51.882666666,0,0,0,0,0,0,0.0186201,0.651284,0.193438,0,0,0,0.0405619,0,0.612984,0,0.0326967,0.0344752,0.0659614,1,0.095354,0.134472,0.97319,0.00494283
52.224000000,0.0151728,0,0.0518604,0,0,0,0.0168193,0.26408,0.408147,0,0,0,1,0,0.458625,0,0.0423551,0,0.0469785,0.172441,0.201193,0.221039,0.00300274,0
52.565333333,0.188189,0,0,0,0,0,0.0162984,0,0.0338177,0.00126234,0,0.0133438,0.152289,0,1,0,0,0.137815,0.0568764,0,0.190191,0.351543,0.415401,0.0093803
52.906666666,0.0021539,0,0.56626,0,0,0,0.0527156,0.666921,0.0540515,0,0,0,0.42046,0.125665,0.945883,0,0.119437,0.0342153,0.0237785,0.298367,0.0266443,1,0,0
53.248000000,0,0,0,0.0139977,0.0189598,0,0,0.0820851,0.0138638,0.00948877,0.0022781,0,0,0.186693,0.222143,0.018946,0.0640961,0,1,0.315298,0.0801801,0.639541,0.0878288,0
53.589333333,0,0,0.22717,0,0,0,0,0.08658,0.280318,0.0701076,0,0.0196107,0,0.105526,0.696689,0,0.239845,0.0096295,0.345016,0.0866044,0.138181,1,0,0.0137858
53.930666666,0.0251128,0,0.05556,0,0,0,0.195417,0,0.278072,0.0332869,0,0,0.0254766,0.303721,0.193544,0,0.0073537,0,1,0.00658124,0.226863,0.150109,0.0798616,0.0079344
54.272000000,0.0863971,0.134604,0,0,0,0,0.000830008,0.590833,0.287073,0.000743813,0,0,0.569873,0.132123,0,0,0.0382564,0.00327613,0.0693649,1,0.821319,0.0478776,0.00949914,0
54.613333333,0,0.0572493,0.134941,0.0129633,0,0.00871635,0,0,0,0.0737416,0,0,0,0.194961,0.160777,0.0175459,0.149033,0.0327647,0.373815,0.0296461,0,1,0.0029605,0
54.954666666,0,0,0,0,0,0,0.138277,0.559549,0.652374,0.0278199,0,0,0.109572,0.167893,0.946788,0,0.0391138,0,0.939357,0.303041,0.321583,1,0,0
55.296000000,0,0,0.0247001,0,0,0,0.00302718,0.566524,0.173101,0,0,0,0,0.00179093,0.111876,0,0,0.0458987,0.00845527,0.298445,0.085576,0,1,0
55.637333333,0,0,0,0,0,0,0.00286261,0.0642718,0.0292386,0.141393,0.134745,0,0,0.135366,0,0.00238318,0.0441736,0.108872,0.00799561,0.248584,0.164217,1,0.0833528,0
55.978666666,0,0.0200839,0.019923,0,0,0,0.126919,0.675337,0.0640219,0,0,0,0,0.186304,0.345221,0.0146954,0.0950845,0.0131039,0.051672,0.313981,0.0315592,1,0,0
56.320000000,0,0,0,0,0,0,0.00931188,0.422392,0.198325,0,0,0,0,0.0982406,0.284915,0.0100076,0,0,0.0260092,1,0.0977631,0.0667702,0,0.0700433
56.661333333,0,0,0.260194,0.0024583,0,0.00377171,0.0828776,0.129941,0.27205,0,0,0,0.0728883,0.136305,1,0.0531107,0.00530204,0.113089,0.231887,0.244833,0.134105,0.252564,0.0567922,0.056758
57.002666666,0,0,0,0,0,0,0.0121607,0.08928,0,0,0,0,0,0,0.611933,0,0,0.0538793,0.0339663,1,0,0.00190267,0,0.127695
57.344000000,0.0761885,0,0,0,0,0.161265,0.0328997,0.0766957,0,0,0,0.224183,0.0616543,0.14389,0.0796311,0,0.000802765,0.642838,0.0918928,0.456475,0,0.0360709,1,0.157594
57.685333333,0,0,0,0,0.00300266,0.249444,0,0,0,0,0,0,0.379508,0,0,0.0705859,0.00502229,1,0,0.00550114,0,0.193805,0,0
58.026666666,0,0,0,0,0.00751552,0.232392,0,0,0.00309381,0,0.00231342,0,0,0.101335,0,0,0.084844,0.993595,0,0,0.0173763,1,0.0383722,0
58.368000000,0.765853,0,0,0,0,0.0260742,0.0910661,0.103973,0.357479,0.0232729,0,0,1,0.0785999,0.0203343,0.608988,0.0965046,0.0749827,0.0815185,0.396709,0.202536,0.472297,0,0
58.709333333,0.56026,0,0,0,0,0.113448,0,0.0757068,0,0,0,0,0.721567,0.0887485,0,1,0,0.246774,0,0.446858,0.00868932,0.0392284,0.0690945,0
59.050666666,0.58768,0,0,0,0,0.113471,0,0.055168,0,0,0,0,0.767164,0.0820282,0,1,0.0219419,0.241064,0.0190583,0.499185,0.0286842,0.0012404,0.0627985,0
59.392000000,0,0,0.0425048,0,0,0,0,0.0929887,0.126617,0.923627,0,0,0.0435662,0.135379,0.127387,0.03406,0.469093,0.0526188,0,0.155706,0.0624152,1,0.138044,0.385487
59.733333333,0.00443012,0,0.004457,0,0,0.13505,0,0.0107749,0,0.53673,0,0,1,0.23737,0.0258856,0,0.478503,0.286907,0,0.260491,0,0.692681,0.0126541,0.124965
60.074666666,0,0,0,0,0,0.0511548,0,0.231367,0.00112602,0.00735896,0.687188,0,0.190141,0,1,0.0449995,0.0065868,0.155412,0.151597,0.103238,0.000555066,0.42434,0.933953,0.00616142
60.416000000,0,0,0,0,0,0.104391,0,0.0750795,0,0,0.544683,0,0,0,0.951978,0,0,0.311218,0.0702171,1,0.00210314,0.231797,0.472524,0.0825805
60.757333333,0,0,0,0,0,0.109734,0,0,0.0230252,0.0850635,0.261361,0,0,0.0122546,1,0,0,0.273748,0.107969,0.557909,0.12932,0.327437,0.486134,0.0543492
61.098666666,0,0,0.710768,0,0,0,0.239698,0.147991,0.544336,0.033065,0,0,0.112709,0.0147251,1,0.00551307,0.274903,0.00853999,0.394094,0.0887007,0.290035,0.865433,0.0335005,0
61.440000000,0,0,0.366706,0,0,0,0.0202536,0.19328,0.191311,0,0,0,0.00628715,0.0141826,0.734803,0.0091764,0,0.0209859,0.00824573,1,0.0991863,0.22495,0,0.0604832
61.781333333,0.895636,0,0,0.479543,0,0,0.0178308,0.721593,0.194769,0.00892814,0,0,0.724779,0.121931,0.0754593,1,0.369227,0.0849884,0.0166763,0.737414,0.096651,0.0811312,0.399885,0
62.122666666,0,0.00177907,0.546128,0,0,0,0,0.38591,0.0392473,0,0.92895,0,0.089883,0.00168034,1,0,0.114415,0.529918,0,0.172196,0.0477219,0.457846,0.64146,0
62.464000000,0.0208493,0.02647,0.130327,0,0,0,0.0124036,0.450556,0.124436,0.00684016,0.00066635,0,0.0262791,0.025001,1,0.0201061,0.0055332,0,0.0346447,0.759486,0.06134,0.410469,0.000697036,3.77867e-06
62.805333333,0,0,0,0,0,0,0.0446661,0.435311,0.148527,0.0065245,0,0,0,0.199642,0.0443324,0.00522658,0.125643,0,0.760796,0.203522,0.136811,1,0.068829,0
63.146666666,0,0.0185565,0,0,0,0,0.0118237,0.235394,0.0323608,0.0597206,0,0,0,0.210681,0.00294012,0.00509098,0.142331,0.0192337,0.00657387,0.122977,0.015952,1,0.0002224,0
63.488000000,0,0,0,0,0,0.117598,0.0620334,0.519024,0.0136511,0.053879,0,0,0.013372,0.0655818,1,0.0130426,0.0246804,0.249833,0.369312,0.236348,0.0488109,0.846811,0.000431281,1.82177e-05
63.829333333,0,0,0.529148,0,0,0.00186428,0.187555,0.353498,0.0723827,0,0,0,0.0719492,0,1,0.0155535,0.127295,0.027386,0.615128,0.157734,0.11882,0.441497,0.0128127,0
64.170666666,0.00307357,0,0.557516,0,0,0.000230653,0.21647,0,0,0,0,0,0.651369,0.254089,0.624482,0,0.155782,0.000490012,0.652307,0.00956488,0,1,0,0
64.512000000,0.0035349,0,0.561341,0,0,0.0132757,0.233447,0,0,0,0,0,0.78723,0.288494,0.628766,0,0.115544,0.0282037,0.929498,0.0094401,0,1,0,0
64.853333333,0.00426663,0,0.613472,0,0,0.023134,0.265599,0,0,0,0,0,0.996007,0.37127,0.687159,0,0.134315,0.0491473,1,0.0210148,0.00207752,0.761717,0.0272385,0
65.194666666,0,0,0,0,0,0,0.119997,0.751547,0.0611142,0,0,0,0,0.0161199,0.333558,0.0365391,0.0392271,0.0267424,0.0488536,1,0.0428672,0.0803862,0.148145,0.265266
65.536000000,0.0298416,0,0,0,0,0,0.266998,0.508384,0,0,0.0356435,0,0.0241488,0.000641565,0.268668,0.00500458,0.039154,0.511783,0.108701,0.675553,0,0.00261827,1,0.0891352
65.877333333,0,0,0,0,0,0.0212815,0,0.118982,0,0,0.0400137,0,0,0,0.340041,0,0,0.324243,0,1,0,0.00213427,0.960727,0.0732177
66.218666666,0,0,0,0,0,0.0682868,0,0.0911886,0,0,0.0400179,0,0,0,0.44561,0,0,0.296289,0,1,0,0.00315825,0.811088,0.0580242
66.560000000,0.141218,0,0,0,0,0.0346418,0.0154193,0.404587,0.0895746,0,0.0407044,0.0193404,0.114278,0.170365,0.198182,0.0573909,0.134661,0.270789,0.00645468,0.664049,0.0948701,0,1,0.0629595
66.901333333,0.110946,0.00711598,0,0,0,0,0.26945,0.789042,0,0,0,0,0.0981501,0.00939992,0.772133,0.0456897,0.00970314,0.135167,0.1097,1,0.114638,0.179468,0.0150816,0.231953
67.242666666,0,0.0373623,0.0195688,0,0,0,0.120237,0.567887,0,0,0,0.00993644,0,0.0352888,0.473925,0.00370543,0,0.00459394,0.0489513,1,0.00537549,0.00344717,0,0.176938
67.584000000,0.180875,0,0,0,0,0,0,0.688058,0.166496,0,0.0426154,0,0.157157,0,1,0.00302165,0,0,0.146243,0.80205,0.109204,0.378944,0.707725,0.116551
67.925333333,0,0,0,0,0,0,0,0.0640506,0,0,0.0256718,0,0,0,0.558294,0,0,0.177835,0,0.584694,0.00229075,0.000683068,1,0.0223065
68.266666666,0.2767,0,0.0477983,0,0,0,0,0.128424,0,0,0.0334966,0,0.223915,0,1,0,0.0133799,0.0956928,0.11348,0.745255,0.000260213,0.371206,0.792421,0.0394142
68.608000000,0,0,0,0,0,0,0.0236466,0.686231,0.0144671,0.0129487,0.59532,0,0.275979,0.00673024,0.394221,0.0226172,0,0.186095,0.0164998,0.522631,0.0571601,0.261904,1,0.0416762
68.949333333,0,0,0,0.00759237,0,0,0.00118059,0.0497433,0.00031649,0,0.645995,0,0.0935868,0,0.873426,0.0102763,0,0.112812,0.0283586,1,0.00177755,0.267714,0.799018,0.0241519
69.290666666,0,0,0,0,0,0,0.0158385,0.12861,0,0,0.463214,0,0.0200852,0,0.185279,0.0188056,0.00850198,0.349109,0.0442387,0.399724,0.0266786,0.00342316,1,0
69.632000000,0,0,0,0,0,0,0.00368314,0.204873,0.00520459,0,0.413028,0,0,0,0.148533,0,9.2378e-05,0.266795,0.0119273,0.769341,0.0352022,0.000808435,1,0
69.973333333,0,0,0,0,0,0,0,0.823597,0.391003,0.00991031,0.0345464,0,0,0.26188,0.977423,0,0,0.203498,0.0703405,1,0.195104,0.607621,0.641585,0
70.314666666,0,0,0,0,0,0,0,0.00613605,0,0.70925,0.00694441,0,0.00529236,0.267244,0,0.000150863,0.23314,0,0.821665,0.0178607,0,1,0.124309,0.0273654
70.656000000,0.00359941,0,0.0133318,0,0,0,0,0,0.0322836,0.641117,0.000772999,0,1,0.13203,0.0149332,0.0019132,0.35341,0.0533101,0.637386,0.116904,0.037299,0.912623,0.0558997,0
70.997333333,0,0,0,0,0,0,0,0.00783531,0,0.491747,0,0,0,0.12682,0,0,0.317029,0,0.277078,0.0325561,0,1,0,0
71.338666666,0.00364067,0,0,0,0,0,0.00918584,0.0656508,0.0270534,0.388417,0,0,0.954067,0.0952086,0.032392,0,0.0980471,0,0.754213,0.35461,0.0133358,1,0.00125828,0
71.680000000,0.00323059,0,0.629974,0,0,0,0.0680052,0.462644,0.176414,0,0,0,1,0,0.88356,6.81532e-05,0.143793,0.0246078,0.698403,0.217145,0.087375,0.835268,0.00106777,0
72.021333333,0.000970201,0,0.543311,0,0,0,0.0119584,0.044251,0.00784152,0,0,0,0.595131,0.0900902,0.809333,0,0.0172714,0.00275956,1,0.169973,0.0440415,0.491309,0.00174412,0
72.362666666,0,0,0.371091,0,0,0,0.0298683,0.36438,0.0497821,0.0646695,0,0,0.00722506,0.201249,0.415664,0.00959111,0.405111,0.0017337,0.35012,0.185915,0.0245397,1,0.000416924,0
72.704000000,0,0.000580311,0.522501,0,0,0,0.0136581,0.0537902,0,0.0627543,0,0,0.0164295,0.200678,0.72503,0,0.167197,0,0.96766,0.206614,0,1,0.00048644,4.57951e-06
73.045333333,0.0028031,0.00629007,0.462823,0,0,0,0.0397541,0.409774,0.019398,0.0407463,0,0,1,0.0365627,0.569593,0,0.0964864,0,0.605874,0.31489,0.00956213,0.772508,0.00121634,0
73.386666666,0,0.0840676,0.142033,0,0,0,0.0667802,0.584699,0,0,0,0,0,0.0828785,0.54625,0,0.00773664,0.0521206,0.0271878,1,0,0,0.0579606,0.134495
73.728000000,0.220692,0,0.0264252,0,0,0,0.0852417,1,0,0.000779905,0.0285056,0.00124569,0.232079,0,0.996087,0.00186323,0,0.425561,0.034704,0.794177,0.0378659,0.445602,0.473837,0.0959327
74.069333333,0.171058,0,0,0,0,0,0.0694468,0.269457,0.0685441,0,0.0290176,0,0.138426,0,0.148708,0,0.00225056,0.279974,0.0282735,0.20961,0.0357205,0,1,0
74.410666666,0.0721164,0,0,0.0156253,0,0,0.0509816,0.756089,0.0502611,0,0.035688,0,0.08554,0,1,0.0211489,0,0.138559,0.0612608,0.826881,0.0255043,0.375849,0.613211,0
74.752000000,0,0,0,0,0,0,0,0.406136,0.192812,0.11913,0.666685,0,0,0.0580637,1,0,0,0.297463,0,0.694562,0.0951181,0.623285,0.924886,0.00121468
75.093333333,0,0,0,0,0,0,0.00278568,0.0644145,0.00327116,0,0.680958,0,0.0378838,0,0.852061,0,0,0.119219,0.0341029,1,0.0183723,0.293102,0.569981,0
75.434666666,0,0,0,0,0,0,0.00146895,0.103481,0,0,0.487992,0,0.0138165,0,0.132779,0,0.0096427,0.375752,0.00463386,0.347471,0.016168,0.000302666,1,0
75.776000000,0,0,0.0111827,0,0,0,0.0180195,0.300579,0.00706088,0,0.49465,0,0,0,0.36002,0.016053,0,0.342971,0.0503306,1,0.00981983,0,0.828296,0
76.117333333,0.0535,0,0,0,0,0,0,0.379093,1,0,0,0,0.547238,0.0133273,0.0174256,0.532531,0.0263922,0.0319105,0.114027,0.444062,0.563501,0.233949,0.268963,0.0336737
76.458666666,0,0,0,0,0,0,0.010116,0.00672268,0.0087195,0.652966,0.00121265,0,0.00088288,0.311192,0,0,0.272632,0,1,0.0319604,0.00429822,0.552774,0.102964,0
76.800000000,0.00132701,0,0,0,0,0,0,0.000304282,0.00505616,0.482353,0.00384076,0,0.51527,0.119604,0.0018749,0.00139435,0.309342,0.0259663,0.314243,0.044276,0.0283977,1,0.00401286,0
77.141333333,0,0,0.01522,0,0,0,0.00873963,0.038923,0.00338204,0.444845,0,0,0,0.155938,0.0170482,0,0.316978,0,0.18151,0.152229,0.00166715,1,0,7.04173e-05
77.482666666,0.00359739,0,0.0526997,0,0,0,0.0249093,0.308643,0.132125,0.098226,0.107152,0,1,0.026371,0.065204,0,0.0393099,0.00156128,0.580644,0.284458,0.0651299,0.656753,0.0666489,0
77.824000000,0.00191036,0,0.658624,0,0,0,0.0481354,0.100617,0.0201365,0.807766,0.00116066,0,0.781479,0.00749613,0.758157,0,0.289897,0.0243476,0.679045,0.0448962,0.0519454,1,0.0204909,0
78.165333333,0.00317317,0,0.499377,0,0,0,0,0.0182036,0.0956815,0.426151,0,0,1,0.0522255,0.611452,0,0,0,0.99866,0.0942082,0.14357,0.479497,0.0242277,0
78.506666666,0,0,0.39903,0,0,0,0.00965635,0,0,0.463013,0,0,0,0.206482,0.464418,0.00662429,0.402802,0,0.205833,0.0113413,0,1,0.000650222,0
78.848000000,0.00335902,0,0.363517,0,0,0,0.00136397,0.0422862,0.0129805,0.578315,0,5.83908e-05,0.939617,0.0797141,0.423433,0,0.225787,0,1,0.162825,0.00639866,0.895574,0.00175652,0.00232964
79.189333333,0.00130213,0,0.22807,0,0,0,0,0,0.187726,0.35801,0,0,0.582749,0.121069,0.2576,0.00963195,0.193239,0.00224058,0.318021,0.0665606,0.0925383,1,0,0
79.530666666,0.358858,0,0,0,0,0,0.257537,0.844881,0,0,0,0,0.2904,0.0110734,0.884106,0,0.0534492,0.159623,0.104849,1,0.0754745,0.050048,0.146291,0.228344
79.872000000,0,0,0,0,0,0,0.230932,0.77221,0,0.0248614,0,0,0.0205493,0.00438508,0.512221,1,0.0379319,0.100937,0.0940179,0.711238,0.00102096,0.627625,0,0.162687
80.213333333,0.120626,0,0,0,0,0,0.271414,0.317895,0.137583,0.106579,0,0,0.126146,0,1,0.333078,0.0405751,0,0.187757,0.456007,0.0691293,0.461319,0,0.0406276
80.554666666,0.0203707,0,0.0760275,0,0,0,0.116397,0.00507054,0.232139,0.103028,0.0275821,0,0.0256357,0,1,0,0.0392673,0,0.141255,0.00226252,0.115558,0.306205,0.633377,0
80.896000000,0,0,0,0,0,0,0.00360482,0.193911,0.269635,0,0,0,0,0.0158063,0.597181,0,0,0.0317882,0.0100687,1,0.132915,0.0659246,0.00128507,0.194138
81.237333333,0,0.0132326,0,0,0,0,6.29704e-05,0.36387,0.371579,0.0216701,0,0,0.103388,0.0124983,0.943854,0.0566233,0.0411197,0,0.0121419,1,0.184469,0.385858,0,0.0655722
81.578666666,0,0,0.0164693,0.00707712,0,0,0,0.739753,0.40657,0,0,0,0.147071,0,0.19829,1,0.0410987,0,0.0173982,0.757114,0.201924,0.563424,0,0
81.920000000,0,0,0.127498,0,0.00618437,0,0.037321,0.421443,0.293354,0.00253646,0,0,0.0149718,0,1,0,0.0429821,0,0.240576,0.279925,0.213782,0.465499,0,0
82.261333333,0,0,0,0,0,0,0.000787309,0.0380272,0.359835,0.115386,0.00172735,0,0,0.220417,0.480937,0,0.0246107,0.345368,0.00221456,0.121669,0.177378,1,0.0335393,0.0766722
82.602666666,0,0,0,0.0298464,0,0,0.103589,0.547354,0.0542295,0.072069,0,0,0.00519493,0.204335,0.509098,0.0403973,0.0352408,0.0757114,0.0611283,0.275592,0.0267321,1,9.02553e-05,0.0429663
82.944000000,0,0,0.00946102,0,0,0,0.0201814,0.0976916,0.372567,0.0171595,0.000449138,0,0.0166082,0.0403914,1,0,0.0425789,0,0.249779,0.17513,0.184044,0.618439,0.00771775,0
83.285333333,0.00353954,0,0.00968261,0,0,0,0.0211415,0.104088,0.387588,0,0,0,1,0,0.120879,0,0.146681,0,0.0609672,0.179462,0.191863,0.386231,0.0147563,0
83.626666666,0.00014126,0,0,0,0,0,0,0.0389085,0.274447,0.0994895,0,0,0.117981,0.160429,0.703507,0.000599135,0.118606,0.00202311,0.010261,0.0279256,0.135287,1,0.00061558,0.03269
83.968000000,0,0,0,0,0,0,0.198285,0,0,0,0.00127125,0,0.0632959,0.34671,0.36515,0,0.00816311,0,1,0,0.117549,0.0153014,0.0708997,0.0477248
84.309333333,0,0,0,0,0,0.00359503,0.232051,0.433452,0.0132085,0.126395,0,0,0.0262908,0.100877,1,0.0038175,0.0353328,0.00763749,0.857453,0.19341,0.00706836,0.488972,2.42336e-05,0
84.650666666,0.10238,0,0,0,0,0.0182843,0.441954,0.26095,0.0564764,0.00358523,0,0,0.78394,0,1,0,0.0695469,0.0388442,0.65876,0.124989,0.0916308,0.450167,0.000112489,0
84.992000000,0.00277882,0,0,0,0,0,0.166426,0.178833,0.23507,0.043306,0.00411455,0,0.810268,0,0.360341,0,0.0499468,0,0.0769547,0.079797,0.117138,1,0.00254319,0
85.333333333,0,0,0,0,0,0,0.00520509,0.145655,0.296257,0.0121335,0,0,0.0110585,0.0132398,0.300239,0,0,0.0617503,0.019524,1,0.148181,0.0524526,0.000421923,0.204204
85.674666666,0.0912111,0,0,0,0,0,0.036067,0.595447,0.197542,0,0,0,0.198917,0,0.83815,0,0.0327782,0.024669,0.0272695,1,0.0987116,0.204969,1.62297e-05,0.168905
86.016000000,0.00344614,0,0,0,0,0,0.00136786,0.464061,0.190997,0,0,0,1,0,0.0989208,0,0.187803,0,0.0159934,0.746203,0.0946449,0.450545,0.0108123,0.0385265
86.357333333,0,0,0,0,0,0,0.0260611,0.505512,0.151023,0,0.0473891,0,0.0351277,0,0.523659,0,0.0314322,0.38599,0.0243348,0.478274,0.109203,0.318345,1,0.0291037
86.698666666,0,0,0.0349855,0.285664,0.0010753,0,0,0.640036,0.0870975,0,0,0,0,0.121677,0.469065,0.408454,0.0179439,0.0723175,0.0160846,1,0.0429341,0.343166,0,0.168338
87.040000000,0,0,0,0.513974,0,0,0,0.0352487,0.00326161,0,0.0249768,0.000646522,0.0409127,0.0560025,0.3005,1,0.0381596,0,0.00368396,0.427116,0.0183187,0.14775,0.602796,0.0257946
87.381333333,0.00308587,0,0,0.246755,0,0,0.00770199,0.267083,0.143202,0.000240606,0,0,1,0,0.183196,0.333984,0.109836,0,0.0041945,0.244734,0.0705907,0.273191,0.000831824,0
87.722666666,0,0,0,0.357934,0,0,0,0.134258,0.327619,0.00136547,0.0520348,0,0.140629,0,1,0.490274,0,0.647053,0.000661779,0.0599071,0.271552,0.312138,0.876221,0
88.064000000,0,0,0.0712102,0.00783419,0,0,0.00767323,0.437987,0.267718,0,0.028238,0,0.0806891,0.0343914,0.846734,0.0370763,0.0321154,0.581185,0.0214323,1,0.154032,0.250779,0.501772,0
88.405333333,0,0,0.476984,0,0,0,0.00212317,0.379275,0.132815,0,0.0101869,0,0.107967,0,1,0,0.0234578,0,0.321219,0.169236,0.106761,0.37097,0.168639,0
88.746666666,0,0,0.391085,0,0,0,0.00299947,0.391827,0.137137,0.0146853,0.00238082,0,0.0180779,0,1,0,0.0253645,0.0162481,0.176825,0.174837,0.0901838,0.481064,0.0394134,0
89.088000000,0,0,0.38132,0,0,0,0,0.0169779,0,0,0.0427099,0,0.00300659,0,1,0,0.0349612,0.351309,0.00381674,0.0659765,0.0281867,0.199558,0.877352,0
89.429333333,0,0,0.415926,0,0,0,0,0.330567,0.0419221,0.0755072,0,0,0.0202124,0,0.854552,0.00251001,0.379175,0.00203105,0.00530288,0.170126,0.0206652,1,0.00239693,0
89.770666666,0,0,0.143519,0,0,0,0.289258,0.365686,0.290342,0,0.019848,0,0.00748,0.152421,1,0,0,0.0136848,0.884087,0.184278,0.153571,0.299499,0.0460677,8.05683e-07
90.112000000,0,0,0.41612,0,0,0,0.0159888,0.017792,0.032445,0,0.00314564,0.000379709,0.0291078,0,1,0.00774889,0.027315,0,0.261286,0.0688897,0.210303,0.240441,0.0568746,0.0151494
90.453333333,0,0,0.362147,0,0,0,0,0.282627,0.114175,0,0.0386108,0,0.0282525,0,0.680932,0.00484106,0.00147396,0.415927,0.00462922,0.126251,0.0649832,0.163315,1,0
90.794666666,0,0,0.371934,0,0,0,0,0.327493,0.0419613,0.0681801,0,0,0.00868217,0.0373733,0.594583,0.00173388,0.35806,0,0,0.179816,0.0206845,1,0.000337996,0
91.136000000,0,0,0.203451,0,0,0,0.491915,0.126605,0.300113,0.0224535,0,0,0.00799003,0.510159,0.844043,0,0.143803,0,1,0.0564922,0.263859,0.359904,0.20982,0
91.477333333,0,0,0,0,0,0,0.10607,0.832545,0.0295468,0,0,0,0,0,0.792362,0.000575079,0.00978502,0.0894936,0.048957,1,0.084435,0.0853793,0.12138,0.163909
91.818666666,0,0.0583244,0,0,0,0,0.199642,0.446962,0.0333597,0,0,0,0.00253129,0.0659983,0.416132,0,0,0.11226,0.0852473,1,0.024838,0.0497532,0.0391823,0.226967
92.160000000,0.0689921,0,0,0,0,0,0.254251,0.581751,0.47149,0,0,0.0534219,0.0558308,0.433421,0.745615,0,0.0803166,0,1,0.548318,0.237466,0.00634144,0.46311,0.0375541
92.501333333,0.000276469,0,0,0,0,0,0.00637432,0.137118,0,0.289456,0.0471124,0,0.0539692,0.0733921,0.332893,0.00577801,0.00494347,0.0809999,0.0269213,1,0,0.253668,0.0949144,0.074031
92.842666666,0.159701,0,0,0.0341408,0,0,0.160004,0.77313,0.0213442,0,0,0,0.129236,0,0.779726,0.0462098,0,0.0240355,0.127466,0.616743,0.0105215,0.299769,1,0
93.184000000,0,0,0,0,0.0710147,0.22699,0.112845,0.0571637,0.31155,0,0,0.00396823,0.201689,0,0.0137551,0.00844489,0.184863,1,0.0652185,0.075199,0.153576,0.31166,0.00657373,0.234451
93.525333333,0,0,0,0,0.00864609,0.259034,0,0,0,0,0,0,0.500004,0.0575467,0,0.00847851,0.0408049,1,0,0.153708,0,0.826097,0.00122245,0
93.866666666,0,0,0.6227,0.0466346,0,0,0.0449992,0.564024,0.0122927,0.0092398,0.0424313,0,0.127403,0,1,0.128371,0.109107,0.030319,0.258166,0.330703,0.0885371,0.512585,0.0728651,0
94.208000000,0,0,0,0.432986,0,0,0.00568587,0.0219925,0.0295333,0.00452532,0,0,0,0.0328586,0.137039,1,0,0.122609,0.0192124,0.864974,0.165872,0.0441988,0.218023,0.0934233
94.549333333,0,0.721032,0,0,0,0,0.163539,0.442478,0.520743,0,0,0,0,1,0.107913,0.162772,0,0.773974,0.0672377,0.490889,0.862923,0.0244383,0,0.0630813
94.890666666,0,0,0.577371,0,0,0,0.00580807,0.474317,0.260687,0,0,0,0.00235541,0.240327,0.933108,0,0.0549692,0.0150504,1,0.287445,0.128504,0.518462,0.149425,0
95.232000000,0,0,0,0.0709695,0,0.0111396,0.0125721,0.428434,0.10409,0.00359051,0.0306012,0.732176,0.00636343,0.316098,0.0798617,0.211315,0.0388324,0.0307063,0.249871,0.228608,0.195443,1,0.0274743,0.721619
95.573333333,0.627061,0,0,0,0,0.0707398,0,0.343476,0.151556,0.0128342,0,0,1,0.00233645,0.245408,0.227953,0.0197869,0.174747,0,0.628559,0.0774189,0.115233,0,0.0364716
95.914666666,0.347556,0,0,0,0,0,0.0240845,0.519084,0.100917,2.15917e-05,0.00175992,0.115746,0.607206,0.00138313,0.199243,0.746657,0,0.00250127,0.0098054,1,0.0497464,0.00495237,0.133577,0.176311
96.256000000,0,0,0,0.0576559,0.017697,0.0653409,0,0.607705,0,0.921611,0.590417,0,0.184171,0.277987,0.380321,0.0780376,0.68114,0.693142,0,0.281133,0.0821418,1,0.770129,0.128942
96.597333333,0,0,0,0.0151281,0,0.113283,0,0.108066,0,0.00736433,0.636425,0,0.0549701,0,1,0.0204759,0,0.279306,0.0912233,0.127409,0,0.275187,0.667468,2.63575e-06
96.938666666,0.059883,0,0.021689,0,0,0,0,0.24138,1,0.000555209,0,0,0.579015,0.0553847,0.204184,0.628575,0.0348062,0,0.0611085,0.289673,0.609067,0.150229,0.334111,0.0302671
97.280000000,0,0,0,0,0.018689,0.000672002,0,0.0919304,0,0.741491,0.00281205,0,0,0.236777,0.00183453,0.00546505,0.518841,0.0292729,0.016922,0.0829336,0.000152796,1,0.143297,0.165402
97.621333333,0,0,0,0,0,0,0,0.0667069,0.0113679,0.735418,0,0.000633813,0,0.309231,0,0,0.305026,0,1,0.277403,0.00696137,0.525463,0.151583,0.04662
97.962666666,0.0327062,0,0.0383453,0,0,0,0.155898,0.562961,0.234983,0,0.00850105,0,0.24009,0,0.282709,0,0.180411,0.00211507,0.0635566,0.386435,0.115834,1,0.140731,0
98.304000000,0,0,0,0,0,0,0.0754318,0.65613,0.00288748,0,0.0169051,0,0,0.000662819,0.500301,0,0,0.00495127,0.0307101,1,0.00142336,0.125506,0.287396,0.125548
98.645333333,0,0,0,0,0,0,0.0047967,0.494673,0.349166,0,0,0,0.0348823,0,1,0.0024543,0,0.0076969,0.0345839,0.668652,0.185021,0.357504,0,0
98.986666666,0,0.0130343,0,0,0,0.120257,0.00872944,0.273102,0.226959,0.00318912,0,0,0,0.0308865,0,1,0.0114591,0.255481,0.00355397,0.254206,0.111878,0.0926307,0.285609,0.0354064
99.328000000,0,0.0313349,0.00990062,0,0,0.123812,0.0172506,0.349275,0.0988696,0.034395,0,0,0,1,0.376643,0,0.0103453,0.413085,0.0614589,0.169964,0.163049,0.312681,0.000819673,0
99.669333333,0.0766331,0,0,0,0,0,0.0566763,0.952727,0.0306829,0,0.00655555,0,0.0727934,0,1,0.00133068,0.0245952,0.0870924,0.0424887,0.761216,0.104426,0.246758,0.109119,0.133446
100.010666666,0.0425,0,0.0278257,0.0030815,0,0,0.08005,0.464048,0,0.0034749,0.044724,0,0.0880101,0,0.508695,0.00417083,0.0353436,0.196395,0.0753131,0.214575,0.0135717,0.0348206,1,0.00886898
100.352000000,0,0,0.0168805,0,0,0,0.0168615,0.165719,0,0,0.712786,0,0.0275247,0.0254357,0.194171,1,0,0.108234,0.0470963,0.787432,0.00236121,0.0972111,0.872065,0
100.693333333,0,0,0,0,0,0,0.0540424,0.0602111,0,0.0979427,0.596344,0,0.072272,0,1,0.00747914,0.0222412,0.352386,0.168077,0.623988,0,0.616124,0.424589,0.019932
101.034666666,0,0,0,0,0.000501507,0.00387319,0,0.0616985,0.191686,0.629974,0,0,0,0.666405,0.496657,0,0.0347459,0.35191,0.012853,0.0275304,0.157539,1,0.118342,0.0737809
101.376000000,0.000653785,0,0,0.0950944,0.0116756,0,0.00132132,0.078131,0,0.724269,0,0.000476315,0.7247,0.00130269,0.871835,0.128711,0.210467,0.00263719,0.0253058,0.387459,0,1,0.00864095,0.0703907
101.717333333,0.0461886,0.0288979,0.03644,0.0206799,0,0,0.0785263,0.318094,0.183769,0.111377,0,0,0.94675,0.0302543,0.0438358,0.0279904,0.236694,0.0048575,0.0618162,0.161497,0.0905878,1,0.00266638,0
102.058666666,0,0.149666,0,0,0,0,0.0574015,0.389451,0.00974206,0.0629759,0,0,1,0.14136,0.0227108,0.257276,0.0291328,0,0.0233696,0.302105,0.00480229,0.66748,0.0100511,0
102.400000000,0.0760962,0.0994686,0,0,0,0,0.00253447,0.16559,0,0,0,0,0.0615796,0.11246,0.37676,0.0265054,0,0.170874,0.0184663,1,0.00279472,0.11149,0.00129722,0.1626
102.741333333,0,0,0,0,0,0,0,0.166511,0,0,0,0,0,0.15896,0.305075,0.0894768,0,0.0853456,0,0.799861,0.0113845,0,1,0
103.082666666,0,0,0,0,0,0,0.245732,0.013913,0.396373,0.172346,0,0,0,0.196699,0.621714,0,0.0188199,0,1,0.0212262,0.195389,0.886925,0.411262,0
103.424000000,2.69376e-05,0,0,0,0,0,0.160917,0,0,0,0,0,0.00525846,0.340582,0,0.0561865,0,0.100868,0.500902,0.00402896,0,1,0.000624812,4.49527e-06
103.765333333,0.0277476,0.0415158,0,0,0,0.0160613,0.125378,0.0442949,0,0,0,0,1,0.0916768,0,0,0.0318769,0.0341217,0.350196,0.306362,0,0.693662,0.000357796,0
104.106666666,0.0175348,0,0,0,0,0,0.013905,0.203847,0.319803,0.00140112,0,0,0.0141897,0.0138922,0.221189,0,0,0.0720394,0.0388383,0.532677,0.157645,0.0335468,1,0
104.448000000,0,0.0281894,0.0885439,0,0.0558363,0.0346402,0.034551,0.207646,0.667903,0,0,0,0.494891,0.347846,0.347594,0.0145766,0.0193329,0.125138,0.41504,0.43665,0.344246,1,0.390118,0
104.789333333,0,0,0,0,0,0,0.00168559,0.144653,0,0,0,0,0,0.105071,0.224063,0.00216615,0,0.11985,0.00470806,0.75107,0.0061424,0,1,0.0429227
105.130666666,0,0,0,0,0,0,0.149641,0.680785,0.300546,0.00147179,0,0,0,0,0.675257,0,0,0.0394524,0.0951475,0.950532,0.148152,0.170213,1,0
105.472000000,0,0,0,0,0,0.230569,0,0.269121,0.0652438,0.00192087,0,0,0.0801359,0.0216188,0,0.0143198,0.0292606,1,0,0.128829,0.0321615,0.710852,0,0
105.813333333,0,0,0,0,0.00274524,0.236143,0,0,0,0,0.00400688,0,0.424039,0.0120297,0,0,0.0267739,1,0,0.1161,0,0.748597,0.0675721,0
106.154666666,0,0,0,0.475786,0,0,0,0.346717,0.272466,0.00428066,0.00458147,0,0.0236583,0.08967,0,1,0.0314705,0.148215,0.00323514,0.636954,0.134311,0.0522282,0.549248,0
106.496000000,0,0,0,0.409393,0,0,0,0.0263756,0.00107164,0,0,0,0.080391,0.0781124,0.0723942,1,0,0.146182,0,0.822406,0.00928953,0,0.359575,0
106.837333333,0,0,0.503439,0,0,0,0,0.288705,0.226537,0.0187138,0.00196289,0,0.0798553,0,1,0,0.134952,0.00351208,0.241277,0.131358,0.208257,0.55817,0.0238502,0
107.178666666,0,0,0.490113,0,0,0,0.00396972,0.0375855,0.00365265,0.0125439,0,0,0.0580315,0.0451861,1,0,0.0363852,0,0.898795,0.14437,0.0220103,0.402733,0.00149055,0
107.520000000,0,0.0366547,0,0,0,0,0.201244,0.240304,0.207777,0,0.0840199,0,0,0.371028,0.291838,0.0734257,0.053058,0,0.443186,0.129401,0.102423,1,0.0531703,0.00142645
107.861333333,9.99543e-05,0,0,0,0,0.00533069,0.131294,0,0,0,0.000870419,0,0.019512,0.327429,0.0485097,0.119633,0.00392412,0.140687,0.366719,0.00700748,0,1,0.0144094,2.27344e-05
108.202666666,9.39899e-05,0,0,0,0,0.0027743,0.198078,0,0,0,0,0,0.0183477,0.407113,0.0453979,0,0.0020611,0.024544,0.629824,0.00862991,0,1,0,1.46751e-05
108.544000000,0,0,0,0,0,0,0.236762,0.0453601,0.355743,0.0116294,0,0.000578814,1,0.121924,0,0,0.0349372,0,0.781004,0.177311,0.175361,0.883462,0.00165458,0.0230932
108.885333333,0,0,0,0,0,0.0152213,0.147266,0.0416656,0.341934,0,0,0,0.0733162,0.354378,0,0,0.0174392,0.299883,0.411331,0.0440709,0.168554,1,0.0025018,5.21265e-05
109.226666666,0,0.026306,0,0,0,0,0.0567538,0.227835,0.252887,0,0.00340175,0,0,0.0806843,0.394988,0,0,0.128227,0.0263347,0.564835,0.132692,0.0290449,1,0
109.568000000,0,0,0,0,0,0,0.00208114,0.152755,0,0,0.0132978,0,0,0.0108191,0.373239,0,0,0.0617171,0.00581288,0.598774,0.00747279,0,1,0
109.909333333,0,0,0.0234032,0,0,0,0.018822,0.925287,0.429781,0,0,0,0.00232649,0.0307035,1,0.00549199,0,0,0.0364368,0.940293,0.211857,0.47083,0.872675,0
110.250666666,0.00343412,0,0,0,0,0,0.0453922,0.690773,0.410459,0,0,0,0.67966,0.141916,0.416493,0,0.128361,0.0205315,0.126786,0.583168,0.202333,1,0.808706,0
110.592000000,0.00052649,0.0580657,0,0,0,0,0.13047,0.514738,0.17464,0.0140981,0.000729491,0.00526273,0.165721,0.136908,0.095272,0,0,0.0528019,0.0552358,0.22968,0.0860878,1,0.0545087,0.209969
110.933333333,0,0,0,0,0,0,0.002122,0.00337021,0.00244749,0.0793692,0.000517484,0,0,0.151484,0.0010628,0,0.00490176,0.1056,0.52724,0.0411532,0.0137462,1,0.1363,0
111.274666666,0,0,0,0,0,0,0.0158549,0.0683651,0,0,0.0451924,0,0,0.101456,0.119044,0.0619002,0.0675172,0.00972561,0.0442847,1,0,0.0142559,0.842078,0.0806149
111.616000000,0,0,0,0,0,0,0.000267965,0.152064,0.33143,0.234746,0.0137177,0.0109554,0,0.0246919,0.0306534,0.0408182,0.0328388,0.136179,0.000748458,0.270586,0.1713,0.128954,1,0.00770134
111.957333333,0,0,0,0,0,0,0.0502039,0.782185,0.255879,0,0.0016652,0,0,0,0.943841,0.0597539,0,0.0569161,0.068369,0.416386,0.126134,0.158564,1,0
112.298666666,0,0,0,0,0,0,0.00861064,0.0709469,0.506982,0.196862,0,0,0,0.440318,1,0,0.00374021,0.100466,0.0555912,0.272515,0.336611,0.570852,0.000196877,0
112.640000000,0,0,0,0,0,0,0,0,0,0,0,0,0.0101116,0,1,0,0.0167419,0,0.112267,0.0348972,0,0.255404,0.167239,0.0155908
112.981333333,0.0821845,0,0,0,0,0,0.323605,0.502872,0.149541,0,0,0,0.101414,0.00106396,1,0.00934587,0.0310346,0.0289108,0.235433,0.8109,0.0738427,0.481961,0.0262313,0.157992
113.322666666,0,0,0.0196952,0,0,0,0.209175,0.533644,0.267569,0,0,0,0,0,0.763995,0,0,0.0447787,0.107815,0.531161,0.2489,0.00196463,1,0
113.664000000,0.0580674,0,0,0,0,0,0.131278,0.674824,0.380307,0,0,0,0.0469901,0.00292008,0.341013,0.955062,0.0102765,0,0.0534466,0.678992,0.18747,0,1,0
114.005333333,0,0,0,0,0,0.0191914,0.0491652,0.714296,0.0897503,0,0,0,0.00173408,0,1,0,0.031465,0.0407714,0.102693,0.66308,0.119793,0.308505,0.496631,0.000353405
114.346666666,0,0.00139806,0.451621,0.00783542,0,0,0.0409639,0.690825,0.0191264,0,0,0,1,0.00132047,0.505867,0.0106053,0.0483075,0.0163641,0.0478311,0.373103,0.00942823,0.120206,0.00246542,0
114.688000000,0,0.0305399,0.22873,0,0,0,0.00195131,0.0597798,0.00508839,0.0310461,0.00089229,0,0.0380527,0.127131,0.256204,0.0537844,0.230531,0.020002,0.00607814,0.297887,0.0285787,1,0.0147714,0
115.029333333,0,0.1937,0,0,0,0,0,0.063117,0,0.377207,0.0710218,0,0.00421024,0.384528,0,0,0.0420835,8.36401e-05,1,0.246615,0.00161762,0.715581,0.0438984,0.0496235
115.370666666,0.00297266,0,0,0,0,0,0.0458163,0.212897,0.255667,0,0,0.0117297,1,0,0.0547442,0,0.141966,0.0399223,0.606336,0.157424,0.224704,0.125138,0.000513824,0.00824568
115.712000000,0,0.0233445,0.446113,0.0393101,0,0,0.162776,0.582832,0,0.056922,0,0,1,0.022049,0.499698,0.0532064,0.0656622,0.0367817,0.826689,0.260064,0,0.539338,0.00227619,0
116.053333333,0.00056885,0,0,0,0.0746931,0,0.0482455,0.0706089,0,0,0,0,0.113218,0.0880484,0,0.0845129,0.24092,0.0265441,0.152626,0.277824,0,1,0,0
116.394666666,0,0,0,0,0,0,0,0.00286329,0.00186907,0.0692337,3.68695e-05,0,0,0.181179,0.0353277,0,0.255906,0,0.585144,0.0386503,0.0160112,1,0.0605162,0
116.736000000,0,0.159624,0,0,0,0,0,0.508701,0.0609212,0.0552113,0,0.0249788,0,0.228578,0.82276,0,0.00231415,0,0.778946,0.226987,0.0300307,1,0,0.0175594
117.077333333,0.00330611,0,0.0413351,0,0,0,0.103456,0.172386,0.283102,0,0.0351456,0.0131177,1,0,0.0463001,0.0555401,0.0365279,0.311846,0.0436091,0.497637,0.139553,0.0283387,0.022207,0.00922142
117.418666666,0,0,0.00383246,0,0,0,0.0571262,0.832784,0.0288567,0,0,0,0.0513971,0,0.208704,0.0430768,0.0328823,0.106117,0.0342266,0.513877,0.0154436,0,1,0
117.760000000,0,0,0,0,0,0.00338043,0.0169721,0.0952302,0.0117041,0.00127878,0,0,0.00924203,0,0.222117,0,0.000870513,0.0855949,0.047405,1,0.0657357,0.0126764,0.402819,0.0541124
118.101333333,0,0,0,0,0,0,0.00351792,0.182705,0.288269,0.0601447,0.035269,0,0.020315,0.0391402,0.15073,0,0.0168247,0.341341,0.00982597,0.24672,0.1421,0.0651402,1,0
118.442666666,0,0,0,0,0,0,0.147647,0.544242,0.205592,0,0.010998,0,0.0302071,0,1,0.059436,0.0216465,0.0640287,0.0959271,0.632567,0.101755,0.438871,0.183145,0
118.784000000,0,0,0.0564286,0,0,0,0.0952649,0.73117,0.0310404,0,0,0,0,0,0.442332,0.0414569,0,0,0.0532337,0.349825,0.0207742,0,1,0
119.125333333,0,0,0,0,0,0,0.295777,0.304516,0.12369,0,0,0,0,0,0.504319,0,0,0.13903,0.120418,0.300148,0.215915,0.00273773,1,0
119.466666666,0,0,0,0.0129609,0,0,0.00682147,0.208982,0.00201654,0,0,0,0.901987,0.00781016,1,0.0175427,0.043912,0.00211648,0.0190532,0.802722,0.0113258,0.570885,0.476692,0
119.808000000,0.0456997,0.0436343,0,0,0,0,0.0734198,0.792171,0.111045,0,0,0,1,0.0412127,0.223447,0,0.0338353,0,0.029891,0.632788,0.0547387,0.317681,0.00250164,0
120.149333333,0.236537,0,0,0,0,0,0.0495348,0.670654,0.0281853,0.00712236,0,0,0.191414,0,0.931416,0,0,0.132241,0.03525,0.299251,0.0138938,0.266955,1,0
120.490666666,0.00210786,0,0.520123,0,0,0,0.00130985,0.732109,0.022822,0.00030261,0,0,0.411474,0.114413,0.822361,0.0529354,0.0551039,0.083173,0.0170577,0.344625,0.01125,1,0.000720943,0
120.832000000,0,0.225063,0.0618973,0,0,0,0,0.00503922,0,0.0875152,0,0,0.0948367,0.212573,1,0.0537158,0.0538048,0,0.781242,0.0312768,0.000522929,0.955161,0,3.97122e-05
121.173333333,0,0,0,0,0,0,0.218164,0.0248746,0.31533,0.199085,0.14276,0,0,0.242587,0.776312,0.00415882,0.0932155,0.0175343,0.609359,0.0955463,0.15544,1,0.209135,0
121.514666666,0,0,0,0,0,0.000603447,0.220096,0.0453119,0,0,0,0,0.0447448,0.449509,0.0537891,0.0108241,0.0387822,0.0246009,1,0.37594,0.154427,0.0877923,0.207897,0
121.856000000,0.0168541,0,0.0320496,0,0,0,0,0.0441326,0.647317,0.150073,0,0,0.190615,0.0559743,0.040633,0.502231,0.151014,0.00329785,0.0604454,0.0229581,1,0.795298,0,0.0176085
122.197333333,0.0313626,0,0,0,0,0,0.258833,0.372886,0,0.0481781,0,0,0.0272912,0.138032,0,0,0.194811,0,1,0.221242,0,0.55489,0.0593948,0
122.538666666,0,0,0,0,0,0,0,0.32799,0.381145,0.0106754,0,0,0,0.0499717,0.763269,0,0,0.0908941,0.00264172,0.341133,0.187883,0.0958499,1,0
122.880000000,0,0,0,0,0,0,0,0,0,0,0,0,0,0,0.13752,0,0,0.0541735,0,0.00352371,0.00194549,0,1,0
123.221333333,0,0.111585,0,0,0,0,0.0881776,0.841911,0.02699,0,0,0,0,0.213868,0.356275,0.0459909,0.125168,0.0390746,0.0358992,0.378792,0.0133046,1,0,0
123.562666666,0.10188,0,0,0,0,0,0.0515639,0.779287,0.0976989,0,0,0,0.0824445,0.0719507,0.989115,0.028028,0,0.0536203,0.0209929,1,0.048651,0.905962,0.000187363,0.0472233
123.904000000,0,0.0312089,0.67367,0,0,0.0447792,0.39671,0.0985987,0.609082,0.0206438,0,0,0.111635,0.153452,1,0,0.048951,0.467247,0.401785,0.334606,0.300243,0.301258,0.15266,0.491818
124.245333333,0,0,0,0,0,0,0.0185823,0.0604987,0,0,0,0,0.00866684,0.0912093,0.414981,0.0112838,0,0.0526583,0.0519027,1,0,0.00320539,0,0.0999208
124.586666666,0,0,0,0,0,0,0.00481262,0.136043,0,0,0,0,0,0.00783474,0.124678,0.00251927,0,0.117366,0.0141937,0.854819,0,0.0274561,1,0.0407848
124.928000000,4.54685e-05,0,0,0,0,0.261342,0,0,0,0,0,0.00120558,0.0981891,0.018193,0,0.0239042,0,1,0.00959023,0,0,0.381956,0.0908936,0.0480996
125.269333333,0.000173035,0,0,0,0,0.283013,0,0,0,0,0,0.0022921,0.189668,0,0,0.0540187,0,1,0,0.00323754,0.000184341,0.282779,0.000730369,0.0914489
125.610666666,0,0,0,0,0.00835967,0.228056,0,0,0,0,0,0,0,0.123135,0,0,0.157033,0.861713,0,0.00510877,0,1,0.000142362,0
125.952000000,0.798659,0,0,0,0,0.0124676,0.124918,0.477401,0.117888,0.0162691,0,0,1,0.147045,0.0104128,0.719112,0.208882,0.0315851,0.177243,0.637267,0.0581121,0.162375,0.0970453,0
126.293333333,0.76415,0,0,0,0,0.096841,0,0.11855,0,0,0,0,0.898563,0.0711425,0.0221179,1,0.0656566,0.208682,0.00227175,0.75883,0.00634766,0.00426549,0.132475,0
126.634666666,0.689291,0,0,0,0,0.127307,0,0,0,0,0,0,1,0.0850402,0.0602426,0.759045,0.213344,0.270458,0.00375144,0.626039,0.00799031,0.000366241,0.121328,0
126.976000000,0.441613,0.0107452,0,0,0,0,0.296618,0.180758,0.229953,0.180968,0,0,0.379839,0.278615,0.459318,0.00834368,0.162021,0,0.13671,0.187718,0.301832,1,0.00160271,0.154987
127.317333333,0.00357423,0.00557308,0.000256148,0,0,0,0,0.0120997,0,0.559564,0.00158214,0,1,0.00526379,0.000286915,0.0010175,0.375543,0,0.00178276,0.198567,0,0.662311,0.0486013,0.0666646
127.658666666,0,0,0.0670784,0,0,0,0.121144,0.337563,0,0.0781906,0.845211,0,0.28593,0,0.748355,0.0329558,0,0.255266,0.0498416,0.150623,0.0244994,0.381705,1,0.0682907
128.000000000,0,0,0,0.00298209,0,0,0.0156852,0.0987248,0,0,0.591991,0,0.00203613,0,0.836285,0.00579291,0,0.120965,0.0595972,1,0,0.2318,0.559938,0.031492
128.341333333,0,0,0,0.00807986,0.00136053,0.0969139,0,0.0240345,0,0,0.599761,0,0,0,1,0.0109361,0.00227564,0.263598,0.0670451,0.966253,0,0.163619,0.494734,0.0769977
128.682666666,0,0.049555,0.579608,0,0,0,0.284047,0.187055,0.167705,0.210658,0.000903417,0,0.321753,0.0468049,1,0,0.0197117,0.156079,0.14296,0.291889,0.0872769,0.568691,0.00106046,0
129.024000000,0,0,0.506315,0,0,0,0.106857,0.188807,0.344449,0,0,0,0.0645215,0,0.965392,0.00822234,0.0137564,0.130018,0.0694266,1,0.169794,0.438792,0.00181144,0.0839297
129.365333333,0.663551,0,0,0,0.0273546,0.0114557,0,0.263333,0.265134,0.0103733,0,0,1,0,0.304236,0.0176808,0.451931,0.0243371,0.0218472,0.479348,0.130696,0.197871,0.103179,0.0174553
129.706666666,0.127738,0,0.174656,0,0,0,0.0110014,0.18546,0.496598,0.0448487,0.543651,0,0.34514,0,0.195634,0.0101174,0.155957,0.578563,0.0307284,0.210659,0.505229,0.194103,1,0.174214
130.048000000,0,0,0.505505,0,0,0,0.00226584,0.138643,0.0677348,0.0344674,0.495819,0,0.0206013,0,1,0,0.108818,0.415169,0.0535001,0.0652149,0.223069,0.409505,0.354387,0
130.389333333,0.0512404,0.00453315,0.101013,0.0288683,0,0,0.00759073,0.409088,0.169468,0.0314347,0.000572182,0,0.0414655,0.056871,0.329955,0.0390734,0.0111316,0.00377831,0.0623686,1,0.0835382,0.0556068,0.0105235,0.0818794
130.730666666,0,0,0,0,0,0,0.00830772,0.253444,0.303289,0,0.0104481,0,0,0.0546618,0,0.00845218,0.128083,0,0.0232045,0.27441,0.149504,1,0.172963,0
131.072000000,0,0.0105507,0.00343027,0,0,0,0.00229484,0.0214396,0.229542,0.114503,0.000295414,0,0,0.131277,0.0292034,0.00320843,0.215018,0.0127173,0.00945072,0.0113964,0.113151,1,0.00544427,0
131.413333333,0,0,0,0,0,0,0.0272857,0.0559599,0.406686,0.0756709,0,0,0.0154519,0.101621,0.914798,0,0.0451685,0.000984674,0.960038,0.0821573,0.200473,1,0.0148115,0
131.754666666,0,0.00750252,0.560273,0,0,0,0.0222492,0.496665,0.260616,0,0,0,0.0570997,0.0344679,1,0,0.161381,0.00324218,0.201262,0.223971,0.129409,0.557667,0.0250726,0
132.096000000,0.00410019,0,0.63897,0,0,0.0062751,0.253611,0,0,0,0,0,0.952593,0.151975,0.742662,0,0.214051,0.0133312,0.952184,0.137521,0,1,0.000100914,0
132.437333333,0.00410935,0,0.596388,0,0,0.0124282,0.242,0,0,0,0,0,0.814384,0.0919034,0.69153,0,0.208551,0.0264031,1,0.0989744,0,0.72164,0.00604348,0
132.778666666,0.00261798,0,0.631815,0,0,0,0.291661,0,0,0,0,0,0.511053,0.121792,0.971539,0,0.257336,0,1,0.0581299,0,0.558449,0.0234844,0
133.120000000,0.00343271,0,0.56825,0,0,0,0.218109,0,0,0,0,0,0.670557,0.0191003,0.917022,0,0.183641,0,1,0,0.0076222,0.470203,0.0618615,0
133.461333333,0,0.096614,0.151443,0,0.0696263,0.00363442,0.0337812,0.67185,0.0549721,0,0,0,0,0.130582,0.22919,0.10834,0.0559262,0.0477141,0.0924178,1,0.214222,0.00131504,0.328919,0.338545
133.802666666,0.0328816,0,0.0361174,0,0,0,0.215534,0.560874,0,0,0.0339856,0.016403,0.0266089,0,0.322353,0,0,0.248441,0.0877493,1,0,0.0044902,0.797424,0.152053
134.144000000,0,0,0,0,0,0,0.160527,0.535687,0,0,0.0376726,0,0,0,0.282277,0,0,0.14384,0.0653546,1,0,0.00252718,0.773675,0.105516
134.485333333,0,0,0,0,0,0.0047197,0,0.100608,0,0,0.038698,0,0,0,0.413344,0.00527289,0,0.0910263,0,1,0,0.00302241,0.773917,0.13491
134.826666666,0.0940344,0.0185074,0,0,0,0.0235951,0.173858,0.802005,0,0,0.0447124,0.00550623,0.0760958,0.121174,0.366269,0.00288166,0,0.0987441,0.0716931,0.784747,0,0.00389072,1,0.0647238
135.168000000,0,0.135469,0,0,0,0,0.14095,0.386797,0.193622,0.240831,0,0,0,0.131799,0.570296,0,0.00284669,0.183762,0.0623597,1,0.282195,0.144077,0.176682,0.193626
135.509333333,5.27344e-05,0,0,0,0,0,0,0.122615,0,0,0.00142876,0,0.01311,0.0425309,0.548459,0.0440927,0,0,0.0181313,1,0.00173642,0.00201946,0.739049,5.79616e-05
135.850666666,0.000283703,0,0,0,0,0,0.00400274,0.12622,0,0,0.00315232,0,0.0553815,0,0.604522,0,0,0,0.0297251,1,0,0.0426065,0.651565,0.00012269
136.192000000,0.000246256,0,0,0,0,0,0.0018157,0.125809,0,0,0,0,0.0480715,0,0.487393,0,0,0,0.02115,1,0,0.0314231,0.641092,0
136.533333333,0.000208412,0,0,0,0,0,0,0.125491,0,0,0,0,0.040684,0,0.61645,0,0,0,0.00742709,1,0,0.057502,0.670288,2.44042e-05
136.874666666,0.000228773,0,0,0,0,0,0,0.132697,0,0,0,0,0.0446586,0,0.561603,0,0,0.0301425,0,1,0,0.100349,0.660765,0
137.216000000,0.000433052,0,0,0,0,0,0,0.142571,0,0,0,0,0.0845356,0.0101972,0.385395,0,0.00694992,0.0276973,0.0028341,1,0,0.0652466,0.638108,5.1157e-05
137.557333333,0.000277287,0,0,0,0,0,0,0.129073,0,0,0,0,0.0541289,0.018933,0.447219,0.000222362,0.0227213,0.0119896,0,1,0.000107233,0.051366,0.611703,0
137.898666666,0.000728653,0,0,0,0,0,0,0.161151,0,0,0,0,0.14224,0.0395311,0.451433,0.00510464,0.00671388,0.0711418,0.00715259,1,0.00646396,0.0407651,0.645107,0.0426411
138.240000000,0.000671598,0,0,0,0,0,0,0.157991,0,0,0,0,0.131102,0.0657928,0.390262,0.00735916,0.0076372,0.0868405,0.00409227,1,0.0465502,0.0544779,0.369717,0.0658977
138.581333333,0.000415872,0,0,0,0,0,0,0.181824,0,0,0,0,0.0811819,0.0824358,0.511114,0.0124047,0.0052565,0.0730833,0,1,0.122558,0.00362826,0.455026,0.0292268
138.922666666,0.000793059,0,0,0,0,0,0,0.233527,0,0,0,0,0.154812,0.122047,0.381231,0.0388482,0,0,0.134291,1,0.0297859,0.0175387,0.556783,0.0667692
139.264000000,0.429399,0,0,0,0,0,0.529524,0.353922,0.17934,0,0,0,0.347484,0.158515,0.659505,0.0339028,0.00641573,0.159604,0.215582,1,0.2566,0,0.504537,0.0900602
139.605333333,0.176475,0,0.0954996,0,0.218397,0.285083,0.0808242,0.265916,0.248214,0,0.0883244,0,0.142809,0.328082,0.3849,0.159559,0.0821992,0.259839,0.153404,1,0.285583,0.0014734,0.362535,0.0763935
139.946666666,0,0,0,0,0,0,0,0,0,0,0,0,0,0,0,0,0,0,0,0,0,0,0,0
140.288000000,0,0,0,0,0,0,0,0,0,0,0,0,0,0,0,0,0,0,0,0,0,0,0,0
140.629333333,0,0,0,0,0,0,0,0,0,0,0,0,0,0,0,0,0,0,0,0,0,0,0,0
140.970666666,0,0,0,0,0,0,0,0,0,0,0,0,0,0,0,0,0,0,0,0,0,0,0,0
141.312000000,0,0,0,0,0,0,0,0,0,0,0,0,0,0,0,0,0,0,0,0,0,0,0,0
141.653333333,0,0,0,0,0,0,0,0,0,0,0,0,0,0,0,0,0,0,0,0,0,0,0,0
141.994666666,0,0,0,0,0,0,0,0,0,0,0,0,0,0,0,0,0,0,0,0,0,0,0,0
142.336000000,0,0,0,0,0,0,0,0,0,0,0,0,0,0,0,0,0,0,0,0,0,0,0,0
142.677333333,0,0,0,0,0,0,0,0,0,0,0,0,0,0,0,0,0,0,0,0,0,0,0,0
143.018666666,0,0,0,0,0,0,0,0,0,0,0,0,0,0,0,0,0,0,0,0,0,0,0,0
