0.000000000,0.188453,0.0649166,0.107997,0.228771,0.165765,0,0,0.164557,0,0.145721,0,0,0.152438,0.030783,0.220982,0.0737582,0.0689903,0.0583453,0.0220187,1,0,0.0800498,0.000202229,0.349671
0.046439909,0.149949,0.00369376,0.00922408,0.204697,0.174723,0.0211065,0,0.167188,0,0.158426,0,0,0.121343,0.00449262,0.200597,0.0659965,0.0714611,0.052441,0.00938587,1,0,0.0870292,0.000202143,0.337692
0.092879818,0.104304,0,0,0.17699,0.172003,0.0292517,0.0248884,0.167537,0,0.157717,0,0.000915408,0.084406,0.00126701,0.185728,0.0570635,0.0701884,0.0458441,0.0149191,1,0,0.0849531,0.00021009,0.332035
0.139319727,0.064909,0,0.0270748,0.149145,0.149849,0.0239987,0.0329021,0.16653,0,0.126067,0.0345211,0.0245496,0.0525266,0.00125614,0.175733,0.048086,0.0624838,0.0361694,0.0164527,1,0,0.0585503,0.0175336,0.345758
0.185759637,0.00535584,0,0.078467,0.0903653,0.112378,0.0199705,0.0348636,0.165881,0,0.0712228,0.0518248,0.0334388,0.0167833,0.00103398,0.178543,0.0282112,0.0496506,0.0254218,0.0156569,1,0,0.0167676,0.0323038,0.355103
0.232199546,9.21645e-05,0,0.0616747,0.0529225,0.100386,0.0163713,0.0417588,0.191489,0,0.00597477,0.0548461,0.0108529,0.0179913,0.000492731,0.179656,0.0156601,0.0454959,0.0201528,0.0149409,1,0,0.00328216,0.0342226,0.348775
0.278639455,0.0727393,0,0.0328578,0.00713196,0.136771,0.00958834,0.0217943,0.178134,0.02649,0.00263806,0.127173,0.00382219,0.0195913,0,0.150522,0.00144196,0.0579988,0.0242147,0.00991028,1,0.00601737,0.00144918,0.0789273,0.347573
0.325079365,8.5556e-05,0.000898272,0.00489518,0.00947538,0.206523,0.0226769,0.000737623,0.161011,0,0,0.166971,0.0431571,0.0167013,0.000178203,0.101944,0.00191577,0.0817854,0.0301784,0.00547168,1,0,0,0.103502,0.346876
0.371519274,0.000128368,0.00299313,0.0962766,0.00925306,0.206096,0,0,0.162544,0,0,0.172854,0.0604802,0.0250585,0.000593791,0.0914962,0.00187082,0.0818097,0.0271351,0.00454991,1,0,0,0.100851,0.351323
0.417959183,0.000143438,0.00313386,0.121838,0.00798379,0.0517669,0,0,0.164268,0,0,0.14913,0.0442162,0.0234635,0.0169671,0.110312,0.00161419,0.0284326,0.0270633,0.00353132,1,0,3.97469e-05,0.0627456,0.348007
0.464399092,0.00512272,0.00326727,0.0857046,0.0992761,0,0,0,0.168359,0,0.0858206,0.106597,0.0132806,0.0209215,0.0117274,0.10888,0.0320077,0.0107506,0.0290439,0.00215396,1,0,0.0413481,0.0264739,0.344584
0.510839002,0.156127,0.00285685,0.0170451,0.179229,0,0.00441144,0.0207238,0.178192,0,0.153009,0.0642798,0.00751823,0.126142,0.000566755,0.123333,0.0572849,0.0114935,0.0344846,0.00582194,1,0,0.0660769,0.0161693,0.37704
0.557278911,0.172908,0.00191019,0.0315894,0.211522,0,0.028538,0.0332168,0.180661,0,0.172914,0,0.000463687,0.139855,0.000378953,0.12492,0.068197,0.0112394,0.0370538,0.0104394,1,0,0.0511841,0.000430521,0.373518
0.603718820,0.151746,0.00112417,0.15265,0.127403,0.0177711,0.0431234,0.0445988,0.188196,0,0.074655,0.069473,0,0.122798,0.000223018,0.108138,0.0410761,0.0164238,0.0357114,0.0142261,1,0,0.0179107,0.0433697,0.367073
0.650158730,3.13879e-05,0,0.261596,0,0.0187631,0.0240464,0.0290477,0.184963,0.0586317,0.0978638,0.12773,0,0.0061272,0,0.102423,0,0.0145071,0.0281042,0.0108236,1,0.0133186,0.023337,0.0793518,0.338662
0.696598639,0.0392209,0.0770765,0.231921,0.00397707,0.0328231,0.000853945,0.0369598,0.178568,0,0.0577713,0.0939979,0,0.0320236,0.0725068,0.073995,0.16083,0.0267349,0.0198509,0.00843566,1,0,0.0136008,0.0510595,0.31776
0.743038548,0.176545,0.0100116,0.0684614,0.178777,0.0587301,0.190243,0.0755424,0.197762,0,0.0338476,0.0383556,0,0.142549,0.00945601,0.020675,0.803581,0.0328195,0.0906082,0.0256684,1,0,0.00796857,0.0681883,0.342254
0.789478458,0.158819,0,0,0.153681,0.11165,0.0979964,0.0530846,0.194083,0,0,0.0133815,0,0.12826,0,0,1,0.153047,0.0355438,0.0113705,0.902914,0,0,0.100705,0.273935
0.835918367,0.153987,0,0,0.0784516,0.263885,0.0985666,0.0701273,0.195149,0,0,0,0,0.124512,0,0,1,0.218822,0.0229707,0.015021,0.84647,0,0,0.11286,0.240235
0.882358276,0.176156,0,0,0.0525345,0.290456,0.0807502,0.0741628,0.218888,0,0,0,0,0.142552,0,0,1,0.205167,0.0168998,0.0158854,0.842599,0,0,0.100943,0.242137
0.928798185,0.21895,0,0,0.0382242,0.370886,0.0540374,0.0775504,0.240317,0,0,0,0.00907251,0.177182,0,0,1,0.155214,0.0113092,0.016611,0.863888,0,0,0.0729537,0.284448
0.975238095,0.225783,0,0,0.0160433,0.354834,0.0417042,0.0967059,0.235676,0,0,0,0,0.182602,0,0.0480195,1,0.125435,0.00872804,0.0315154,0.817282,0,0.0984418,0.033769,0.325338
1.021678004,0.172791,0,0.0217344,0.204554,0.287731,0.090004,0.10673,0.258562,0,0,0,0,0.139749,0,0.450274,0.87664,0.095069,0.0188365,0.0503001,1,0,0.164717,0,0.340981
1.068117913,0.0979132,0,0.0391459,0.403756,0.148591,0.0919394,0.0483295,0.258957,0,0,0,0.0103182,0.0792347,0,0.679486,0.631613,0.0620248,0.0192415,0.0392082,1,0,0.203935,0,0.322065
1.114557823,0.0311897,0,0.0358472,0.366304,0.097536,0.0752049,0.0165582,0.258839,0,0,0.0247259,0.127376,0.0252397,0,0.787014,0.480941,0.0897166,0.0157856,0.0324824,1,0,0.197564,0.00605984,0.344583
1.160997732,0.0189985,0,0.0366921,0.19602,0.054385,0.0175487,0,0.233853,0,0.00613101,0.0759834,0.272411,0.0153742,0,0.768676,0.344072,0.102548,0.00775455,0.0258804,1,0,0.155952,0.0186221,0.418033
1.207437641,0.00885042,0,0.0290922,0.105575,0.151255,0.012339,0,0.214946,0,0,0.0925589,0.24253,0.00716206,0,0.728459,0.244532,0.111022,0.0090791,0.0228812,1,0,0.129468,0.0226844,0.463594
1.253877551,0,0,0.018892,0.0614801,0.0283545,0.258421,0,0.321805,0,0.0389453,0,0.271414,0,0,0.830056,0.222036,0.107346,0.103024,0.0271851,1,0,0.146269,0,0.473412
1.300317460,0,0,0.0343179,0.172802,0.057848,0.269242,0,0.257731,0,0,0,0.306701,0,0,0.949718,0.174497,0.164478,0.100315,0.0327762,1,0,0.202321,0,0.474542
1.346757369,0,0.00173751,0.0442322,0.3638,0.0729967,0.090205,0,0.260341,0,0,0,0.328065,0,0.000344696,0.940232,0.13095,0.164707,0.0253939,0.0332593,1,0,0.235396,0,0.392668
1.393197278,0,0.0023896,0.074069,0.436512,0.104518,0.0805055,0.0170899,0.260341,0,0,0,0.453517,0,0.000474061,0.903943,0.140736,0.173045,0.0195292,0.0361402,1,0,0.212547,0,0.445636
1.439637188,0.000902546,0,0.0572389,0.212775,0.0409992,0.0300217,0.0102211,0.218309,0,0,0,0.372891,0.00017857,0,0.844121,0.0644759,0.134592,0.0154414,0.0315582,1,0,0.194916,0,0.405305
1.486077097,0.000296477,0,0.0010663,0.203184,0.0168853,0.0712597,0.000877612,0.268759,0,0.00840098,0,0.263006,5.86585e-05,0,0.829353,0.0940793,0.118857,0.0322617,0.0296928,1,0,0.171179,0,0.351648
1.532517006,0,0,0.0189258,0.271799,0.0360907,0.192056,0,0.229026,0,0,0.00337784,0.334575,0,0,1,0.186443,0.156345,0.0723137,0.0332742,0.879715,0,0.227183,0.000831122,0.432082
1.578956916,0,0,0.0677087,0.241413,0.0718257,0.0808647,0,0.200715,0,0,0.00174172,0.286962,0,0,1,0.164666,0.131067,0.0196275,0.0314535,0.770971,0,0.222861,0.000432766,0.383615
1.625396825,0,0,0.129369,0.228505,0.0722472,0.0789047,0.00587107,0.248714,0,0.0403283,0,0.316736,0,0,1,0.134943,0.105024,0.0165135,0.0356377,0.955341,0,0.188599,0,0.363299
1.671836734,0,0,0.140155,0.174666,0.173049,0.0615147,0.0276654,0.237312,0,0.0331577,0,0.369684,0,0,0.935429,0.0982881,0.0980357,0.0207437,0.0400007,1,0,0.136977,0.0141429,0.423926
1.718276643,0,0,0.111281,0.10285,0.136371,0.0585263,0.00985187,0.21187,0.098749,0,0,0.331862,0,0,1,0.0264088,0.123362,0.13541,0.0240918,0.809478,0.0313496,0.103963,0.777167,0.314409
1.764716553,0.0356303,0,0.00364686,0.0491239,0.0381446,0.237,0.00711688,0.12126,0.0677534,0.0665793,0,0.229362,0.00959171,0.0412922,0.725707,0.00993204,0.249655,0.200847,0.00152441,0.46406,0.0253532,0.0177188,1,0.144221
1.811156462,0.161127,0,0,0.0394903,0.116198,0.215623,0.00144699,0.105198,0.0656109,0.122099,0.102839,0.0120827,0.0433975,0.0516844,0.504318,0.0127321,0.207637,0.194823,0.000589106,0.376582,0.0239362,0.0287451,1,0.0055004
1.857596371,0.166052,0.0017427,0.00158015,0.0244478,0.228097,0.134049,0.000204473,0.0977045,0.0501403,0.143794,0.0756629,0,0.044724,0.00724858,0.375867,0.0311914,0.190543,0.177934,4.37974e-05,0.375294,0.0202033,0.0338527,1,0
1.904036281,0.0255965,0.00314284,0.0307067,0.0586347,0.231946,0.0717129,0,0.109469,0.0238386,0.139517,0.0452801,0.00810862,0.0205651,0.000623492,0.308648,0.0321226,0.139061,0.15714,0,0.420483,0.0134699,0.0328457,1,0.0020783
1.950476190,0.09244,0,0.0284396,0.0451368,0.172349,0.0534753,0,0.109318,0,0.168063,0,0,0.0744824,0,0.360418,0.0596156,0.057968,0.140629,0,0.627394,0.00629445,0.0396889,1,0.0246942
1.996916099,0.303207,0,0.0111288,0.0420128,0.308453,0.0122097,0.038896,0.145057,0,0.0868053,0.116561,0.0969787,0.245136,0,0.565436,0.00849431,0.1068,0.162846,0.00833138,0.941772,0.0018775,0.022892,1,0.165815
2.043356009,0.227531,0,0.00384328,0.0248679,0.266715,0,0.0134515,0.131379,0,0.00414503,0.146179,0.228551,0.183902,0,0.463665,0.00502788,0.0923483,0.13724,0.00288126,1,0,0.00221072,0.648371,0.220885
2.089795918,0.204208,0.0004468,0.000310972,0.0164986,0.240543,0.0377841,0,0.131645,0,0,0.127804,0.153562,0.165057,8.86383e-05,0.395897,0.00333574,0.0832863,0.115907,0,1,0,0,0.479984,0.137052
2.136235827,0.169768,0.000718504,0.000593109,0.008991,0.147856,0.0896692,0.00080492,0.13868,0,0,0.0884199,0.0696774,0.137263,0.00014254,0.373683,0.00181783,0.0466087,0.0921261,0.000172411,1,0,0,0.373725,0.0924894
2.182675736,0.153783,0.000855376,0.000696875,0.0873967,0.125085,0.103755,0.0338553,0.169241,0,0,0.0577588,0.0335979,0.124447,0.000169694,0.382693,0.0279751,0.0380926,0.0762624,0.0120795,1,0,0,0.3005,0.0833558
2.229115646,0.0715393,0,0.0654591,0.142218,0.036215,0.125055,0.0973445,0.174044,0,0,0.0121321,0.0326526,0.057892,0,0.392261,0.0458526,0.00801769,0.0788709,0.0374459,1,0,0,0.294714,0.0813705
2.275555555,0.000592637,0,0.186246,0.016094,0.00583659,0.195762,0.137839,0.119871,0.0782827,0,0.0116861,0.155338,0.000117254,0,0.392508,0.00518889,0.00119824,0.0895853,0.0561175,1,0.0177824,0,0.303997,0.173423
2.321995464,0.000590405,0.00219158,0.121421,0.096069,0.0208392,0.0784947,0.175496,0.121826,0.0188327,0.0633281,0,0.148193,0.000116813,0.000434775,0.380235,0.0309737,0.00427824,0.0407427,0.0714487,1,0.00427797,0.014909,0.274022,0.173813
2.368435374,0.000747628,0.0026479,0.0374585,0.170512,0.138846,0,0.102971,0.122954,0,0.0956297,0,0.168729,0.0116163,0.000525303,0.365878,0.054975,0.0480745,0.00622918,0.0419221,1,0,0.0225137,0.269383,0.188941
2.414875283,0.000884388,0.00192785,0,0.0632891,0.116418,0.0137562,0.00589646,0.121742,0,0.107019,0,0.217815,0.0200815,0.000382456,0.369429,0.0204051,0.0403089,0.0252645,0.00240059,1,0,0.025195,0.256314,0.203189
2.461315192,0.000697371,0.000791649,0.0224611,0.0491605,0,0.104077,0.015716,0.123968,0,0.147236,0,0.253308,0.000137976,0.000157051,0.418126,0.0187609,0,0.0544957,0.0275194,1,0,0.0916156,0.206362,0.218563
2.507755102,0.000286695,0.000730371,0,0.243481,0.0517873,0.048794,0.00678345,0.139443,0.0808441,0.0746607,0.0376472,0.195143,5.67232e-05,0.000144894,0.565656,0.164769,0.0135354,0.0245962,0.029899,1,0.0398516,0.101096,0.0938686,0.154927
2.554195011,0,0,0,0.341877,0.0854434,0.0638842,0.00233595,0.144329,0.0552767,0.0205762,0.0531239,0.186106,0,0,0.632355,0.219184,0.0231587,0.01337,0.0301487,1,0.0272483,0.0953611,0.0130197,0.120095
2.600634920,0,0,0.00224551,0.335486,0.0897028,0.0648948,0.00620248,0.156329,0,0.0464334,0.0471171,0.214182,0,0,0.618455,0.184436,0.0258545,0.0135815,0.0306893,1,0,0.102409,0.0115475,0.129759
2.647074829,0,0,0.0573804,0.234088,0.116676,0.0908934,0.0175926,0.143904,0.00721164,0.0841162,0.00749707,0.255024,0,0,0.64161,0.102202,0.0403982,0.0336345,0.0328078,1,0.00355493,0.111369,0.00383584,0.200829
2.693514739,0,0,0.0661864,0.165456,0.0786365,0.0586678,0.015946,0.123118,0.0244742,0.0778522,0,0.235587,0,0,0.635714,0.0576311,0.0272273,0.0402719,0.0301438,1,0.00555946,0.105554,0.068248,0.195585
2.739954648,0.000252211,0,0.0227255,0.208956,0.0737004,0.0993462,0.0176684,0.143442,0.0995016,0.0359296,0.0482125,0.108491,4.99004e-05,0,0.61273,0.229613,0.0903021,0.02838,0.0181848,1,0.0226024,0.0461404,0.268944,0.065296
2.786394557,0.250894,0,0,0.230718,0.102078,0.169123,0.0220774,0.120861,0.0548318,0.0190364,0.252521,0,0.126688,0,0.684929,0.783264,0.146306,0.0353949,0.00902719,1,0.30796,0.00448165,0.505166,0
2.832834467,0.199811,0,0,0.17512,0.0914832,0.12912,0.0583107,0.046786,0.0564212,0.0341599,0.182991,0,0.161686,0,0.36791,1,0.140972,0.0270228,0.0163242,0.692966,0.316887,0.00804211,0.379807,0
2.879274376,0.243828,0,0,0.141124,0.252433,0.0923154,0.0604352,0.0516313,0.0488232,0.0489955,0.182038,0,0.197314,0,0.192317,1,0.115361,0.0193202,0.0207286,0.557161,0.274213,0.0116423,0.319449,0
2.925714285,0.308848,0,0,0.0435567,0.29568,0.0642428,0.0695352,0.0846646,0.0438327,0.124784,0.179539,0,0.249868,0,0.23339,1,0.0976999,0.013445,0.0296456,0.537774,0.246184,0.0656976,0.32795,0
2.972154195,0.33087,0,0,0.20937,0.516608,0.0584309,0.0616327,0.095673,0.0282631,0.19166,0.0474459,0,0.267752,0,0.419886,1,0.178872,0.0461315,0.0472919,0.448583,0.158738,0.147715,0.131819,0
3.018594104,0.224052,0,0.0113071,0.467832,0.475252,0.0790528,0.0604986,0.119584,0.135713,0.0100935,0.0801961,0,0.18131,0,0.72245,1,0.1606,0.0165445,0.052354,0.615066,0.0668987,0.152459,0.0196545,0
3.065034013,0.0264497,0,0.0371943,0.552492,0.18784,0.100269,0.04656,0.175603,0.129309,0,0.105497,0.0342962,0.021404,0,1,0.824492,0.0506808,0.0209848,0.0549984,0.890104,0.0637419,0.17333,0.0258553,0.00879037
3.111473922,0,0,0.0544776,0.391161,0.105736,0.0679891,0.0279144,0.158549,0,0,0.0882665,0.13303,0,0,1,0.566611,0.0217072,0.0142291,0.0455343,0.860261,0,0.155189,0.0216325,0.0340967
3.157913832,0,0,0.0501401,0.304421,0.0886718,0.0195207,0.00323363,0.176916,0,0.0112947,0.120284,0.211982,0,0,1,0.413346,0.0182041,0.00408537,0.0378759,0.884315,0,0.141202,0.0294793,0.0636834
3.204353741,0,0,0,0.412036,0.0698852,0.00643361,0.0135803,0.212408,0.0131598,0.0715885,0.19525,0.237989,0,0,1,0.322175,0.0143473,0.00240736,0.0381716,0.925292,0.0739112,0.163183,0.047852,0.0609983
3.250793650,0.000445128,0.00260439,0,0.59242,0,0.136784,0.0446504,0.246021,0.0195983,0,0.170164,0.190259,8.80694e-05,0.000516671,1,0.415202,0,0.0380238,0.0478312,0.903331,0.110073,0.137073,0.0596319,0.0487646
3.297233560,0,0.000727254,0,0.58318,0.0500122,0.206195,0.0596214,0.247822,0.0118447,0,0.0882596,0.26476,0,0.000144276,1,0.30357,0.0173164,0.0583423,0.0528074,0.860291,0.0665254,0.176966,0.0416395,0.117622
3.343673469,0,5.37608e-05,0.0610778,0.490524,0.231848,0.19233,0.0541381,0.209514,0.00415953,0,0.0296301,0.325509,0,1.06653e-05,1,0.19377,0.0802759,0.0555756,0.0505101,0.801882,0.0233618,0.167054,0.00726302,0.173096
3.390113378,0,0.000115588,0.0952598,0.310633,0.231469,0.222983,0.045822,0.188833,0,0,0,0.353489,0,2.29309e-05,1,0.106181,0.0801444,0.0726554,0.0470724,0.757499,0,0.136629,0,0.194053
3.436553287,0,0,0.0890028,0.230259,0.170648,0.228143,0.0515679,0.206942,0.00224526,0,0.0104373,0.318783,0,0,1,0.0693693,0.0590858,0.124769,0.0471491,0.724198,0.0126104,0.127781,0.00255798,0.224095
3.482993197,0.000289313,0,0.127697,0.146526,0.204151,0.267222,0,0.146059,0.140662,0.0211985,0,0.0980087,5.72412e-05,0,1,0.121978,0.136528,0.136842,0.0358633,0.714463,0.0377346,0.118729,0.0441765,0.0688974
3.529433106,0,0,0.0508223,0.417213,0.100125,0.307896,0,0.162304,0.0743477,0.0961169,0,0.107798,0,0,1,0.233638,0.0476586,0.108723,0.0368095,0.623426,0.0366492,0.189333,0.0421387,0.0757793
3.575873015,0,0,0.0631177,0.383775,0.0958587,0.0960968,0,0.130125,0.000918752,0.0288755,0.000696356,0.177306,0,0,1,0.195911,0.0619094,0.0224459,0.0344171,0.499827,0.00516013,0.211663,0.0163974,0.078519
3.622312925,0,0,0.0767275,0.341394,0.0849811,0.0801315,0.0192111,0.12039,0.00261167,0,0,0.269675,0,0,1,0.13781,0.0638507,0.0167703,0.0377281,0.46243,0.0155728,0.226387,0,0.126389
3.668752834,0,0,0.083922,0.309252,0.141858,0.0706363,0.0446515,0.141113,0.0040194,0,0,0.382566,0,0,1,0.0979567,0.0727297,0.0147831,0.0450171,0.542032,0.0320132,0.245348,0,0.185583
3.715192743,0,0,0,0.35311,0.043614,0.00902464,0.00997079,0.16747,0.00864127,0.0452855,0.0207785,0.269233,0,0,1,0.113847,0.0895738,0.057499,0.0332413,0.233169,0.0877251,0.106918,0.738391,0.100404
3.761632653,0.000221787,0.00360252,0.00209008,0.122216,0.0471011,0.180524,0.00855364,0.0688611,0.0303643,0.0390033,0.0191965,0.119919,4.3881e-05,0.0801912,0.88478,0.0378582,0.264161,0.214148,0.00183216,0.0151578,0.179788,0.0281483,1,0.0370494
3.808072562,0.0554358,0.00429684,0.00377683,0.0272904,0.190458,0.286036,0.00672974,0.0445717,0.0372201,0.0412797,0.00615758,0.162529,0.0363409,0.0847607,0.660746,0.00769445,0.267682,0.250433,0.00144148,0.00981119,0.218104,0.0226764,1,0.086946
3.854512471,0.0268008,0.00466862,0.00515187,0.0137329,0.298115,0.255405,0.0313677,0.0237174,0.0366961,0.0457543,0,0.105086,0.0215635,0.0265441,0.491413,0.00383661,0.285005,0.264034,0.00671885,0.0117177,0.214857,0.0251345,1,0.0565977
3.900952380,0.0304234,0.0047084,0.0111034,0.0441086,0.321089,0.222037,0.0350324,0.0128074,0.0345271,0.0662231,0,0.116799,0.0245996,0.000934074,0.424851,0.0142211,0.279693,0.277308,0.00750382,0.0226991,0.202094,0.0155906,1,0.065064
3.947392290,0.0786452,0.00525832,0.00317531,0.0918011,0.266342,0.232204,0.000227348,0.0165998,0.027465,0.102445,0,0.063566,0.0635405,0.0477309,0.506512,0.138299,0.185312,0.317337,4.8697e-05,0.00365398,0.161636,0.0960059,1,0.0446852
3.993832199,0.00102853,0.0042079,0.320887,0.218385,0.183351,0,0.329757,0.034647,0.0876455,0.0984073,0.209606,0.000739253,0.000203496,0.149766,0.472431,0.272505,0.18706,0.248567,0.134252,0.133083,0.0257442,0.642125,1,0.000519675
4.040272108,0.00147252,0.00362377,0.447007,0.0680799,0,0,0.603493,0.0555677,0.109975,0.126441,0.282017,0.318587,0.00029134,0.16743,0.591694,0.0219497,0.267951,0.167662,0.245697,0.213442,0.0269228,0.928358,1,0.136262
4.086712018,0.00118659,0.003616,0.356746,0.0142469,0,0.166542,0.393041,0.0474805,0.032002,0.132065,0.229232,0.332603,0.000234769,0.132424,0.600602,0.00459335,0.24382,0.134227,0.160016,0.182904,0.00726946,1,0.637937,0.103378
4.133151927,0.00106415,0.00357302,0.355202,0,0,0.302231,0.142088,0.0426971,0,0.0780098,0.141752,0.392456,0.000210543,0.120156,0.615307,0,0.233496,0.145923,0.0578475,0.165096,0,1,0.359803,0.100589
4.179591836,0.000702317,0.00410722,0.311535,0,0.100694,0.201208,0.04107,0.123427,0.037139,0.0317544,0.0136132,0.356759,0.000138955,0.197418,0.609146,0,0.254847,0.0718689,0.0136428,0.152667,0.00843635,1,0.241345,0.0914399
4.226031746,0.0212687,0.00265371,0.21661,0,0.26029,0.0124885,0.113963,0.212172,0.0954404,0,0.00513571,0.171271,0.0264631,0.277225,0.550926,0,0.281084,0.00329521,0.0463973,0.0801676,0.0216799,1,0.0963306,0.0438979
4.272471655,0.000751404,0.00222944,0.0690877,0.0370732,0.247222,0.0347133,0.303982,0.00923773,0.0832183,0.0195072,0.00061234,0.073199,0.000148667,0.182323,0.395589,0.0119528,0.252521,0.00862465,0.116956,0.0279504,0.0189035,1,0.0401284,0.0187614
4.318911564,0.000688219,0.00297487,0.121006,0.132041,0.0226362,0.0341129,0.263768,0.0169325,0.0923091,0.0511752,0,0.119256,0.000136165,0.0909317,0.335728,0.0425714,0.164826,0.00875974,0.100656,0.0666842,0.12854,1,0.0314839,0.0758028
4.365351473,0.000591329,0.00159746,0.23216,0,0.038956,0,0.247579,0.0533152,0.17835,0,0.0105412,0.126267,0.000116995,0.0920935,0.289721,0,0.167787,0.000391604,0.100795,0.209687,0.170389,1,0.0785139,0.0876901
4.411791383,0.000602619,0.066442,0.35613,0.0216049,0,0,0.167107,0.0726245,0.137028,0,0.00230016,0.244381,0.0505719,0.113591,0.360272,0.00436815,0.164291,0.0118252,0.0680334,0.194768,0.199071,1,0.0510963,0.120961
4.458231292,0.186929,0,0.443248,0.0349566,0.00281011,0.0070336,0.541203,0.0632735,0.205683,0,0,0,0.0503469,0.0975366,0.702927,0.159677,0.190826,0.0154522,0.24177,0.104168,0.0697482,1,0,0
4.504671201,0.0767179,0,0.185404,0.132788,0.149832,0.197458,0.210146,0.0755963,0.206293,0,0,0.062623,0.0620827,0.0594711,0.828857,0.159305,0.193852,0.0738858,0.117633,0.290374,0.0995922,1,0,0.0440222
4.551111111,0,0,0.120086,0.167329,0.0771986,0.0778254,0.00320836,0.0858504,0.1089,0,0,0.0937319,0,0.026887,0.88353,0.155078,0.155279,0.016487,0.0321002,0.329761,0.0536813,1,0,0.0658909
4.597551020,0,0,0.127797,0.127245,0.063176,0.0891549,0,0.0865646,0.0149609,0,0,0.18832,0,0.0141742,0.961058,0.135639,0.156432,0.0225504,0.0323751,0.332505,0.00737488,1,0,0.071031
4.643990929,0,0,0.144607,0.0662893,0.0617073,0.168248,0,0.084569,0.00142121,0,0,0.239659,0,0.0138203,0.979398,0.0975373,0.169934,0.059356,0.0324812,0.324839,0.000700575,1,0,0.0821444
4.690430839,0,0,0.0948174,0.146674,0.0529424,0.141862,0.0049055,0.172022,0,0.0704355,0.0219611,0.23377,0,0.0185885,0.893288,0.0816622,0.152155,0.0787469,0.0310029,0.262878,0,1,0.00538226,0.0599168
4.736870748,0,0,0.000149641,0.350599,0,0.0524587,0.0474905,0.131336,0.0143883,0.0252014,0.117181,0.228006,0,0.0063784,0.833497,0.126407,0.109255,0.014592,0.0393693,0.269846,0.0808112,1,0.0287189,0.0601801
4.783310657,0,0,0,0.474622,0,0.155273,0.0510625,0.128286,0.0803687,0,0.0440983,0.288465,0,0,0.912066,0.205993,0.129011,0.0449285,0.043124,0.358273,0.106998,1,0.0108196,0.12261
4.829750566,0,0,0.0407025,0.398488,0.0215435,0.141094,0.049116,0.120435,0.0140619,0,0,0.327646,0,0,1,0.16106,0.112175,0.0370087,0.0438438,0.352314,0.078978,0.942417,1.97939e-05,0.162844
4.876190476,0,0,0.0963235,0.22902,0.144335,0.101838,0.0484063,0.114864,0.0065916,0,0,0.317217,0,0,1,0.0927411,0.0767335,0.0262593,0.0423848,0.309978,0.0370214,0.838095,1.69922e-05,0.158297
4.922630385,0,0,0.118363,0.12643,0.154219,0.0648308,0.050474,0.119376,0,0.00117882,0,0.307546,0,0,1,0.0660002,0.0533972,0.0537279,0.0420604,0.271424,0,0.852678,8.3447e-06,0.16448
4.969070294,7.52457e-05,0,0.142238,0.0602262,0.122845,0.156155,0,0.0787289,0.0607129,0.00728236,0,0.141583,1.48875e-05,0,1,0.0517418,0.0389731,0.150136,0.0304063,0.240852,0.0137913,0.829613,0,0.0995291
5.015510204,0,0,0.0389689,0.208345,0.0825535,0.324172,0,0.148514,0.0215983,0.0805008,0,0.0878945,0,0,1,0.183474,0.0565968,0.116322,0.0322022,0.30259,0.0480765,0.784405,6.90965e-06,0.0617874
5.061950113,0,0,0.054839,0.263777,0.100002,0.169988,0,0.0876845,0.00770017,0,0,0.146938,0,0,1,0.162393,0.0673013,0.0533272,0.0324235,0.336806,0.0432476,0.658088,8.65504e-06,0.0554505
5.108390022,0,0,0.0772929,0.26196,0.110654,0.0781588,0.0178006,0.0876189,0.00913039,0,0,0.263397,0,0,1,0.109988,0.0614033,0.0163574,0.0357524,0.336554,0.0512804,0.540166,4.18688e-06,0.116294
5.154829931,0,0,0.0904624,0.217317,0.139253,0.0616829,0.0367794,0.08617,0.0121204,0.000774399,0,0.354398,0,0,1,0.0672529,0.0604387,0.0129093,0.0399754,0.330989,0.0680736,0.466813,0,0.166028
5.201269841,0,0,0.000538219,0.146231,0.025956,0.0277238,0.0441493,0.120153,0.0127565,0.00732387,0,0.351212,0.0579549,0,1,0.0422143,0.0434144,0.00580217,0.0385391,0.232622,0.0580608,0.398938,0.0306796,0.153937
5.247709750,0,0,0.00713935,0.367927,0.0628209,0.00763689,0.120836,0.145402,0.0664792,0.00239517,0.00801162,0.176081,0.568216,0,1,0.115435,0.0438408,0.00159828,0.199272,0.235195,0.0151012,0.0750367,0.181458,0.0451307
5.294149659,0,0,0.122747,0.0249095,0.139899,0,0.233414,0.182997,0.0584148,0,0.0639199,0.263491,1,0,0.831049,0.0525927,0.0844913,0,0.22877,0.359106,0.0132693,0.0156193,0.323425,0.111086
5.340589569,0,0,0.15989,0.0144037,0.114703,0.0220347,0.0798615,0.185727,0,0,0.115164,0.356281,1,0,0.419795,0.00291219,0.0840363,0.00461152,0.130351,0.338295,0,0,0.275304,0.181119
5.387029478,0,0,0.165653,0.0142804,0.0630521,0.108297,0.0839936,0.218997,0,0,0.0692763,0.316972,1,0,0.236175,0.00288727,0.0684013,0.0316772,0.112712,0.332323,0,0,0.268528,0.185148
5.433469387,0.0166681,0,0.129784,0.0264331,0,0.269336,0.0578321,0.176034,0,0,0.0386826,0.229389,1,0,0.210573,0.0179909,0.049089,0.100781,0.0668319,0.251089,0,0.00947657,0.240882,0.161254
5.479909297,0.0367476,0,0.0505757,0.126863,0,0.252696,0.0293781,0.191213,0.011211,0,0.00259079,0.245309,1,0,0.414019,0.320883,0.0495388,0.0945552,0.0187606,0.192833,0.00254666,0.0788111,0.0435319,0.172445
5.526349206,0,0,0.00505854,0.297147,0.260648,0.262163,0.0124629,0.182353,0,0,0,0.376154,1,0,0.639209,0.383378,0.12898,0.0980975,0.0337771,0.327079,0,0.10928,3.83771e-05,0.264426
5.572789115,0,0,0.00418316,0.241023,0.271695,0.267134,0,0.0953694,0,0,0,0.393379,1,0,0.906859,0.340475,0.138956,0.0999573,0.0411881,0.4008,0,0.126263,0,0.195287
5.619229024,0,0,0.0032707,0.169675,0.166317,0.198541,0.000858697,0.0865693,0,0,0.0368951,0.343561,0.928549,0,1,0.221314,0.128576,0.0852415,0.0414036,0.358064,0,0.118912,0.00904228,0.135923
5.665668934,0,0,0.0105647,0.0534314,0.0941289,0.286224,0,0.0871262,0,0,0.0263748,0.319486,0.792666,0,1,0.0787983,0.142512,0.204307,0.0370812,0.272992,0,0.102428,0.00646397,0.102373
5.712108843,0.000669124,0.000165004,0.0751254,0.059052,0.018719,0.185872,0.0263251,0.0524427,0.000685602,0.0473851,0.0261676,0.324572,0.691654,0.0288678,1,0.0156489,0.230914,0.23184,0.0297601,0.108475,0.00385065,0.6619,0.00641318,0.0831902
5.758548752,0.00124935,0.0039678,0.236807,0.233565,0.0223791,0,0.287077,0.0901723,0,0.00667788,0.137766,0.358007,0.764274,0.110953,1,0.075304,0.270276,0,0.0992355,0.14303,0,0.983724,0.0337637,0.101478
5.804988662,0.00135281,0.00254964,0.261206,0.0660075,0.073137,0,0.236282,0.105989,0,0.00160985,0.173754,0.303193,0.553383,0.109835,0.695791,0.0212816,0.239555,0,0.0750606,0.101445,0,1,0.110709,0.118275
5.851428571,0.00142252,0.00317991,0.250067,0.0526634,0,0,0.2188,0.10421,0,0.0946274,0.0745008,0.242022,0.432461,0.105252,0.612616,0.0169793,0.190748,0,0.073092,0.0719591,0,1,0.152039,0.170135
5.897868480,0.00129655,0.00481604,0.315195,0.0705304,0,0,0.0990182,0.103531,0,0.0971508,0.0107109,0.227497,0.318581,0.101941,0.589019,0.0227398,0.182645,0,0.0422539,0.0538407,0,1,0.177314,0.159924
5.944308390,0.00177801,0.00458467,0.29733,0.123454,0,0.0472754,0.0376762,0.138864,0,0.0608724,0.0119163,0.241633,0.238093,0.151524,0.551465,0.0398029,0.179056,0.0176897,0.0376859,0.0305671,0,1,0.215315,0.12781
5.990748299,0.00070476,0.00424961,0.146036,0.402714,0.112524,0.0144354,0.00798643,0.0605004,0.0631902,0.00451279,0.0959088,0.253812,0.19075,0.304833,0.513522,0.12984,0.222065,0.0306674,0.586364,0.0550245,0.014354,1,0.15692,0.119034
6.037188208,0.000856963,0.00280363,0.00135943,0.480729,0.218358,0.0370048,0,0.0553661,0.111749,0.0245132,0.0300808,0.347241,0.1682,0.319832,0.369075,0.154992,0.23317,0.0786151,1,0.212667,0.0253844,0.991957,0.132759,0.189813
6.083628117,0.000598778,0.00317144,0.00132069,0.371971,0.191734,0.0323003,0,0.0674036,0.0100086,0.0697936,0.0499817,0.339558,0.181988,0.256811,0.226395,0.119928,0.154633,0.0686207,1,0.258905,0.0022735,0.786774,0.111578,0.192712
6.130068027,0.000492642,0.00327198,0.00155245,0.260403,0.158996,0.0514557,0,0.0682073,0.0058959,0.118569,0.0251596,0.361467,0.209256,0.239635,0.160561,0.0828986,0.110999,0.109316,1,0.261992,0.00133929,0.642959,0.100947,0.204458
6.176507936,0.000386728,0.00373299,0.00199261,0.224424,0.111647,0.0865249,0,0.0641644,0.00304733,0.173203,0,0.370103,0.22932,0.236692,0.178484,0.0711479,0.124917,0.183819,1,0.246463,0.00069222,0.51658,0.0949732,0.217392
6.222947845,0.0371348,0.00275768,0,0.241164,0.0650205,0.128348,0,0.0337774,0.070063,0.102864,0.0196367,0.185847,0.211213,0.207557,0.250172,0.0777539,0.124267,0.267599,1,0.129743,0.0159153,0.3597,0.126758,0.100914
6.269387755,0.0084374,0.00158576,0.000779823,0.142294,0.180178,0.215158,0.0630677,0,0.097693,0.0200791,0.191725,0.165803,0.233875,0.205393,0.256193,0.0465372,0.153429,0.159532,1,0,0.0221916,0.281188,0.187554,0.0424965
6.315827664,0.000421628,0.00234291,0.0273993,0.108433,0.0414616,0.259859,0.0765144,0.0214331,0.0660179,0.0125746,0.107243,0.275596,0.262735,0.229617,0.252192,0.0599035,0.0972291,0.0971152,1,0.0823269,0.0149964,0.24594,0.1529,0.0766403
6.362267573,0.000890941,0.00218896,0.0354156,0.122849,0.0171988,0.309515,0.05553,0.0544391,0.0571205,0.0201873,0,0.396316,0.269123,0.254035,0.213364,0.0801767,0.089273,0.115816,1,0.209107,0.0129753,0.272731,0.0949264,0.194277
6.408707482,0.00117618,0.000939466,0.232509,0.118726,0.0168025,0.294579,0,0.0739447,0.0584673,0.0130764,0,0.353042,0.267681,0.274897,0.276897,0.0710946,0.0629553,0.110227,1,0.28403,0.0132812,0.187912,0.099127,0.204874
6.455147392,0.00065275,0.00140961,0,0.239029,0.174469,0.171706,0.0174634,0.0965738,0.0143293,0.00745579,0,0.110203,0.145481,0.209808,0.322191,0.166433,0.0583878,0.235041,1,0.185686,0.00325499,0.244339,0.0709955,0.07747
6.501587301,0,0.000386959,0.00662819,0.172574,0.171057,0.10033,0.0430899,0.130844,0,0.00226035,0,0.053968,0,0.146173,0.526782,0.168422,0.0514938,0.154146,1,0.324158,0,0.298429,0.0302981,0.037938
6.548027210,0,0,0.0239088,0.183837,0.147839,0.0887028,0.0477733,0.118141,0,0,0.0385217,0.143017,0,0.108798,0.729456,0.148205,0.042382,0.0782399,1,0.360304,0,0.293445,0.0163204,0.0890813
6.594467120,0,0,0.0708645,0.189795,0.147297,0.0886635,0.0499071,0.115297,0,0,0.0691887,0.251185,0,0.0910097,0.907551,0.0882923,0.0435431,0.0537504,1,0.37266,0,0.265581,0.0194833,0.139604
6.640907029,0,0,0.138497,0.207905,0.211121,0.0756088,0.0497625,0.123307,0,0.00140134,0.104239,0.40117,0,0.0976014,1,0.0670308,0.073099,0.0538877,0.986047,0.369777,0,0.241365,0.0392222,0.225551
6.687346938,0.000354785,0,0.129249,0.207968,0.0684271,0.122301,0.0241905,0.138151,0,0.0083806,0.05878,0.250522,7.01948e-05,0.0998948,0.917515,0.0670512,0.0140479,0.119892,1,0.284312,0,0.236826,0.044563,0.110372
6.733786848,0.000517998,0,0,0.360359,0.0314941,0.0763929,0.0576931,0.153985,0.00495611,0.00887871,0.0737977,0.183188,0.000102487,0.0949713,0.766283,0.116184,0.00646566,0.0285851,1,0.295793,0.0278357,0.256347,0.0477368,0.0469523
6.780226757,0,0,0,0.569788,0,0.225475,0.0687723,0.174051,0.0151135,0.0012649,0,0.34471,0,0.116855,0.95456,0.188551,0,0.0721559,1,0.439454,0.0848841,0.165311,0,0.168323
6.826666666,0,0,0.00942212,0.440574,0.0313457,0.148473,0.0450864,0.107243,0.00613444,0,0,0.379152,0,0.124963,1,0.161458,0.00643518,0.0369949,0.783337,0.411933,0.0344538,0.12603,0,0.215215
6.873106575,0,0,0.0740807,0.257895,0.0387894,0.0856794,0.0352817,0.101829,3.8214e-05,0,0,0.376386,0,0.0792596,1,0.0962679,0.00796337,0.0183523,0.584064,0.330683,0.000214627,0.12626,0,0.208986
6.919546485,0,0,0.0867044,0.163636,0.0536929,0.101948,0.0226087,0.118919,0,0.00861133,0,0.3377,0,0.0180108,1,0.0541473,0.011023,0.0892878,0.548766,0.269019,0,0.22083,0,0.175129
6.965986394,0,0,0.116201,0.307014,0.0593037,0.130501,0.0281326,0.133291,0,0.00368901,0.0597395,0.275185,0,0,1,0.0989848,0.0121749,0.0870771,0.52402,0.210357,0,0.274484,0.014641,0.143851
7.012426303,0,0,0.000268693,0.381381,0.0073533,0.222107,0.0542034,0.11861,0.0254476,0,0.0892635,0.295631,0,0,1,0.216057,0.00254603,0.0729681,0.506133,0.313899,0.142925,0.252372,0.0218768,0.173679
7.058866213,0,0,0.00071648,0.270303,0.0373207,0.183092,0.0522172,0.0889221,0.0167727,0,0,0.288085,0,0,1,0.230071,0.00766184,0.0525584,0.432589,0.297577,0.0942031,0.263334,0,0.171111
7.105306122,0,0,0.0538726,0.239743,0.0508452,0.138787,0.048303,0.0830247,0.010469,0,0,0.306928,0,0,1,0.148725,0.0104384,0.0371019,0.399001,0.262389,0.0587989,0.25576,0,0.172969
7.151746031,0,0,0.0853545,0.183824,0.102664,0.148112,0.0502315,0.0853154,0.0108619,0,0,0.426405,0,0,1,0.0554651,0.0355466,0.0516733,0.368448,0.205087,0.0610055,0.231993,0,0.244243
7.198185941,0,0,0.125974,0.23339,0,0.0861041,0.04753,0.0287068,0.00654058,0,0.0355314,0.416418,0.0285571,0,1,0.0725579,0,0.0742688,0.3575,0.121606,0.0367348,0.0896672,0.0199218,0.265253
7.244625850,0.00082601,0,0.233331,0.313734,0,0.0317724,0.187108,0,0.0299064,0.056832,0.101482,0.340729,0.406708,0,1,0.101151,0.023811,0.00664948,0.336794,0.189784,0.00679342,0.0619285,0.243398,0.239523
7.291065759,0.00102531,0.001047,0.225416,0.0913376,0,0.00988442,0.465212,0,0.0079854,0.139487,0.162742,0.404707,0.915128,0.000207709,1,0.0294483,0.0462748,0.00206866,0.319766,0.303162,0.00181393,0.0416108,0.334916,0.284498
7.337505668,0.00115632,0.00146826,0.228718,0,0,0.0705569,0.26926,0,0.00211502,0.113502,0.181599,0.338282,1,0.00029128,0.633494,0.00210692,0.0472016,0.0264013,0.109622,0.308617,0.000480441,0.0267212,0.310727,0.214092
7.383945578,0.0013866,0.00220195,0.256491,0,0,0.231708,0.0275921,0.012411,0,0.0221324,0.143571,0.320682,1,0.000436833,0.355078,0,0.0486383,0.0867017,0.0634814,0.299313,0,0.00521053,0.284129,0.168201
7.430385487,0.00145291,0.000735408,0.229826,0,0.0456106,0.14526,0.03866,0,0,0,0.0982258,0.251899,1,0.00128292,0.288774,0,0.0628513,0.0877652,0.23745,0.252502,0,0.00404785,0.246985,0.0986154
7.476825396,0.000727764,0.00275038,0.0627347,0.290821,0.0273417,0.117367,0.037507,0.080088,0,0.00833354,0.0396049,0.248824,1,0.000687855,0.37504,0.307415,0.060944,0.0318914,0.274987,0.156975,0,0.0687642,0.0104347,0.099128
7.523265306,0,0,0.0089817,0.259572,0.13133,0.10761,0.0132141,0.320977,0.00442814,0,0,0.226831,1,0,0.556721,0.318927,0.145532,0.0282748,0.0438895,0.305932,0.00218282,0.103897,9.40467e-05,0.112888
7.569705215,0,0,0.143956,0.285048,0.101062,0.10168,0,0.139529,0,0,0.00131629,0.127428,1,0,0.865626,0.292321,0.143772,0.0611774,0.0390159,0.428587,0,0.126154,0.000322598,0.0895787
7.616145124,0,0,0.174707,0.225529,0.104412,0.116341,0,0.104911,0,0.0297296,0,0.112008,0.906425,0,1,0.21355,0.148501,0.0983321,0.0400336,0.415866,0,0.145533,0,0.0787389
7.662585034,0,0,0.180062,0.130589,0.242871,0.122012,0.00933115,0.0719176,0.0113432,0.106389,0,0.263126,0.757875,0,1,0.108128,0.174167,0.123756,0.0379117,0.313698,0.00257669,0.19213,0,0.184971
7.709024943,0.000305052,0,0.24455,0.13229,0.0840933,0.0462431,0.0173478,0.0281364,0.104646,0.118856,0.00531871,0.291042,0.708442,0.0286311,1,0.0384758,0.251564,0.0201958,0.0291699,0.177557,0.023771,0.614058,0.0880488,0.204595
7.755464852,0.00110767,0.000136524,0.321245,0.37728,0,0.0192095,0.310453,0.0105254,0.0784382,0.115152,0.00512045,0.330467,0.666182,0.101575,1,0.121639,0.235423,0.00402024,0.123389,0.104528,0.0178177,0.830655,0.0847667,0.16708
7.801904761,0.00129278,0.00197734,0.482505,0.118708,0,0.015156,0.385873,0.0368788,0,0.115118,0.0710679,0.287097,0.559318,0.115277,0.820056,0.0382728,0.225402,0.00317192,0.146969,0.0859216,0,1,0.173744,0.154733
7.848344671,0.00127382,0.00240996,0.448299,0.0463211,0,0.0183555,0.271447,0.0730018,0,0.0643125,0.120122,0.270965,0.430788,0.10886,0.692123,0.0149344,0.199548,0.00384152,0.0963587,0.0572376,0,1,0.175948,0.137605
7.894784580,0.00114272,0.00320933,0.402849,0.0499372,0.127408,0.0212165,0.0935495,0.105213,0,0.0608646,0.0975897,0.177328,0.318722,0.104802,0.649847,0.0161003,0.232949,0.0044403,0.0764675,0.0469468,0,1,0.194305,0.124657
7.941224489,0.000740052,0,0.385787,0.0152029,0.190614,0.0492464,0.078095,0.0690382,0,0.122253,0.013307,0.15325,0.221793,0.17184,0.639859,0.00307377,0.254234,0.0704648,0.0229863,0.0381208,0,1,0.220292,0.107731
7.987664399,0.00850691,0.00695486,0.0630826,0.0283423,0.284412,0.0804052,0.0561869,0.168688,0.00318539,0.151166,0,0.241135,0.26764,0.111171,0.639016,0.00573034,0.202806,0.160427,0.0186989,0.215343,0.0178906,1,0,0.235134
8.034104308,0.102061,0.00161946,0.000570313,0.0340067,0.376972,0.135266,0.0320734,0.0296433,0.0194061,0.0773097,0.0549081,0.317448,0.35651,0.000321276,0.710401,0.0091323,0.170975,0.253049,0.00833432,0.724195,0.108993,1,0.0134569,0.288979
8.080544217,0.178909,0.00231129,4.72355e-05,0.0724688,0.357856,0.21586,0,0.0160739,0.0247844,0.011172,0.138238,0.219308,0.41032,0.000458525,0.600983,0.0233647,0.123905,0.224404,0,1,0.139201,0.743521,0.0338796,0.19441
8.126984126,0.262648,0.00274601,0.00018129,0.0532509,0.326172,0.240882,0.0107544,0.00917505,0.0251618,0.0159474,0.118345,0.121723,0.423651,0.000544766,0.463539,0.0171687,0.112935,0.215265,0.00318337,1,0.14132,0.443629,0.029004,0.118395
8.173424036,0.336848,0.00419092,0.00295394,0.0668951,0.205221,0.217538,0.107191,0.0244967,0.0206625,0.0073694,0.0625345,0.0311584,0.487187,0.000831414,0.465143,0.0215677,0.0694267,0.250193,0.0388921,1,0.11605,0.30093,0.015326,0.095343
8.219863945,0.233114,0.00440461,0.00266977,0.109466,0.253704,0.251263,0.184118,0.0275755,0.0168766,0.00522981,0.0139709,0.128225,0.418447,0.000873807,0.518128,0.0352932,0.122994,0.304536,0.0721699,1,0.0947865,0.182333,0.00342401,0.142029
8.266303854,0.00064179,0.00315033,0.00173509,0.0373812,0.0298794,0.388283,0.23886,0,0.0738352,0.0280253,0.000335009,0.394944,0.286555,0.000624977,0.460629,0.0120521,0.0690197,0.290415,0.0972456,1,0.0167721,0.251904,0.00554592,0.350357
8.312743764,0.000662315,0.00492938,0.000142908,0.00422263,0.13398,0.300232,0.217025,0,0.015632,0.0985931,0,0.452689,0.302056,0.000977913,0.461783,0.00136142,0.109656,0.242893,0.0883561,1,0.0035509,0.192979,0,0.35581
8.359183673,0.00121595,0.00513334,0,0.0327625,0.279817,0.119181,0.109216,0,0.0237739,0.102772,0,0.386905,0.305527,0.00101838,0.4827,0.010563,0.129138,0.254652,0.0444646,1,0.089687,0.181279,0,0.325154
8.405623582,0.00181302,0.00221054,0,0.0644341,0.186882,0.127874,0.0371859,0,0.0384651,0.139135,0,0.358366,0.301844,0.000438538,0.51295,0.0207743,0.0647065,0.276698,0.0151393,1,0.150229,0.151998,0,0.3057
8.452063492,0.000877445,0.00296959,0,0.0348737,0.109585,0.173575,0.0107077,0.0309667,0.0480494,0.223581,0.0134406,0.290083,0.227226,0.000589122,0.54711,0.0112437,0.0379429,0.233609,0.0259674,1,0.113927,0.192996,0.00329405,0.242903
8.498503401,0.000354055,0.00224814,0.0274683,0.118738,0.240695,0.113927,0,0.120871,0.0935467,0.123841,0.0644201,0.179665,7.00505e-05,0.000445996,0.562768,0.0782019,0.0833391,0.0727926,0.0281913,1,0.044334,0.228924,0.0157949,0.139833
8.544943310,0,0.000900363,0.0394119,0.250953,0.230412,0.0587942,0,0.141257,0.0931836,0.0305722,0.075808,0.217538,0,0.000178618,0.6352,0.153573,0.0797784,0.0123047,0.0296639,1,0.0459342,0.246116,0.018592,0.141427
8.591383219,0,0,0.0774397,0.308343,0.206524,0.0722133,0.00850155,0.140632,0.039713,0.0406723,0.0510433,0.257916,0,0,0.698459,0.149435,0.0715077,0.0155038,0.0321519,1,0.0195762,0.24337,0.0125177,0.155845
8.637823129,0,0,0.116843,0.285734,0.123225,0.130962,0.0222629,0.131076,0.0183595,0.0865364,0.0136805,0.288987,0,0,0.741879,0.0940171,0.042666,0.0383061,0.0351947,1,0.0090502,0.231618,0.00335283,0.180392
8.684263038,0,0,0.140643,0.237939,0,0.112035,0.0430932,0.106757,0,0.127657,0,0.279134,0,0,0.753211,0.0746267,0,0.0479518,0.0382745,1,0,0.203631,5.03367e-09,0.22235
8.730702947,0.000632135,0,0.162301,0.19135,0,0.0321949,0.0373028,0.0615251,0.055962,0.0815518,0.0166928,0.263359,0.261179,0,0.761799,0.0601394,0.0130206,0.00673789,0.0224021,1,0.0127121,0.0888775,0.166615,0.167814
8.777142857,0.00109871,0.00224478,0.224098,0.138395,0.010559,0.0273656,0.284049,0.011627,0.0155832,0.122716,0.0142082,0.285992,0.707822,0.00044533,0.846091,0.0446202,0.0413895,0.0057272,0.107059,1,0.00353982,0.0644246,0.236709,0.144132
8.823582766,0.00132493,0.00341949,0.278807,0.0947557,0.0188954,0.0338535,0.255316,0.00863789,0,0.132116,0.0832992,0.308558,0.986945,0.000678374,0.762461,0.0305503,0.0545106,0.00708502,0.0946432,1,0,0.0311035,0.270907,0.143521
8.870022675,0.00119276,0.00458688,0.272563,0,0.156991,0.0456255,0.0352007,0.0276712,0,0.0523551,0.160582,0.194163,1,0.000909967,0.526568,0,0.100613,0.00954871,0.0184555,0.910182,0,0.0123257,0.278386,0.0851549
8.916462585,0.00131435,0.00398199,0.302012,0.0848869,0.198727,0.0976496,0.0298661,0,0,0.0781874,0.0582661,0.117352,1,0.000789966,0.410138,0.0273685,0.117665,0.113308,0.0193648,0.893015,0,0.0295837,0.22524,0.0308339
8.962902494,0.00115589,0.00064405,0.163549,0.116587,0.113843,0.101782,0.0522001,0.000752076,0,0.0748156,0.0303677,0.222011,1,0.00012777,0.359997,0.0945053,0.0845759,0.145025,0.0237825,0.848676,0,0.0871969,0.104672,0.0825571
9.009342403,0.000146464,0.00039233,0.0167614,0.274538,0.250561,0.0925114,0.0311614,0.338088,0.0258615,0.0903674,0.00666541,0.360302,1,7.78323e-05,0.432373,0.229333,0.115966,0.0968947,0.0331847,0.848679,0.0127483,0.130928,0.00187937,0.198878
9.055782312,0,0,0.0724621,0.291817,0.107886,0.104416,0,0.265424,0.00279405,0.00811811,0,0.204922,1,0,0.655589,0.241313,0.0678805,0.10243,0.039231,0.877021,0.00137731,0.168793,0,0.144055
9.102222222,0,0,0.180988,0.233529,0.114087,0.122272,0,0.162728,0,0.056879,0,0.1852,1,0,0.935403,0.199079,0.0807616,0.14595,0.0458897,0.953812,0,0.232202,0,0.0820835
9.148662131,0,0,0.202556,0.114758,0.0940801,0.1275,0,0.143492,0.00200516,0.0947658,0,0.207805,0.88891,0,0.994573,0.131378,0.0807346,0.190266,0.0446303,1,0.000455485,0.242938,0,0.0939688
9.195102040,0,0,0.173042,0.0561332,0.245858,0.134739,0,0.115226,0.085116,0.157282,0,0.279489,0.781967,0,0.932887,0.0567302,0.0976985,0.220214,0.039427,1,0.020763,0.17931,0.0441807,0.196473
9.241541950,0.00184571,0,0.0263685,0.0708393,0.294751,0.116537,0.0768003,0.0411765,0.0944368,0.244692,0,0.282323,0.960648,0,1,0.0143225,0.238137,0.310693,0.0394952,0.544583,0.0530937,0.107891,0.865893,0.198465
9.287981859,0.0685089,0.00019003,0.00455909,0.0248768,0.0770621,0.310357,0.0777059,0.0011189,0.0755824,0.212486,0.248926,0.0232228,0.444203,3.7699e-05,0.631284,0.00502967,0.210158,0.291321,0.031636,0.15051,0.204231,0.0500245,1,0.0242029
9.334421768,0.0866167,0.00150229,0,0.0323789,0.0587789,0.25219,0.0236079,0.00462074,0.0656148,0.200102,0.222004,0.0249992,0.290597,0.000298032,0.494359,0.043825,0.179965,0.231393,0.00872581,0.0580892,0.224624,0.0471091,1,0.0600342
9.380861678,0.088491,0.00186785,0.0100005,0.0552762,0.182148,0.191158,0.0049357,0,0.0640083,0.170972,0.169438,0.0196657,0.169897,0.000370553,0.486959,0.0748166,0.189099,0.203438,0.00105721,0.0148451,0.216881,0.0402511,1,0.0409729
9.427301587,0.191463,0,0.015629,0.0678442,0.255783,0.212273,0,0,0.0649314,0.167752,0.0448846,0.0161758,0.167651,0,0.549079,0.0694605,0.118914,0.219531,0,0.00498992,0.211328,0.0395036,1,0.0538239
9.473741496,0.264872,0,0.00640887,0.0519992,0.508471,0.0244924,0,0,0.0394421,0.187289,0,0.000626643,0.214343,0,0.701877,0.323585,0.176055,0.202433,0.00662,0,0.0917137,0.117026,1,0.0250014
9.520181405,0.0906656,0,0.0096982,0.241414,0.440966,0.0376061,0.00240118,0.0457233,0.134536,0.0567038,0.0789172,0.000385643,0.0892324,0,0.886413,0.38984,0.150136,0.163015,0.0285845,0.175628,0.0663188,0.112917,1,0.0153862
9.566621315,0,0,0.0274797,0.236034,0.290831,0.0479708,0.000890218,0.0784573,0.114102,0,0.10403,0.0321291,0.0106702,0,0.969267,0.340114,0.0936457,0.125819,0.0313811,0.301363,0.0562457,0.098188,1,0.0225859
9.613061224,0,0,0.0458512,0.198551,0.20203,0.0397703,0.0135444,0.0825812,0.0117024,0.0252154,0.0273519,0.167942,0.0030823,0,1,0.301298,0.0707827,0.0958726,0.0363062,0.317204,0.00576863,0.100716,0.98647,0.118059
9.659501133,0,0,0.0464028,0.100255,0.115671,0.0349824,0.0199537,0.0791305,0.0525637,0.0719661,0,0.270825,0,0,0.968388,0.202443,0.0702833,0.0783904,0.0366376,0.303949,0.0119402,0.102943,1,0.190382
9.705941043,0.000140064,0,0.0161658,0.124872,0.220991,0.0810219,0.00248764,0.0738169,0.138679,0.0670669,0.0011117,0.328341,2.7712e-05,0,0.940225,0.0341812,0.134289,0.129863,0.0315733,0.593707,0.0315019,0.0909097,1,0.197835
9.752380952,0.000553527,0,0,0.0436013,0.136175,0.629086,0,0,0.0974937,0.0732203,0.00517462,0.315383,0.000109516,0,0.977065,0.00881546,0.135918,0.331465,0.0221801,1,0.0221463,0.0524903,0.895359,0.228211
9.798820861,0.0150845,0.00106899,0,0.0123038,0.0569709,0.486221,0,0.00436103,0.0155143,0.0770536,0.183752,0.150995,0.0119109,0.000212071,0.67541,0.00248763,0.011696,0.221618,0.010133,1,0.0871355,0.0182536,0.616216,0.115858
9.845260770,0.124189,0.00198903,0.000640235,0.0102203,0.135527,0.336927,0,0.00385944,0.030632,0.0792604,0.196093,0.0730071,0.100146,0.000394593,0.609947,0.0105279,0.0469253,0.119024,0.00910644,1,0.172043,0.0186955,0.474049,0.0955379
9.891700680,0.109029,0.00149946,0.00090126,0.0274816,0.138544,0.293379,0.00499689,0,0.0354266,0.102365,0.199277,0.0595031,0.0877598,0.000297469,0.596867,0.0336183,0.04797,0.103446,0.0117143,1,0.198972,0.024187,0.357003,0.112543
9.938140589,0.159363,0.00107239,0.00312839,0.0118107,0.164177,0.324395,0,0,0.040528,0.102986,0.14175,0.0221453,0.128549,0.000212746,0.632257,0.0199087,0.0568453,0.139116,0.0154295,1,0.191252,0.0243712,0.304336,0.0820989
9.984580498,0.222338,0.00506378,0.00568555,0.0109223,0.493986,0.0206197,0,0.0272747,0.0975105,0.119735,0.0170506,0,0.179719,0.0546193,0.589382,0.529819,0.168999,0.0476753,0.0137766,1,0.0221501,0.0664262,0.291083,0.0688906
10.031020408,0.0116016,0.0288393,0.00849519,0.0269424,0.461759,0.0593448,0.0216721,0.0954023,0.0667581,0.162245,0.0409757,0,0.0124897,0.116794,0.284782,0.887301,0.159881,0.024636,0.00771486,1,0.118423,0.0905985,0.353556,0.0310053
10.077460317,0.000240374,0.0038296,0.108232,0.0283361,0.288803,0.146605,0.0155761,0.0987073,0.0604654,0.0925196,0.069598,0.0881218,4.75585e-05,0.0917701,0.118621,1,0.0999959,0.0552596,0.00333634,0.891313,0.172401,0.0527809,0.410278,0.0624301
10.123900226,0.000415262,0.00338239,0.115174,0.0227948,0.24137,0.15218,0.0263488,0.0719122,0.043904,0,0.152185,0.149106,8.21604e-05,0.084719,0.125024,1,0.0835728,0.055216,0.00564382,0.737131,0.180063,0.0020286,0.465359,0.104818
10.170340136,0.00620222,0.0033424,0.11072,0.0443773,0.222539,0.140875,0.0229061,0.0291622,0.0326479,0.0187742,0.127884,0.100762,0.004648,0.0780269,0.121882,1,0.0770525,0.0504524,0.0049064,0.651648,0.183365,0.0065991,0.461522,0.0708326
10.216780045,0.0635197,0.00349051,0.102241,0.0348683,0.200519,0.115082,0.00484184,0.0149765,0.0269032,0.0733212,0.0959168,0.0325848,0.0510026,0.0665324,0.1153,1,0.0694284,0.0430621,0.0010371,0.591385,0.1511,0.0195594,0.402441,0.0229062
10.263219954,0.0467211,0.00405633,0.00109682,0.0319653,0.154802,0.249557,0,0.0347697,0,0.0894145,0.0733357,0.0887977,0.0375472,0.0537716,0.078395,1,0.0535991,0.10175,0,0.6142,0,0.0328026,0.332555,0.0624224
10.309659863,0.0232732,0.00345696,0,0.262301,0.0324969,0.254549,0,0.0771691,0.0580101,0.0558714,0.0111445,0.222559,0.0191368,0.0451047,0.105981,1,0.0220327,0.0952483,0,0.675528,0.0911882,0.0147376,0.256957,0.156453
10.356099773,0.000721976,0.000390212,0,0.317481,0.0582862,0.0207126,0.0320372,0.0479818,0.0869707,0.0507477,0.00373602,0.223026,0.00080794,0.0422455,0.0866033,1,0.0201812,0.0252616,0.00686225,0.70388,0.219687,0.0295885,0.284704,0.156781
10.402539682,0.000758904,0.000574442,0.0577416,0.238917,0.12354,0.0518987,0.0561909,0,0.0471779,0.020376,0,0.243601,0.000150151,0.0338777,0.0831892,1,0.042775,0.0280337,0.0120359,0.707942,0.264972,0.0133783,0.37868,0.145241
10.448979591,0.000848126,0.000640822,0.144843,0.0472064,0.0979436,0.0502664,0.0213636,0.0144135,0.0359267,0.0117267,0.0845909,0.196572,0.000167803,0.0104816,0.112556,1,0.0300051,0.0223606,0.0309139,0.72635,0.20178,0.0681325,0.385442,0.138185
10.495419501,0.000676942,0.00148352,0.035801,0.212675,0.101685,0.0532792,0.0298186,0.151716,0.0822869,0.020924,0.0558296,0.185991,0.000133934,0.000294308,0.318992,1,0.100019,0.0111505,0.0400083,0.833083,0.0405628,0.13656,0.273403,0.130747
10.541859410,0.000298703,0.00117334,0.0065988,0.468566,0.0689756,0.0695431,0.0386693,0.17476,0.0942929,0,0,0.157862,5.9099e-05,0.000232774,0.551461,1,0.0141605,0.0145543,0.0455336,0.728127,0.0464811,0.15286,0.207874,0.110973
10.588299319,0,0,0.0129329,0.538883,0.0791884,0.0988053,0.0269247,0.16613,0.0405333,0,0,0.184631,0,0,0.705665,1,0.0162572,0.0497862,0.0440189,0.664659,0.0199806,0.184251,0.200157,0.0893106
10.634739229,0,0.00016627,0.0751895,0.51302,0.0744094,0.120154,0.00597625,0.160125,0,0,0,0.213663,0,3.29854e-05,0.809082,1,0.015276,0.0838658,0.0396252,0.639266,0,0.147232,0.193152,0.0974884
10.681179138,0,0.000767477,0.122955,0.445959,0.0701156,0.106035,0,0.15394,0,0.00836887,0.10931,0.208688,0,0.000152256,0.825138,1,0.0143945,0.0704877,0.0383839,0.675986,0,0.150368,0.219838,0.0955523
10.727619047,0.000528872,0,0.00820189,0.492491,0.0728189,0.0267618,0.128751,0.0563407,0.0350434,0.00529583,0.239552,0.0320514,0.245745,0,0.809729,1,0.0243055,0.00560083,0.0754402,0.628342,0.0172744,0.14306,0.242942,0.00821501
10.774058956,0.00139307,0,0.0315595,0.193267,0.305347,0,0.28715,0,0.062492,0.00284528,0.237939,0.219322,0.821515,0,0.826504,1,0.147796,0,0.119443,0.608591,0.030805,0.0651635,0.150163,0.0579055
10.820498866,0.000964838,0,0.173139,0.062737,0.229953,0,0.0978699,0.0672932,0,0,0.10816,0.246276,1,0,0.587275,0.750003,0.125727,0,0.0405455,0.554983,0,0,0.156843,0.0796459
10.866938775,0.0513536,0,0.108227,0.103974,0.185758,0.0121424,0.0961353,0.152128,0,0,0.0285692,0.180209,1,0,0.401874,0.603422,0.108244,0.00254122,0.0490376,0.492023,0,0,0.15605,0.0601639
10.913378684,0.0483194,0,0.163747,0.159537,0.0266741,0.0479342,0.0896546,0.157277,0,0.0160126,0.00819895,0.102334,1,0,0.355282,0.58739,0.0515925,0.0533926,0.0581626,0.46238,0,0.00376977,0.136541,0.0262289
10.959818594,0.0308681,0,0.111744,0.0906599,0.0115652,0.17078,0.0578939,0.134208,0.0533898,0.0484546,0.00684734,0.0877047,1,0,0.329478,0.547982,0.0456553,0.0639032,0.0230701,0.370037,0.0263181,0.0740864,0.113915,0.061654
11.006258503,0.0120577,0,0.0429838,0.107184,0.166133,0.110143,0.0261443,0.161278,0.0756086,0.0246136,0,0.189009,1,0,0.507552,0.468155,0.0876684,0.041214,0.0291649,0.451022,0.0372708,0.102022,0.000284775,0.132868
11.052698412,0.00476934,0,0.00526918,0.318151,0.329327,0.128329,0,0.138108,0.110759,0,0,0.308886,1,0,0.692204,0.589522,0.128307,0.0480189,0.0383113,0.607722,0.0545977,0.123481,0,0.217138
11.099138321,0,0.00106248,0.0049537,0.337076,0.376404,0.0639893,0,0.138979,0,0,0.0338697,0.442157,1,0.00021078,0.875415,0.644307,0.137094,0.0468061,0.0444242,0.656891,0,0.134623,0.00830082,0.203957
11.145578231,0,0,0.0200577,0.298235,0.332952,0.106472,0.00863847,0.135447,0,0,0.0732645,0.466826,0.984893,0,1,0.630913,0.121591,0.104415,0.0481537,0.674242,0.0118506,0.13538,0.0179557,0.189878
11.192018140,0,0,0.0583212,0.136319,0.196156,0.125012,0.026851,0.150768,0,0,0.0485837,0.372227,0.836742,0,1,0.557871,0.0769156,0.215487,0.0461583,0.553319,0.0203119,0.116172,0.011907,0.105614
11.238458049,0.000355182,0.00265566,0.00577554,0.0711543,0.00965126,0.0992922,0.0675033,0.0751705,0,0,0.0857353,0.278482,0.760953,0.000526843,1,0.624947,0.00334168,0.288243,0.0269664,0.0424422,0.0566307,0.0479553,0.523561,0.071377
11.284897959,0.0008302,0.00534472,0.00254377,0.199385,0,0.24638,0.0514526,0.0471929,0.0284784,0.00958135,0.13126,0.356944,0.587112,0.00106031,0.869453,0.556387,0,0.348762,0.0110209,0.0103882,0.172561,0.00526338,1,0.118141
11.331337868,0.0285751,0.00533704,0.0016367,0.19149,0.154604,0.332416,0.0342909,0.0259395,0.0299519,0.0297766,0.0544014,0.124946,0.304603,0.00105879,0.636907,0.480531,0.0535305,0.350283,0.00734498,0.00570984,0.178784,0.0163574,1,0.0320246
11.377777777,0.0596883,0.00569928,0.00756579,0.120924,0.27486,0.254882,0.0113375,0,0.0306501,0.0661176,0.04991,0.0849337,0.129471,0.00113065,0.568049,0.463624,0.0951683,0.357131,0.00242845,0,0.165566,0.0155658,1,0.0217691
11.424217687,0.173753,0.0066423,0.00291912,0.065464,0.349947,0.233949,0,0.0191438,0.0246006,0.10047,0.0643284,0.0930678,0.140603,0.00131773,0.580629,0.499391,0.121167,0.371806,0,0.00421397,0.146461,0.0236532,1,0.0257273
11.470657596,0.161666,0.00657971,0.00306934,0.119159,0.445109,0.154308,0,0.00449449,0.0645023,0.0728083,0,0.112367,0.130614,0.00130531,0.706978,0.539645,0.154116,0.474865,0.00609153,0.000989336,0.0804562,0.0900669,1,0.0427691
11.517097505,0.000375772,0.00543631,0.0021382,0.391002,0.328848,0.21038,0,0.0340498,0.0686929,0.0490391,0.0660196,0.151263,7.43473e-05,0.00107848,0.893924,0.63967,0.113861,0.512512,0.0210205,0.130789,0.015604,0.10566,1,0.106334
11.563537414,0,0.00335052,0.0719745,0.353231,0.290858,0.133275,0,0.0888009,0.0382863,0,0.128984,0.177866,0,0.000664692,1,0.518287,0.128889,0.358073,0.0302059,0.267332,0.00869697,0.0925358,0.997957,0.0587834
11.609977324,0,0.000504051,0.163522,0.0632784,0.127921,0.0980974,0,0.0628193,0.011286,0,0.112328,0.154066,0,9.9996e-05,1,0.27579,0.16411,0.211483,0.0295951,0.241296,0.00556335,0.0829376,0.941405,0.0394883
11.656417233,0,0,0.189175,0.0647841,0.0497984,0.0680631,0,0.0648493,0,0,0.140599,0.173456,0,0,1,0.272023,0.0903664,0.128369,0.0297021,0.249094,0,0.0808365,0.943687,0.0444581
11.702857142,0.000481861,0,0.155409,0.190469,0.0514827,0.00174112,0,0.131414,0,0.0394354,0.147,0.184491,9.53371e-05,0,1,0.341803,0.0105693,0.0802696,0.0305398,0.479222,0,0.0996975,0.971374,0.0543106
11.749297052,0.000773761,0.00463689,0,0.325622,0.0223188,0.205901,0,0.0638717,0.000562972,0,0.198735,0.365343,0.00015309,0.000919889,1,0.141183,0.004582,0.225322,0.0239642,0.889818,0.00316191,0.0390756,0.893555,0.207756
11.795736961,0.00353702,0.00257879,0,0.170222,0.0168969,0.382424,0,0.0175543,0.0205165,0,0.144976,0.339067,0.00251636,0.000511592,0.716394,0.0548817,0.00585043,0.190858,0.0112843,1,0.0838316,7.68973e-05,0.591181,0.245625
11.842176870,0.130281,0.000999469,0.00165466,0.0259799,0.227129,0.35965,0,0.0147471,0.0307682,0,0.0611133,0.14469,0.105298,0.000198279,0.605303,0.00648333,0.0786419,0.178108,0.00927801,1,0.147056,7.54031e-05,0.467723,0.145757
11.888616780,0.192465,0,0.000547547,0.0169603,0.109628,0.321748,0,0.00303212,0.0417943,0.159519,0.00310781,0,0.15575,0,0.609304,0.0034291,0.0306231,0.22113,0.0101457,1,0.160649,0.0376221,0.364125,0.0787258
11.935056689,0.232653,0,0.00260855,0.0173252,0.137071,0.244529,0.00604413,0.0105407,0.0366503,0.151456,0.00250213,0,0.188271,0,0.814322,0.00350288,0.0407085,0.235709,0.0182819,1,0.169694,0.0359076,0.29861,0.079852
11.981496598,0.24989,0.00106573,0.000945733,0.0794652,0.21166,0.127534,0.0273241,0,0.0163141,0.112276,0.00300391,0,0.236363,0.000211424,1,0.0276296,0.0680334,0.270941,0.239966,0.934525,0.00370584,0.0269465,0.288126,0.0736836
12.027936507,0.0389363,0.00515065,0.0019121,0.247699,0.25707,0.0943904,0,0.0478839,0.124393,0.0660481,0.0102818,0.0798754,0.107674,0.00102181,1,0.0798609,0.0943127,0.200528,0.26811,0.970783,0.0301537,0.0691461,0.271936,0.0955329
12.074376417,0.00081383,0.00499058,0.00173364,0.217585,0.194223,0.0657944,0,0.0805094,0.101102,0.0916524,0.0249577,0.137536,0.0832256,0.000990055,1,0.0701519,0.0741751,0.139778,0.261247,0.954026,0.0257148,0.101957,0.304729,0.0967553
12.120816326,0.000830485,0.00420401,0.0561223,0.238289,0.119318,0.0515251,0,0.111233,0.0717796,0.133734,0.0152634,0.196704,0.0796115,0.000834011,1,0.0768271,0.0413131,0.109463,0.251439,0.857857,0.019232,0.217063,0.30483,0.138364
12.167256235,0.00077107,0.0038346,0.13323,0.221487,0.0533719,0.0517008,0,0.0802004,0.0671807,0.179665,0.028619,0.192053,0.0724458,0.000760725,1,0.0714098,0.0184797,0.109836,0.237808,0.747493,0.0180677,0.293501,0.282757,0.135115
12.213696145,0.00040001,0.00459734,0.149651,0.20498,0.0493878,0.0577092,0,0.0295121,0,0.103434,0.066809,0.11355,0.0621741,0.000912042,1,0.066088,0.0171002,0.0797482,0.221851,0.648979,0.00255844,0.318135,0.247295,0.0799563
12.260136054,0,0.00423167,0.0687945,0.128781,0.18689,0.0354088,0.00595143,0,0,0.0625245,0.255732,0.0188103,0.0616082,0.000839498,1,0.0415204,0.0647093,0.00741052,0.236227,0.66499,0.00236869,0.350805,0.196112,0.00497851
12.306575963,0,0.00394899,0.0058787,0.0297025,0.270202,0.0413225,0.0326243,0.0526482,0,0.0482376,0.281293,0.0340223,0.066698,0.000783419,1,0.00957641,0.0935555,0.00864816,0.265908,0.842341,0.00264423,0.303823,0.173866,0.00890732
12.353015873,0.000829524,0.00220394,0.00186971,0.0685431,0.239865,0.0462823,0.0347791,0.0817421,0,0.0634684,0.214391,0.0879755,0.0688319,0.000437229,1,0.0433819,0.0830515,0.00968618,0.253534,0.894251,0.00332316,0.268159,0.14115,0.0620643
12.399455782,0.000888659,8.00653e-05,0.246655,0.161258,0.0391437,0.0688445,0.0669314,0.0754886,0.0332211,0.0874297,0.0022155,0.0900487,0.0641232,1.58837e-05,1,0.0519913,0.0080361,0.0833554,0.251449,0.824067,0.011546,0.275914,0.146534,0.0635253
12.445895691,0.000754593,0.000124432,0.209411,0.293969,0.0413444,0.0885078,0.0357231,0.0977743,0.0656129,0.142861,0.0678295,0.0433265,0.0539272,2.46853e-05,1,0.103432,0.00848791,0.100443,0.256376,0.771109,0.0152398,0.329865,0.159246,0.017629
12.492335600,0.0179133,0.00103869,0.000886617,0.46158,0.0624124,0.0115509,0,0.186007,0.0374474,0.000834469,0.0921277,0.0139403,0.0480351,0.00020606,1,0.148819,0.0128131,0.0142087,0.229072,0.776684,0.0085064,0.289151,0.0956075,0.00357299
12.538775510,0.00862826,2.94261e-05,0.0412134,0.356804,0.0844714,0.0197602,0.00474068,0.150684,0,0,0.102883,0.0506174,0.0188994,5.83769e-06,1,0.115038,0.0173418,0.0041355,0.182377,0.676495,0,0.287594,0.0252148,0.0237598
12.585215419,0,0,0.078656,0.227981,0.188622,0.0299974,0.0268071,0.131942,0,0,0.0843712,0.205476,0.00047643,0,1,0.0727711,0.0653092,0.006278,0.146965,0.595814,0,0.266473,0.0206778,0.117355
12.631655328,0.00230152,0,0.0800971,0.0699839,0.178036,0.0277278,0.0354687,0.140388,0,0,0.00941465,0.226898,0.00186247,0,1,0.0196994,0.0616436,0.0374168,0.134179,0.581972,0,0.255034,0.00230735,0.117813
12.678095238,1.69702e-05,0,0.0553606,0.0240445,0.141261,0.0390802,0.0154131,0.173894,0.0194306,0,0.0198062,0.246906,3.35759e-06,0,1,0.00486141,0.0489108,0.0612377,0.134665,0.598062,0.00441378,0.259797,0.0467812,0.108811
12.724535147,0.000145641,0.0018292,0.0308353,0.119206,0.0161561,0.047558,0.0251835,0.107811,0.00702262,0,0.103682,0.155028,2.88154e-05,0.000362884,1,0.0384334,0.00559393,0.0893419,0.0906945,0.257566,0.0446854,0.229582,0.462531,0.0529966
12.770975056,0.0597662,0.00374662,0.00140195,0.130286,0,0.0917274,0.0345121,0.0247257,0.0220977,0.0305672,0.176536,0.0593913,0.0481462,0.000743272,1,0.0420055,0,0.144683,0.00872314,0.077198,0.131641,0.127781,0.730454,0.0152224
12.817414965,0.0681117,0.00448702,0.00141587,0.124837,0.0190257,0.226212,0.0357576,0.0291887,0.0352683,0.0918882,0.0901785,0.0483617,0.0548631,0.000890156,1,0.0402488,0.00658752,0.234422,0.00765913,0.0529072,0.206874,0.0216328,0.971137,0.0123955
12.863854875,0.112766,0.00498506,0.003841,0.0566126,0.224897,0.258119,0.00193567,0.0464361,0.0362445,0.0593858,0.0708361,0.0391664,0.0912468,0.00098896,0.83865,0.0182525,0.0778691,0.248131,0.000414614,0.0430665,0.199839,0.0140937,1,0.0100386
12.910294784,0.114352,0.00525368,0.00473605,0,0.280304,0.186586,0,0.0523232,0.0322254,0.0789001,0.0818746,0.0467256,0.0925378,0.00104225,0.79802,0,0.0970533,0.220969,0,0.0559625,0.188354,0.0188232,1,0.0152936
12.956734693,0.0544491,0.00462179,0.0321829,0.0085371,0.276058,0.141786,0.00283539,0.00147263,0.0296389,0.0977476,0,0.0799062,0.0436026,0.000916891,0.860523,0.00275246,0.095583,0.314377,0.00500676,0.022859,0.171171,0.083856,1,0.0561718
13.003174603,0.000708585,0.00393478,4.83915e-05,0.197899,0.251893,0.117837,0,0.0167847,0.00331925,0.0712469,0.0529964,0.119722,0.000140195,0.0007806,1,0.0638048,0.0872161,0.374937,0.01633,0.0644719,0.0190498,0.114027,0.981763,0.0841614
13.049614512,0.000146306,0.00215353,0.115059,0.212402,0.125661,0.073669,0,0.0583743,0,0,0.147602,0.0665667,2.89469e-05,0.000427228,1,0.0684809,0.0384971,0.219871,0.0245781,0.224222,0,0.09346,0.891521,0.0255719
13.096054421,0,0.000422105,0.195164,0.0364579,0.0497167,0.0584,0,0.0558001,0,0,0.123148,0.080221,0,8.37392e-05,1,0.00737119,0.0117897,0.131249,0.025862,0.214335,0,0.0842073,0.83488,0.0205612
13.142494331,0,0,0.236236,0.0388956,0.0467261,0.0355548,0,0.053896,0,0,0.138709,0.104337,0,0,1,0.00786405,0.011708,0.0683359,0.0259597,0.20702,0,0.0802413,0.828812,0.0267424
13.188934240,0,0,0.19106,0.0363178,0.0283454,0,0,0.0544521,0.00871782,0.00900181,0.0798278,0.0993056,0,0.00540024,1,0.00734285,0.00768293,0.0505411,0.0239533,0.110462,0.0489632,0.167267,0.730959,0.0254527
13.235374149,0.000515672,0.00201552,0.00353061,0.0758646,0.040562,0,0.00568334,0.100754,0.00489456,0.00228549,0.0483578,0.210006,0.000102027,0.07846,1,0.0223587,0.13341,0.0740095,0.013747,0.0221781,0.0274901,0.359096,0.582206,0.0675815
13.281814058,0.000853015,0.00263406,0.173622,0.057502,0.156869,0,0.0151305,0.161234,0.036246,0.00374587,0.08993,0.288693,0.000168771,0.112883,1,0.0185393,0.298789,0.0181795,0.0053332,0.043329,0.0082335,0.502694,0.659648,0.0739941
13.328253968,0.00108491,0.00285875,0.281532,0.0309675,0.217841,0,0.0677911,0.164678,0.0150964,0.004003,0.0764205,0.269723,0.000214652,0.118443,1,0.00998428,0.324717,0,0.0159246,0.0399901,0.00342924,0.791505,0.535025,0.088373
13.374693877,0.000942296,0.00457579,0.370796,0.0031618,0.181722,0.0143024,0.101595,0.194192,0,0.00250253,0.0175991,0.2406,0.000186435,0.118369,1,0.00427952,0.301609,0.00299328,0.0247684,0.0609658,0,0.920436,0.309166,0.115958
13.421133786,0.000189451,0.00555404,0.384099,0.0651264,0.0882672,0.0566028,0.0743099,0.249804,0,0.0856916,0.0131949,0.232426,3.74833e-05,0.116017,1,0.0209975,0.266256,0.0208704,0.023763,0.0877753,0,0.924154,0.224116,0.111149
13.467573696,9.77419e-05,0.0052016,0.286236,0.225062,0.0152021,0.0967767,0.0213751,0.140428,0,0.0666941,0.0542965,0.118501,1.93384e-05,0.0977145,1,0.0725626,0.212339,0.0362124,0.0249694,0.0359587,0,0.837357,0.0427874,0.0833027
13.514013605,0.000384011,0.00338292,0.140926,0.376608,0.182215,0.065401,0,0.210299,0.0852732,0.0761505,0,0.218995,7.59773e-05,0.0703453,1,0.184059,0.24084,0.075855,0.0322049,0.186586,0.0193703,0.99846,0,0.153947
13.560453514,5.54058e-05,0.0016102,6.6896e-05,0.298206,0.222865,0.0735563,0,0.0680701,0.0167943,0.112418,0,0.248626,1.09621e-05,0.0219993,0.773129,0.22815,0.169232,0.080385,0.0293139,0.261465,0.00381494,1,0,0.124473
13.606893424,0,0,0.000468013,0.185833,0.242767,0.0844687,0,0.0677134,0.013743,0.050466,0,0.292288,0,0.00880059,0.844248,0.158404,0.15706,0.0811221,0.0297062,0.260095,0.00312181,1,0,0.140357
13.653333333,0,0,0.00389823,0.164473,0.201687,0.106372,0,0.0633514,0.0112054,0,0.00503424,0.303382,0,0.0214766,0.890965,0.0876769,0.152536,0.110717,0.0297446,0.24334,0.00254538,1,0.0012338,0.157093
13.699773242,0.000299409,0.000233532,0,0.295207,0.0365342,0.165974,0.022206,0.140528,0,0.0318246,0.0303367,0.194018,5.92385e-05,0.0901085,1,0.095178,0.104881,0.185417,0.121574,0.205502,1.15175e-05,0.981663,0.0310991,0.111704
13.746213151,0.000133256,0.00190621,0.00147219,0.500654,0,0.19341,0.137741,0.124968,0,0.0161281,0.13487,0.173118,2.63649e-05,0.265423,0.895935,0.161416,0.107065,0.0723712,0.906401,0.177322,0,1,0.116441,0.121697
13.792653061,0.000229904,0.000787264,0.0367968,0.332721,0,0.306323,0.0723943,0.103247,0,0.0196987,0.124688,0.272888,4.5487e-05,0.260817,0.472882,0.107273,0.0819361,0.114621,1,0.251987,0,0.691924,0.125827,0.191833
13.839092970,0.000243754,0.00120849,0.0978546,0.266855,0.0538386,0.263095,0.00467792,0.0831371,0,0.057012,0.0516971,0.361486,4.82272e-05,0.247615,0.345766,0.0860371,0.0815832,0.0967276,1,0.319339,0,0.49433,0.107411,0.207621
13.885532879,0.000101356,0.00250213,0.094876,0.239298,0.109757,0.247324,0,0.0909201,0.00358266,0.145524,0.00566966,0.371971,2.00534e-05,0.24896,0.326778,0.0771524,0.0956538,0.092545,1,0.349234,0.000813823,0.324444,0.0959538,0.217318
13.931972789,0.0240809,0.00438693,0.0852573,0.285511,0.0904638,0.211438,0.00231317,0.0865614,0,0.159684,0,0.307223,0.00648586,0.243238,0.397319,0.0920519,0.0921377,0.0791169,1,0.332492,0,0.183488,0.0932604,0.189393
13.978412698,0.000651899,0.00445013,0.0822444,0.385057,0.103062,0.149612,0,0.0418262,0,0.134332,0,0.2119,0.034792,0.19024,0.72705,0.124147,0.0535815,0.17801,1,0.160659,0,0.0967287,0.0862788,0.14896
14.024852607,0.000860084,0.00348256,0.000987752,0.324176,0.237035,0.0538216,0,0.0444245,0.0994453,0.0850566,0,0.171631,0.0675389,0.063272,0.912177,0.104518,0.0923569,0.0773054,1,0.170639,0.0243289,0.189508,0.0645152,0.120697
14.071292517,0.000849934,0.00302827,0.0345584,0.212776,0.225156,0.0049307,0,0.0503636,0.0820613,0.104523,6.094e-08,0.237087,0.072853,0.000600763,1,0.0686012,0.0848104,0.0104751,0.908102,0.193452,0.0219297,0.300706,0.0344813,0.166741
14.117732426,0.000783572,0.00291595,0.0222719,0.190536,0.131968,0,0.00344721,0.0750484,0.058937,0.14641,0,0.262765,0.0711026,0.000578481,1,0.061431,0.0465212,0,0.821976,0.190521,0.0166231,0.406134,0.00791425,0.18481
14.164172335,0.000733758,0.00270981,0.0967429,0.164868,0.0528274,0,0.011481,0.0467527,0.0775481,0.116542,0,0.275763,0.0652776,0.000537584,1,0.0531553,0.0182911,0,0.711967,0.179582,0.0203235,0.459495,0,0.193964
14.210612244,0.000541155,0.00311424,0.09039,0.171039,0.0432907,0.0150023,0,0.0307434,0.0428642,0.0731804,0.0329983,0.228086,0.0567664,0.000617818,1,0.0551448,0.0149891,0.00313976,0.653616,0.118089,0.011896,0.493026,0.0203962,0.160465
14.257052154,5.342e-05,0.00343073,0.0350298,0.139991,0.218862,0.0235636,0.0350849,0.0062567,0.0205332,0.0868786,0.158662,0.0218764,0.053533,0.000680605,1,0.0451347,0.0757794,0.00493151,0.710821,0.0240327,0.00640035,0.498279,0.0980689,0.0130371
14.303492063,0,0.00283514,0.142517,0,0.259645,0.0302548,0.0519906,0.0238978,0,0.0725197,0.225317,0.0622683,0.0552074,0.000562448,1,0,0.0899005,0.00633187,0.651465,0.0917941,0.00193902,0.423061,0.139268,0.0439394
14.349931972,0.000585269,0.00259833,0.234106,0,0.0963968,0.0431731,0.0262864,0.0352137,0.00659235,0.0590372,0.162395,0.199715,0.0555826,0.000515468,1,0,0.0333767,0.0269112,0.574688,0.13526,0.0284812,0.377412,0.100376,0.140587
14.396371882,0.000610842,0.00199953,0.259042,0.000431065,0,0.0693361,0.0417081,0.0416162,0.0265948,0.038544,0.00635892,0.282347,0.0542335,0.000396675,1,0.00013898,0,0.0911082,0.562122,0.159852,0.0265874,0.332033,0.00393043,0.198687
14.442811791,0.000752601,0.000379483,0.262559,0.0442801,0.0219635,0.0416162,0.032935,0.0777236,0,0.102294,0.00211838,0.265489,0.0487317,7.52835e-05,1,0.0142764,0.0076047,0.0557761,0.564312,0.178903,0.00123326,0.355054,0.000519174,0.174668
14.489251700,0.000222631,0.041715,0.0673613,0.0423159,0.282905,0.0128065,0.0380674,0.090881,0.0059214,0.0488575,0,0.0774668,0.0328045,0.0118658,1,0.0320185,0.0979538,0.00479201,0.558775,0.22281,0.00134508,0.395301,0,0.0475567
14.535691609,0,0,0.00587647,0.0862235,0.226383,0.0862965,0.042403,0.098778,0.0145868,0,0,0.148343,0.0144214,0,1,0.0863611,0.0783836,0.0312056,0.451681,0.222196,0.00719048,0.396775,0,0.104281
14.582131519,0,0,0.00135767,0.0564687,0.0590755,0.0992632,0.00275387,0.110908,0.0663376,0.000969977,0,0.103316,0.00283889,0,1,0.0547861,0.0121281,0.0371428,0.398396,0.214132,0.015069,0.401364,0,0.0712689
14.628571428,0,0,0.0450989,0.0572199,0.0578854,0.0788887,0,0.0946579,0.108268,0.00175705,0.0251027,0.141911,0,0,1,0.0171324,0.0118837,0.0290916,0.354902,0.200814,0.0245938,0.391345,0.0155159,0.0905263
14.675011337,4.64198e-06,0.000872004,0.0596016,0.148004,0.0231505,0.0282273,0,0.103572,0.104366,0.00295074,0.063656,0.212322,9.18425e-07,0.000172992,1,0.0477181,0.00475275,0.0321167,0.317184,0.163077,0.0237075,0.354902,0.0393456,0.149257
14.721451247,0.000567492,0.00169731,0.0324681,0.225123,0,0.0124012,0.0383221,0.0163081,0.00550293,0.079673,0.123247,0.197892,0.000112279,0.00033672,1,0.0725821,0,0.0546157,0.212189,0.0225368,0.0356278,0.217405,0.426445,0.139113
14.767891156,0.000527108,0.0027584,0.0174495,0.246335,0,0.194955,0.036002,0,0.021531,0.0790133,0.180224,0,0.000104289,0.000547225,1,0.0794211,0,0.17973,0.0587117,0,0.128405,0.102827,0.707428,0
14.814331065,0.0004964,0.00353127,0.0142476,0.203105,0,0.248542,0.0254581,0,0.037112,0.0883559,0.174958,0,9.82136e-05,0.00070055,1,0.0654833,0,0.217244,0.00545302,0,0.217297,0.0208012,0.980727,0
14.860770975,0.0407893,0.00414747,0.0402596,0.0774457,0.107786,0.171684,0,0,0.0448621,0.133419,0.174899,0,0.0328712,0.000822794,0.850094,0.0532652,0.0373203,0.187577,0,0,0.215705,0.0314101,1,0
14.907210884,0.0933904,0.00458408,0.0827299,0.0379325,0.113118,0.0742141,0,0,0.0400063,0.137664,0.164486,0,0.0755581,0.000909411,0.824763,0.0513418,0.0348199,0.154108,0,0,0.185278,0.0326923,1,0
14.953650793,0.156108,0,0.0763854,0.0281249,0.065913,0.0313706,0,0,0.047313,0.140753,0,0.000560294,0.126279,0,0.869103,0.00568639,0.0135318,0.139374,0.00310869,0,0.179392,0.0818931,1,0.0223543
15.000090702,0.142832,0,0.0322454,0.119883,0.214089,0.00879111,0.0229647,0.00942789,0.00123535,0.0992437,0.0510846,0,0.115517,0,1,0.117141,0.0670475,0.135765,0.0586325,0.0187881,0.00774423,0.115245,0.913192,0
15.046530612,0,0,0.0535088,0.136645,0.108015,0.0280657,0.00140354,0.0547958,0.013712,0.0117668,0.130714,0,0,0,1,0.134382,0.0282667,0.106268,0.0275566,0.210477,0.00675925,0.0952605,0.843072,0
15.092970521,0,0,0.0714526,0.127871,0.0626686,0.0278578,0.0029708,0.0611784,0,0.0513913,0.105342,0,0,0,1,0.123592,0.0128657,0.0786324,0.0273824,0.234993,0,0.100944,0.802216,0
15.139410430,0,0,0.0843677,0.0846248,0.0297911,0.0106154,0.000179505,0.0600161,0.0172339,0.092361,0.0301139,0.130344,0,0,1,0.0593229,0.00662932,0.0569855,0.0271687,0.230529,0.00391478,0.107113,0.79996,0.0916282
15.185850340,0,0,0.0527181,0.0473381,0.0063948,0.00881192,0.0043309,0.053325,0.0927805,0.0918975,0.00109502,0.215949,0,0.00494022,1,0.0105154,0.00221416,0.0530846,0.0267364,0.16503,0.0210757,0.16193,0.730242,0.151806
15.232290249,0.000199994,0,0.101186,0.117938,0.0111851,0.012036,0.0147011,0.0486867,0.10508,0.0608791,0.0121561,0.22703,3.95691e-05,0.0732827,1,0.0339567,0.111727,0.0808345,0.0171122,0.0199423,0.0238697,0.346017,0.588996,0.129178
15.278730158,0.000579896,0,0.287389,0.0914537,0.0345259,0.10537,0.104681,0.181025,0.0679591,0.072696,0.035069,0.191105,0.000114733,0.108978,1,0.0558419,0.243031,0.063638,0.0451354,0.0807747,0.0154373,0.453008,0.624454,0.0869478
15.325170068,0.000839627,0.00124088,0.542494,0.0412353,0.0174327,0.152222,0.198817,0.239935,0,0.117462,0.0788018,0.199416,0.000166122,0.118583,1,0.0558123,0.257612,0.049799,0.0769815,0.107061,0,0.759065,0.533342,0.093151
15.371609977,0.00101324,0.00192906,0.554768,0.00106912,0.0194581,0.116781,0.0785986,0.205152,0,0.100895,0.0681674,0.20735,0.000200471,0.118041,1,0.00144706,0.25024,0.0338841,0.032238,0.0915407,0,0.883748,0.337566,0.0779104
15.418049886,0.00111086,0.00111381,0.515506,0.0184068,0.186224,0.0444822,0.072635,0.0691643,0,0.137795,0.0938027,0.124194,0.000219785,0.109682,1,0.00593456,0.291486,0.00930943,0.0467531,0.0308617,0,0.842624,0.241647,0.0318318
15.464489795,0.000552979,0,0.364046,0.0348013,0.215083,0.0407655,0.0633956,0.105902,0,0.160797,0.00627847,0.0705102,0.000109408,0.0991777,1,0.010352,0.286601,0.0410263,0.0316589,0.0361742,0,0.836594,0.105529,0.0211613
15.510929705,0,0.000724158,0.0583215,0.12404,0.351174,0.0204203,0.0500128,0.409453,0,0.0670034,0,0.264565,0,0.0722766,0.948862,0.0831485,0.306487,0.00427365,0.0421178,0.235126,0,1,0,0.185982
15.557369614,0,0,0.046271,0.172845,0.252374,0.0434318,0.0288574,0.166111,0.024015,0,0.0147562,0.26942,0,0.0241673,0.935507,0.179688,0.216503,0.00908961,0.0384344,0.287645,0.011838,1,0.00361647,0.142269
15.603809523,0,0,0.155777,0.0825499,0.125594,0.0428998,0.016394,0.0765479,0,0,0,0.196672,0,0.00889129,0.970267,0.130704,0.161305,0.00897826,0.0350137,0.294029,0,1,0,0.0752862
15.650249433,0,0,0.181792,0.0505611,0.143025,0.0316548,0.0222951,0.0925825,0,0,0,0.224863,0,0.0209081,1,0.0616357,0.160798,0.0380202,0.0354805,0.261438,0,0.965889,0,0.0774984
15.696689342,0.0205181,0,0.258868,0.0436124,0.198534,0.0115887,0.0119405,0.0631106,0.000379014,0.00313897,0,0.232592,0.00552627,0.0863597,1,0.00881771,0.152828,0.00340978,0.0567991,0.227824,0.00212872,0.833822,0.00920251,0.0997206
15.743129251,0.0424008,0,0.220596,0.0482739,0.42417,0.132308,0.0517502,0.0644752,0.0423773,0.0200136,0,0.231048,0.0114201,0.268959,1,0.00976018,0.256848,0.0495075,0.821655,0.247657,0.00962627,0.943619,0.0785114,0.114262
15.789569160,0.00600949,0,0.101014,0.0586441,0.254512,0.263318,0,0.0775108,0.00905335,0.0602353,0,0.349156,0.00161857,0.279412,0.562174,0.038794,0.16647,0.0985296,1,0.297728,0.00205652,0.705875,0.0968336,0.212146
15.836009070,0.000106445,0.00129682,0.0661238,0.0995299,0.273266,0.203714,0,0.0875075,0,0.0283356,0,0.39318,2.10604e-05,0.254823,0.344673,0.0755732,0.151098,0.0717115,1,0.336126,0,0.506581,0.0953754,0.226984
15.882448979,0.00032141,0.00217692,0.0457619,0.158663,0.181968,0.152364,0.00648453,0.0870597,0,0.0362667,0.00207194,0.419865,6.35917e-05,0.251618,0.310124,0.0558051,0.112151,0.0531156,1,0.334406,0,0.354508,0.0953716,0.239592
15.928888888,0.000494946,0.00161211,0.0232067,0.152794,0,0.111917,0.00436519,0.0880718,0.00627517,0.102772,0,0.404177,9.79259e-05,0.246078,0.321467,0.0476149,0.0588636,0.040155,1,0.338294,0.00142544,0.249661,0.0941941,0.240582
15.975328798,0.000589276,0,0,0.295128,0,0.00950633,0,0.0766786,0.109729,0.0642554,0.0669904,0.236982,0.000116589,0.209643,0.306431,0.0951525,0.044123,0.00355712,1,0.294531,0.0249257,0.300629,0.131546,0.166592
16.021768707,0.000565736,0.00170538,0.023856,0.372893,0.134986,0,0,0.0497173,0.106209,0.0187269,0.0932787,0.0908865,0.000111932,0.185779,0.309118,0.120225,0.0662709,0,1,0.19097,0.024126,0.280985,0.141744,0.0588791
16.068208616,0.000277561,0.00276299,0.0176969,0.336525,0.0531718,0,0,0.0611787,0.075392,0.0115606,0.0652745,0.157628,5.49159e-05,0.208651,0.300106,0.108499,0.0220619,0,1,0.234994,0.0171258,0.28356,0.126734,0.0998864
16.114648526,0,0.00243808,0.0016103,0.353411,0.0611562,0.00139066,0.0517704,0.0773033,0,0.00881589,0.0099081,0.175515,0,0.219088,0.271981,0.113944,0.0221027,0.000291045,1,0.296931,0,0.294721,0.0919532,0.108273
16.161088435,9.39492e-05,0.0151598,0.0374822,0.248,0.0543578,0.0219727,0.257105,0.0738007,0,0,0.085365,0.165323,1.8588e-05,0.238255,0.255207,0.0790638,0.0190072,0.00729612,1,0.283477,0,0.280237,0.104953,0.116218
16.207528344,0.00064303,0,0.212203,0.259163,0.039058,0.0409693,0.20235,0.06868,0,0,0.0871055,0.0970616,0.000127225,0.234675,0.316119,0.083557,0.0129208,0.0238254,1,0.263807,0,0.333135,0.101729,0.0682316
16.253968253,0.000599535,0.000884191,0.171944,0.276516,0,0.0469269,0.100599,0.0703748,0,0,0.0337477,0.29058,0.000118619,0.255548,0.355147,0.0873022,0.000876841,0.0389183,1,0.270318,0,0.400341,0.103804,0.200017
16.300408163,0,0.00179687,0.0167068,0.275483,0.125636,0.0260019,0.0720931,0.0887143,0,0.00699265,0,0.399893,0,0.256868,0.370545,0.086608,0.046064,0.0109354,1,0.231028,0,0.435803,0.138248,0.264915
16.346848072,0,0,0.00240525,0.173312,0.180742,0.00179695,0.0583532,0.121822,0,0.0176588,0,0.348287,0,0.226198,0.390858,0.0525695,0.112095,0.000376073,1,0.158969,0,0.418651,0.158987,0.244836
16.393287981,0.0142123,0,0.000147353,0.103183,0.0842735,0.154993,0.00544731,0.132983,0.0351607,0.0197867,0,0.177391,0.0038279,0.1781,0.383632,0.0299224,0.0921922,0.0579962,1,0.229473,0.00798696,0.326896,0.140478,0.106675
16.439727891,0.0470486,0,0,0.0485778,0.0587304,0.282017,0.00105414,0.132928,0.0471874,0.017454,0,0.173268,0.0126719,0.160028,0.370355,0.0125456,0.069334,0.105527,1,0.258491,0.0107189,0.236779,0.13144,0.0759726
16.486167800,0.0567966,0,0.00143179,0.0258996,0.119226,0.303207,0.00110396,0.12929,0,0.0248266,0,0.235903,0.0152974,0.168332,0.37066,0.00523648,0.0877845,0.113455,1,0.26502,0,0.269701,0.104574,0.106872
16.532607709,0.023092,0.000395437,0.0032609,0.0164688,0.132817,0.250426,0.0393538,0.067846,0,0.130454,0,0.290383,0.00621953,0.191373,0.41449,0.00332971,0.0907595,0.0895437,1,0.251712,0,0.358454,0.0910346,0.179217
16.579047619,0,0.0111194,0.0543557,0.0197026,0.0620338,0.232355,0.0589782,0.0436323,0,0.11828,0,0.27626,0,0.21475,0.475559,0.00398355,0.10305,0.0809213,1,0.167597,0,0.416332,0.089118,0.180578
16.625487528,0,0.00790732,0.261172,0.0195948,0.0955788,0.197497,0.171878,0.0409912,0.0551143,0.000505104,0.0397729,0.0707517,0,0.215493,0.424843,0.00396175,0.0970582,0.0718198,1,0.157452,0.0125196,0.343938,0.106977,0.0497365
16.671927437,0,0.0192937,0.296695,0.0103495,0.0651108,0.0812189,0.272238,0.0665423,0.0850644,0,0.0525814,0.0903537,0,0.230544,0.384215,0.00209249,0.0331309,0.0289843,1,0.255596,0.0193229,0.31736,0.116846,0.0635162
16.718367346,0,0.0190937,0.286156,0.0350681,0.0681086,0.00691035,0.31332,0.0908184,0.0479458,0,0.0601875,0.162867,0,0.240381,0.395234,0.0404688,0.0139825,0.00144623,1,0.29419,0.0108912,0.305899,0.127734,0.114491
16.764807256,0,0,0.373635,0.0588548,0.0442764,0.0639477,0.144676,0.0559104,0,0,0.142898,0.236445,0,0.253863,0.502893,0.0350409,0.0099712,0.0342047,1,0.214758,0,0.312859,0.164039,0.166215
